recipient,year,tiv_m,tier,source
India,2011,3625.0,Other,"SIPRI Arms Transfers Database, TIV of imports, retrieved 29 July 2026"
Saudi Arabia,2011,1176.0,Other,"SIPRI Arms Transfers Database, TIV of imports, retrieved 29 July 2026"
United Arab Emirates,2011,1217.0,Other,"SIPRI Arms Transfers Database, TIV of imports, retrieved 29 July 2026"
Australia,2011,1582.0,Indo-Pacific allies,"SIPRI Arms Transfers Database, TIV of imports, retrieved 29 July 2026"
Qatar,2011,190.0,Other,"SIPRI Arms Transfers Database, TIV of imports, retrieved 29 July 2026"
Egypt,2011,653.0,Other,"SIPRI Arms Transfers Database, TIV of imports, retrieved 29 July 2026"
China,2011,1033.0,Other,"SIPRI Arms Transfers Database, TIV of imports, retrieved 29 July 2026"
Pakistan,2011,1178.0,Other,"SIPRI Arms Transfers Database, TIV of imports, retrieved 29 July 2026"
South Korea,2011,1568.0,Indo-Pacific allies,"SIPRI Arms Transfers Database, TIV of imports, retrieved 29 July 2026"
United States,2011,937.0,Other,"SIPRI Arms Transfers Database, TIV of imports, retrieved 29 July 2026"
Algeria,2011,1133.0,Other,"SIPRI Arms Transfers Database, TIV of imports, retrieved 29 July 2026"
Japan,2011,300.0,Indo-Pacific allies,"SIPRI Arms Transfers Database, TIV of imports, retrieved 29 July 2026"
Turkiye,2011,794.0,NATO Europe,"SIPRI Arms Transfers Database, TIV of imports, retrieved 29 July 2026"
United Kingdom,2011,347.0,NATO Europe,"SIPRI Arms Transfers Database, TIV of imports, retrieved 29 July 2026"
Indonesia,2011,257.0,Other,"SIPRI Arms Transfers Database, TIV of imports, retrieved 29 July 2026"
Viet Nam,2011,1016.0,Other,"SIPRI Arms Transfers Database, TIV of imports, retrieved 29 July 2026"
Iraq,2011,623.0,Other,"SIPRI Arms Transfers Database, TIV of imports, retrieved 29 July 2026"
Israel,2011,86.0,Other,"SIPRI Arms Transfers Database, TIV of imports, retrieved 29 July 2026"
Poland,2011,141.0,NATO Europe,"SIPRI Arms Transfers Database, TIV of imports, retrieved 29 July 2026"
Singapore,2011,879.0,Other,"SIPRI Arms Transfers Database, TIV of imports, retrieved 29 July 2026"
Kuwait,2011,116.0,Other,"SIPRI Arms Transfers Database, TIV of imports, retrieved 29 July 2026"
Morocco,2011,1289.0,Other,"SIPRI Arms Transfers Database, TIV of imports, retrieved 29 July 2026"
Norway,2011,607.0,NATO Europe,"SIPRI Arms Transfers Database, TIV of imports, retrieved 29 July 2026"
Taiwan,2011,173.0,Indo-Pacific allies,"SIPRI Arms Transfers Database, TIV of imports, retrieved 29 July 2026"
Italy,2011,286.0,NATO Europe,"SIPRI Arms Transfers Database, TIV of imports, retrieved 29 July 2026"
Netherlands,2011,115.0,NATO Europe,"SIPRI Arms Transfers Database, TIV of imports, retrieved 29 July 2026"
Bangladesh,2011,120.0,Other,"SIPRI Arms Transfers Database, TIV of imports, retrieved 29 July 2026"
Azerbaijan,2011,569.0,Other,"SIPRI Arms Transfers Database, TIV of imports, retrieved 29 July 2026"
Greece,2011,70.0,NATO Europe,"SIPRI Arms Transfers Database, TIV of imports, retrieved 29 July 2026"
Thailand,2011,252.0,Indo-Pacific allies,"SIPRI Arms Transfers Database, TIV of imports, retrieved 29 July 2026"
Brazil,2011,231.0,Other,"SIPRI Arms Transfers Database, TIV of imports, retrieved 29 July 2026"
Canada,2011,356.0,Other,"SIPRI Arms Transfers Database, TIV of imports, retrieved 29 July 2026"
Myanmar,2011,668.0,Other,"SIPRI Arms Transfers Database, TIV of imports, retrieved 29 July 2026"
Germany,2011,79.0,NATO Europe,"SIPRI Arms Transfers Database, TIV of imports, retrieved 29 July 2026"
Philippines,2011,63.0,Indo-Pacific allies,"SIPRI Arms Transfers Database, TIV of imports, retrieved 29 July 2026"
Afghanistan,2011,632.0,Other,"SIPRI Arms Transfers Database, TIV of imports, retrieved 29 July 2026"
Kazakhstan,2011,63.0,Other,"SIPRI Arms Transfers Database, TIV of imports, retrieved 29 July 2026"
Oman,2011,21.0,Other,"SIPRI Arms Transfers Database, TIV of imports, retrieved 29 July 2026"
Venezuela,2011,600.0,Other,"SIPRI Arms Transfers Database, TIV of imports, retrieved 29 July 2026"
Belarus,2011,75.0,Other,"SIPRI Arms Transfers Database, TIV of imports, retrieved 29 July 2026"
Jordan,2011,211.0,Other,"SIPRI Arms Transfers Database, TIV of imports, retrieved 29 July 2026"
Denmark,2011,6.0,NATO Europe,"SIPRI Arms Transfers Database, TIV of imports, retrieved 29 July 2026"
Spain,2011,166.0,NATO Europe,"SIPRI Arms Transfers Database, TIV of imports, retrieved 29 July 2026"
Romania,2011,80.0,NATO Europe,"SIPRI Arms Transfers Database, TIV of imports, retrieved 29 July 2026"
Syria,2011,485.0,Other,"SIPRI Arms Transfers Database, TIV of imports, retrieved 29 July 2026"
Bahrain,2011,4.0,Other,"SIPRI Arms Transfers Database, TIV of imports, retrieved 29 July 2026"
Mexico,2011,225.0,Other,"SIPRI Arms Transfers Database, TIV of imports, retrieved 29 July 2026"
Belgium,2011,27.0,NATO Europe,"SIPRI Arms Transfers Database, TIV of imports, retrieved 29 July 2026"
France,2011,41.0,NATO Europe,"SIPRI Arms Transfers Database, TIV of imports, retrieved 29 July 2026"
Turkmenistan,2011,237.0,Other,"SIPRI Arms Transfers Database, TIV of imports, retrieved 29 July 2026"
Chile,2011,326.0,Other,"SIPRI Arms Transfers Database, TIV of imports, retrieved 29 July 2026"
Russia,2011,10.0,Other,"SIPRI Arms Transfers Database, TIV of imports, retrieved 29 July 2026"
Finland,2011,60.0,NATO Europe,"SIPRI Arms Transfers Database, TIV of imports, retrieved 29 July 2026"
Hungary,2011,8.0,NATO Europe,"SIPRI Arms Transfers Database, TIV of imports, retrieved 29 July 2026"
Sweden,2011,185.0,NATO Europe,"SIPRI Arms Transfers Database, TIV of imports, retrieved 29 July 2026"
Nigeria,2011,63.0,Other,"SIPRI Arms Transfers Database, TIV of imports, retrieved 29 July 2026"
Colombia,2011,145.0,Other,"SIPRI Arms Transfers Database, TIV of imports, retrieved 29 July 2026"
New Zealand,2011,28.0,Indo-Pacific allies,"SIPRI Arms Transfers Database, TIV of imports, retrieved 29 July 2026"
Malaysia,2011,4.0,Other,"SIPRI Arms Transfers Database, TIV of imports, retrieved 29 July 2026"
Sudan,2011,191.0,Other,"SIPRI Arms Transfers Database, TIV of imports, retrieved 29 July 2026"
Peru,2011,71.0,Other,"SIPRI Arms Transfers Database, TIV of imports, retrieved 29 July 2026"
Uganda,2011,468.0,Other,"SIPRI Arms Transfers Database, TIV of imports, retrieved 29 July 2026"
Ethiopia,2011,76.0,Other,"SIPRI Arms Transfers Database, TIV of imports, retrieved 29 July 2026"
Iran,2011,89.0,Other,"SIPRI Arms Transfers Database, TIV of imports, retrieved 29 July 2026"
Tunisia,2011,7.0,Other,"SIPRI Arms Transfers Database, TIV of imports, retrieved 29 July 2026"
Bulgaria,2011,29.0,NATO Europe,"SIPRI Arms Transfers Database, TIV of imports, retrieved 29 July 2026"
Portugal,2011,170.0,NATO Europe,"SIPRI Arms Transfers Database, TIV of imports, retrieved 29 July 2026"
Armenia,2011,5.0,Other,"SIPRI Arms Transfers Database, TIV of imports, retrieved 29 July 2026"
Estonia,2011,1.0,NATO Europe,"SIPRI Arms Transfers Database, TIV of imports, retrieved 29 July 2026"
Czechia,2011,112.0,NATO Europe,"SIPRI Arms Transfers Database, TIV of imports, retrieved 29 July 2026"
Senegal,2011,16.0,Other,"SIPRI Arms Transfers Database, TIV of imports, retrieved 29 July 2026"
Argentina,2011,16.0,Other,"SIPRI Arms Transfers Database, TIV of imports, retrieved 29 July 2026"
South Africa,2011,208.0,Other,"SIPRI Arms Transfers Database, TIV of imports, retrieved 29 July 2026"
Croatia,2011,18.0,NATO Europe,"SIPRI Arms Transfers Database, TIV of imports, retrieved 29 July 2026"
Tanzania,2011,78.0,Other,"SIPRI Arms Transfers Database, TIV of imports, retrieved 29 July 2026"
Brunei,2011,229.0,Other,"SIPRI Arms Transfers Database, TIV of imports, retrieved 29 July 2026"
Mali,2011,0.0,Other,"SIPRI Arms Transfers Database, TIV of imports, retrieved 29 July 2026"
Lebanon,2011,1.0,Other,"SIPRI Arms Transfers Database, TIV of imports, retrieved 29 July 2026"
Kenya,2011,35.0,Other,"SIPRI Arms Transfers Database, TIV of imports, retrieved 29 July 2026"
Ecuador,2011,70.0,Other,"SIPRI Arms Transfers Database, TIV of imports, retrieved 29 July 2026"
Sri Lanka,2011,21.0,Other,"SIPRI Arms Transfers Database, TIV of imports, retrieved 29 July 2026"
Ghana,2011,76.0,Other,"SIPRI Arms Transfers Database, TIV of imports, retrieved 29 July 2026"
Cyprus,2011,41.0,Other,"SIPRI Arms Transfers Database, TIV of imports, retrieved 29 July 2026"
Latvia,2011,27.0,NATO Europe,"SIPRI Arms Transfers Database, TIV of imports, retrieved 29 July 2026"
Libya,2011,8.0,Other,"SIPRI Arms Transfers Database, TIV of imports, retrieved 29 July 2026"
Laos,2011,15.0,Other,"SIPRI Arms Transfers Database, TIV of imports, retrieved 29 July 2026"
unknown recipient(s),2011,6.0,Other,"SIPRI Arms Transfers Database, TIV of imports, retrieved 29 July 2026"
Equatorial Guinea,2011,56.0,Other,"SIPRI Arms Transfers Database, TIV of imports, retrieved 29 July 2026"
Chad,2011,1.0,Other,"SIPRI Arms Transfers Database, TIV of imports, retrieved 29 July 2026"
Zambia,2011,1.0,Other,"SIPRI Arms Transfers Database, TIV of imports, retrieved 29 July 2026"
Mauritania,2011,5.0,Other,"SIPRI Arms Transfers Database, TIV of imports, retrieved 29 July 2026"
Mongolia,2011,3.0,Other,"SIPRI Arms Transfers Database, TIV of imports, retrieved 29 July 2026"
Burkina Faso,2011,16.0,Other,"SIPRI Arms Transfers Database, TIV of imports, retrieved 29 July 2026"
Bolivia,2011,25.0,Other,"SIPRI Arms Transfers Database, TIV of imports, retrieved 29 July 2026"
Austria,2011,6.0,Other,"SIPRI Arms Transfers Database, TIV of imports, retrieved 29 July 2026"
Yemen,2011,47.0,Other,"SIPRI Arms Transfers Database, TIV of imports, retrieved 29 July 2026"
South Sudan,2011,65.0,Other,"SIPRI Arms Transfers Database, TIV of imports, retrieved 29 July 2026"
Namibia,2011,1.0,Other,"SIPRI Arms Transfers Database, TIV of imports, retrieved 29 July 2026"
Switzerland,2011,24.0,Other,"SIPRI Arms Transfers Database, TIV of imports, retrieved 29 July 2026"
Mozambique,2011,0.0,Other,"SIPRI Arms Transfers Database, TIV of imports, retrieved 29 July 2026"
Trinidad and Tobago,2011,12.0,Other,"SIPRI Arms Transfers Database, TIV of imports, retrieved 29 July 2026"
Central African Republic,2011,7.0,Other,"SIPRI Arms Transfers Database, TIV of imports, retrieved 29 July 2026"
Malta,2011,8.0,Other,"SIPRI Arms Transfers Database, TIV of imports, retrieved 29 July 2026"
Georgia,2011,2.0,Other,"SIPRI Arms Transfers Database, TIV of imports, retrieved 29 July 2026"
Congo,2011,5.0,Other,"SIPRI Arms Transfers Database, TIV of imports, retrieved 29 July 2026"
Honduras,2011,0.0,Other,"SIPRI Arms Transfers Database, TIV of imports, retrieved 29 July 2026"
Nepal,2011,3.0,Other,"SIPRI Arms Transfers Database, TIV of imports, retrieved 29 July 2026"
Slovenia,2011,27.0,NATO Europe,"SIPRI Arms Transfers Database, TIV of imports, retrieved 29 July 2026"
Seychelles,2011,8.0,Other,"SIPRI Arms Transfers Database, TIV of imports, retrieved 29 July 2026"
Gabon,2011,5.0,Other,"SIPRI Arms Transfers Database, TIV of imports, retrieved 29 July 2026"
El Salvador,2011,2.0,Other,"SIPRI Arms Transfers Database, TIV of imports, retrieved 29 July 2026"
Dominican Republic,2011,12.0,Other,"SIPRI Arms Transfers Database, TIV of imports, retrieved 29 July 2026"
Iceland,2011,50.0,NATO Europe,"SIPRI Arms Transfers Database, TIV of imports, retrieved 29 July 2026"
Benin,2011,0.0,Other,"SIPRI Arms Transfers Database, TIV of imports, retrieved 29 July 2026"
Paraguay,2011,8.0,Other,"SIPRI Arms Transfers Database, TIV of imports, retrieved 29 July 2026"
Guinea,2011,1.0,Other,"SIPRI Arms Transfers Database, TIV of imports, retrieved 29 July 2026"
Timor-Leste,2011,14.0,Other,"SIPRI Arms Transfers Database, TIV of imports, retrieved 29 July 2026"
Sierra Leone,2011,2.0,Other,"SIPRI Arms Transfers Database, TIV of imports, retrieved 29 July 2026"
Hamas (Palestine)*,2011,2.0,Other,"SIPRI Arms Transfers Database, TIV of imports, retrieved 29 July 2026"
NTC (Libya)*,2011,1.0,Other,"SIPRI Arms Transfers Database, TIV of imports, retrieved 29 July 2026"
Total world import,2011,29928.0,World,"SIPRI Arms Transfers Database, TIV of imports, retrieved 29 July 2026"
India,2012,4506.0,Other,"SIPRI Arms Transfers Database, TIV of imports, retrieved 29 July 2026"
Saudi Arabia,2012,835.0,Other,"SIPRI Arms Transfers Database, TIV of imports, retrieved 29 July 2026"
United Arab Emirates,2012,1139.0,Other,"SIPRI Arms Transfers Database, TIV of imports, retrieved 29 July 2026"
Australia,2012,787.0,Indo-Pacific allies,"SIPRI Arms Transfers Database, TIV of imports, retrieved 29 July 2026"
Qatar,2012,335.0,Other,"SIPRI Arms Transfers Database, TIV of imports, retrieved 29 July 2026"
Egypt,2012,308.0,Other,"SIPRI Arms Transfers Database, TIV of imports, retrieved 29 July 2026"
China,2012,1542.0,Other,"SIPRI Arms Transfers Database, TIV of imports, retrieved 29 July 2026"
Pakistan,2012,1024.0,Other,"SIPRI Arms Transfers Database, TIV of imports, retrieved 29 July 2026"
South Korea,2012,1077.0,Indo-Pacific allies,"SIPRI Arms Transfers Database, TIV of imports, retrieved 29 July 2026"
United States,2012,1138.0,Other,"SIPRI Arms Transfers Database, TIV of imports, retrieved 29 July 2026"
Algeria,2012,662.0,Other,"SIPRI Arms Transfers Database, TIV of imports, retrieved 29 July 2026"
Japan,2012,239.0,Indo-Pacific allies,"SIPRI Arms Transfers Database, TIV of imports, retrieved 29 July 2026"
Turkiye,2012,1482.0,NATO Europe,"SIPRI Arms Transfers Database, TIV of imports, retrieved 29 July 2026"
United Kingdom,2012,566.0,NATO Europe,"SIPRI Arms Transfers Database, TIV of imports, retrieved 29 July 2026"
Indonesia,2012,162.0,Other,"SIPRI Arms Transfers Database, TIV of imports, retrieved 29 July 2026"
Viet Nam,2012,782.0,Other,"SIPRI Arms Transfers Database, TIV of imports, retrieved 29 July 2026"
Iraq,2012,523.0,Other,"SIPRI Arms Transfers Database, TIV of imports, retrieved 29 July 2026"
Israel,2012,137.0,Other,"SIPRI Arms Transfers Database, TIV of imports, retrieved 29 July 2026"
Poland,2012,227.0,NATO Europe,"SIPRI Arms Transfers Database, TIV of imports, retrieved 29 July 2026"
Singapore,2012,746.0,Other,"SIPRI Arms Transfers Database, TIV of imports, retrieved 29 July 2026"
Kuwait,2012,31.0,Other,"SIPRI Arms Transfers Database, TIV of imports, retrieved 29 July 2026"
Morocco,2012,1052.0,Other,"SIPRI Arms Transfers Database, TIV of imports, retrieved 29 July 2026"
Norway,2012,147.0,NATO Europe,"SIPRI Arms Transfers Database, TIV of imports, retrieved 29 July 2026"
Taiwan,2012,411.0,Indo-Pacific allies,"SIPRI Arms Transfers Database, TIV of imports, retrieved 29 July 2026"
Italy,2012,189.0,NATO Europe,"SIPRI Arms Transfers Database, TIV of imports, retrieved 29 July 2026"
Netherlands,2012,190.0,NATO Europe,"SIPRI Arms Transfers Database, TIV of imports, retrieved 29 July 2026"
Bangladesh,2012,199.0,Other,"SIPRI Arms Transfers Database, TIV of imports, retrieved 29 July 2026"
Azerbaijan,2012,397.0,Other,"SIPRI Arms Transfers Database, TIV of imports, retrieved 29 July 2026"
Greece,2012,19.0,NATO Europe,"SIPRI Arms Transfers Database, TIV of imports, retrieved 29 July 2026"
Thailand,2012,278.0,Indo-Pacific allies,"SIPRI Arms Transfers Database, TIV of imports, retrieved 29 July 2026"
Brazil,2012,317.0,Other,"SIPRI Arms Transfers Database, TIV of imports, retrieved 29 July 2026"
Canada,2012,207.0,Other,"SIPRI Arms Transfers Database, TIV of imports, retrieved 29 July 2026"
Myanmar,2012,398.0,Other,"SIPRI Arms Transfers Database, TIV of imports, retrieved 29 July 2026"
Germany,2012,140.0,NATO Europe,"SIPRI Arms Transfers Database, TIV of imports, retrieved 29 July 2026"
Philippines,2012,21.0,Indo-Pacific allies,"SIPRI Arms Transfers Database, TIV of imports, retrieved 29 July 2026"
Afghanistan,2012,518.0,Other,"SIPRI Arms Transfers Database, TIV of imports, retrieved 29 July 2026"
Kazakhstan,2012,96.0,Other,"SIPRI Arms Transfers Database, TIV of imports, retrieved 29 July 2026"
Oman,2012,127.0,Other,"SIPRI Arms Transfers Database, TIV of imports, retrieved 29 July 2026"
Venezuela,2012,692.0,Other,"SIPRI Arms Transfers Database, TIV of imports, retrieved 29 July 2026"
Belarus,2012,75.0,Other,"SIPRI Arms Transfers Database, TIV of imports, retrieved 29 July 2026"
Jordan,2012,185.0,Other,"SIPRI Arms Transfers Database, TIV of imports, retrieved 29 July 2026"
Denmark,2012,103.0,NATO Europe,"SIPRI Arms Transfers Database, TIV of imports, retrieved 29 July 2026"
Spain,2012,219.0,NATO Europe,"SIPRI Arms Transfers Database, TIV of imports, retrieved 29 July 2026"
Romania,2012,21.0,NATO Europe,"SIPRI Arms Transfers Database, TIV of imports, retrieved 29 July 2026"
Syria,2012,532.0,Other,"SIPRI Arms Transfers Database, TIV of imports, retrieved 29 July 2026"
Bahrain,2012,24.0,Other,"SIPRI Arms Transfers Database, TIV of imports, retrieved 29 July 2026"
Mexico,2012,260.0,Other,"SIPRI Arms Transfers Database, TIV of imports, retrieved 29 July 2026"
Belgium,2012,33.0,NATO Europe,"SIPRI Arms Transfers Database, TIV of imports, retrieved 29 July 2026"
France,2012,86.0,NATO Europe,"SIPRI Arms Transfers Database, TIV of imports, retrieved 29 July 2026"
Turkmenistan,2012,112.0,Other,"SIPRI Arms Transfers Database, TIV of imports, retrieved 29 July 2026"
Chile,2012,61.0,Other,"SIPRI Arms Transfers Database, TIV of imports, retrieved 29 July 2026"
Russia,2012,121.0,Other,"SIPRI Arms Transfers Database, TIV of imports, retrieved 29 July 2026"
Finland,2012,87.0,NATO Europe,"SIPRI Arms Transfers Database, TIV of imports, retrieved 29 July 2026"
Sweden,2012,202.0,NATO Europe,"SIPRI Arms Transfers Database, TIV of imports, retrieved 29 July 2026"
NATO**,2012,22.0,Other,"SIPRI Arms Transfers Database, TIV of imports, retrieved 29 July 2026"
Nigeria,2012,28.0,Other,"SIPRI Arms Transfers Database, TIV of imports, retrieved 29 July 2026"
Serbia,2012,0.0,Other,"SIPRI Arms Transfers Database, TIV of imports, retrieved 29 July 2026"
Colombia,2012,200.0,Other,"SIPRI Arms Transfers Database, TIV of imports, retrieved 29 July 2026"
New Zealand,2012,30.0,Indo-Pacific allies,"SIPRI Arms Transfers Database, TIV of imports, retrieved 29 July 2026"
Malaysia,2012,19.0,Other,"SIPRI Arms Transfers Database, TIV of imports, retrieved 29 July 2026"
Sudan,2012,119.0,Other,"SIPRI Arms Transfers Database, TIV of imports, retrieved 29 July 2026"
Peru,2012,5.0,Other,"SIPRI Arms Transfers Database, TIV of imports, retrieved 29 July 2026"
Uganda,2012,213.0,Other,"SIPRI Arms Transfers Database, TIV of imports, retrieved 29 July 2026"
Ethiopia,2012,193.0,Other,"SIPRI Arms Transfers Database, TIV of imports, retrieved 29 July 2026"
Slovakia,2012,2.0,NATO Europe,"SIPRI Arms Transfers Database, TIV of imports, retrieved 29 July 2026"
Iran,2012,39.0,Other,"SIPRI Arms Transfers Database, TIV of imports, retrieved 29 July 2026"
Bulgaria,2012,5.0,NATO Europe,"SIPRI Arms Transfers Database, TIV of imports, retrieved 29 July 2026"
Portugal,2012,42.0,NATO Europe,"SIPRI Arms Transfers Database, TIV of imports, retrieved 29 July 2026"
Estonia,2012,2.0,NATO Europe,"SIPRI Arms Transfers Database, TIV of imports, retrieved 29 July 2026"
Czechia,2012,44.0,NATO Europe,"SIPRI Arms Transfers Database, TIV of imports, retrieved 29 July 2026"
Argentina,2012,5.0,Other,"SIPRI Arms Transfers Database, TIV of imports, retrieved 29 July 2026"
South Africa,2012,127.0,Other,"SIPRI Arms Transfers Database, TIV of imports, retrieved 29 July 2026"
Croatia,2012,18.0,NATO Europe,"SIPRI Arms Transfers Database, TIV of imports, retrieved 29 July 2026"
Tanzania,2012,115.0,Other,"SIPRI Arms Transfers Database, TIV of imports, retrieved 29 July 2026"
Brunei,2012,20.0,Other,"SIPRI Arms Transfers Database, TIV of imports, retrieved 29 July 2026"
Mali,2012,9.0,Other,"SIPRI Arms Transfers Database, TIV of imports, retrieved 29 July 2026"
Lebanon,2012,31.0,Other,"SIPRI Arms Transfers Database, TIV of imports, retrieved 29 July 2026"
Kenya,2012,68.0,Other,"SIPRI Arms Transfers Database, TIV of imports, retrieved 29 July 2026"
Ecuador,2012,89.0,Other,"SIPRI Arms Transfers Database, TIV of imports, retrieved 29 July 2026"
Cameroon,2012,9.0,Other,"SIPRI Arms Transfers Database, TIV of imports, retrieved 29 July 2026"
Ghana,2012,39.0,Other,"SIPRI Arms Transfers Database, TIV of imports, retrieved 29 July 2026"
Cyprus,2012,6.0,Other,"SIPRI Arms Transfers Database, TIV of imports, retrieved 29 July 2026"
Latvia,2012,9.0,NATO Europe,"SIPRI Arms Transfers Database, TIV of imports, retrieved 29 July 2026"
Cambodia,2012,78.0,Other,"SIPRI Arms Transfers Database, TIV of imports, retrieved 29 July 2026"
Libya,2012,75.0,Other,"SIPRI Arms Transfers Database, TIV of imports, retrieved 29 July 2026"
Laos,2012,19.0,Other,"SIPRI Arms Transfers Database, TIV of imports, retrieved 29 July 2026"
Equatorial Guinea,2012,60.0,Other,"SIPRI Arms Transfers Database, TIV of imports, retrieved 29 July 2026"
Chad,2012,4.0,Other,"SIPRI Arms Transfers Database, TIV of imports, retrieved 29 July 2026"
Zambia,2012,61.0,Other,"SIPRI Arms Transfers Database, TIV of imports, retrieved 29 July 2026"
Mauritania,2012,11.0,Other,"SIPRI Arms Transfers Database, TIV of imports, retrieved 29 July 2026"
Mongolia,2012,78.0,Other,"SIPRI Arms Transfers Database, TIV of imports, retrieved 29 July 2026"
Rwanda,2012,5.0,Other,"SIPRI Arms Transfers Database, TIV of imports, retrieved 29 July 2026"
Burkina Faso,2012,3.0,Other,"SIPRI Arms Transfers Database, TIV of imports, retrieved 29 July 2026"
DR Congo,2012,15.0,Other,"SIPRI Arms Transfers Database, TIV of imports, retrieved 29 July 2026"
Bolivia,2012,12.0,Other,"SIPRI Arms Transfers Database, TIV of imports, retrieved 29 July 2026"
Austria,2012,6.0,Other,"SIPRI Arms Transfers Database, TIV of imports, retrieved 29 July 2026"
Yemen,2012,38.0,Other,"SIPRI Arms Transfers Database, TIV of imports, retrieved 29 July 2026"
South Sudan,2012,2.0,Other,"SIPRI Arms Transfers Database, TIV of imports, retrieved 29 July 2026"
Namibia,2012,57.0,Other,"SIPRI Arms Transfers Database, TIV of imports, retrieved 29 July 2026"
Switzerland,2012,2.0,Other,"SIPRI Arms Transfers Database, TIV of imports, retrieved 29 July 2026"
Botswana,2012,6.0,Other,"SIPRI Arms Transfers Database, TIV of imports, retrieved 29 July 2026"
Mozambique,2012,0.0,Other,"SIPRI Arms Transfers Database, TIV of imports, retrieved 29 July 2026"
Trinidad and Tobago,2012,12.0,Other,"SIPRI Arms Transfers Database, TIV of imports, retrieved 29 July 2026"
Djibouti,2012,6.0,Other,"SIPRI Arms Transfers Database, TIV of imports, retrieved 29 July 2026"
Albania,2012,15.0,NATO Europe,"SIPRI Arms Transfers Database, TIV of imports, retrieved 29 July 2026"
Malta,2012,8.0,Other,"SIPRI Arms Transfers Database, TIV of imports, retrieved 29 July 2026"
Georgia,2012,9.0,Other,"SIPRI Arms Transfers Database, TIV of imports, retrieved 29 July 2026"
Congo,2012,26.0,Other,"SIPRI Arms Transfers Database, TIV of imports, retrieved 29 July 2026"
Honduras,2012,0.0,Other,"SIPRI Arms Transfers Database, TIV of imports, retrieved 29 July 2026"
Guatemala,2012,2.0,Other,"SIPRI Arms Transfers Database, TIV of imports, retrieved 29 July 2026"
Gabon,2012,1.0,Other,"SIPRI Arms Transfers Database, TIV of imports, retrieved 29 July 2026"
El Salvador,2012,4.0,Other,"SIPRI Arms Transfers Database, TIV of imports, retrieved 29 July 2026"
Benin,2012,20.0,Other,"SIPRI Arms Transfers Database, TIV of imports, retrieved 29 July 2026"
Paraguay,2012,7.0,Other,"SIPRI Arms Transfers Database, TIV of imports, retrieved 29 July 2026"
Guinea,2012,4.0,Other,"SIPRI Arms Transfers Database, TIV of imports, retrieved 29 July 2026"
Malawi,2012,1.0,Other,"SIPRI Arms Transfers Database, TIV of imports, retrieved 29 July 2026"
Suriname,2012,0.0,Other,"SIPRI Arms Transfers Database, TIV of imports, retrieved 29 July 2026"
North Macedonia,2012,0.0,NATO Europe,"SIPRI Arms Transfers Database, TIV of imports, retrieved 29 July 2026"
Cabo Verde,2012,10.0,Other,"SIPRI Arms Transfers Database, TIV of imports, retrieved 29 July 2026"
Burundi,2012,5.0,Other,"SIPRI Arms Transfers Database, TIV of imports, retrieved 29 July 2026"
Sierra Leone,2012,0.0,Other,"SIPRI Arms Transfers Database, TIV of imports, retrieved 29 July 2026"
Syria rebels*,2012,1.0,Other,"SIPRI Arms Transfers Database, TIV of imports, retrieved 29 July 2026"
Comoros,2012,1.0,Other,"SIPRI Arms Transfers Database, TIV of imports, retrieved 29 July 2026"
Palestinian Islamic Jihad (Israel/Palestine)*,2012,0.0,Other,"SIPRI Arms Transfers Database, TIV of imports, retrieved 29 July 2026"
Total world import,2012,27937.0,World,"SIPRI Arms Transfers Database, TIV of imports, retrieved 29 July 2026"
India,2013,5302.0,Other,"SIPRI Arms Transfers Database, TIV of imports, retrieved 29 July 2026"
Saudi Arabia,2013,1686.0,Other,"SIPRI Arms Transfers Database, TIV of imports, retrieved 29 July 2026"
United Arab Emirates,2013,2324.0,Other,"SIPRI Arms Transfers Database, TIV of imports, retrieved 29 July 2026"
Australia,2013,220.0,Indo-Pacific allies,"SIPRI Arms Transfers Database, TIV of imports, retrieved 29 July 2026"
Qatar,2013,82.0,Other,"SIPRI Arms Transfers Database, TIV of imports, retrieved 29 July 2026"
Egypt,2013,719.0,Other,"SIPRI Arms Transfers Database, TIV of imports, retrieved 29 July 2026"
China,2013,1221.0,Other,"SIPRI Arms Transfers Database, TIV of imports, retrieved 29 July 2026"
Pakistan,2013,1112.0,Other,"SIPRI Arms Transfers Database, TIV of imports, retrieved 29 July 2026"
South Korea,2013,189.0,Indo-Pacific allies,"SIPRI Arms Transfers Database, TIV of imports, retrieved 29 July 2026"
United States,2013,767.0,Other,"SIPRI Arms Transfers Database, TIV of imports, retrieved 29 July 2026"
Algeria,2013,361.0,Other,"SIPRI Arms Transfers Database, TIV of imports, retrieved 29 July 2026"
Japan,2013,341.0,Indo-Pacific allies,"SIPRI Arms Transfers Database, TIV of imports, retrieved 29 July 2026"
Turkiye,2013,769.0,NATO Europe,"SIPRI Arms Transfers Database, TIV of imports, retrieved 29 July 2026"
United Kingdom,2013,509.0,NATO Europe,"SIPRI Arms Transfers Database, TIV of imports, retrieved 29 July 2026"
Indonesia,2013,833.0,Other,"SIPRI Arms Transfers Database, TIV of imports, retrieved 29 July 2026"
Viet Nam,2013,360.0,Other,"SIPRI Arms Transfers Database, TIV of imports, retrieved 29 July 2026"
Iraq,2013,375.0,Other,"SIPRI Arms Transfers Database, TIV of imports, retrieved 29 July 2026"
Israel,2013,160.0,Other,"SIPRI Arms Transfers Database, TIV of imports, retrieved 29 July 2026"
Poland,2013,146.0,NATO Europe,"SIPRI Arms Transfers Database, TIV of imports, retrieved 29 July 2026"
Singapore,2013,753.0,Other,"SIPRI Arms Transfers Database, TIV of imports, retrieved 29 July 2026"
Kuwait,2013,73.0,Other,"SIPRI Arms Transfers Database, TIV of imports, retrieved 29 July 2026"
Morocco,2013,62.0,Other,"SIPRI Arms Transfers Database, TIV of imports, retrieved 29 July 2026"
Norway,2013,51.0,NATO Europe,"SIPRI Arms Transfers Database, TIV of imports, retrieved 29 July 2026"
Taiwan,2013,614.0,Indo-Pacific allies,"SIPRI Arms Transfers Database, TIV of imports, retrieved 29 July 2026"
Italy,2013,71.0,NATO Europe,"SIPRI Arms Transfers Database, TIV of imports, retrieved 29 July 2026"
Netherlands,2013,488.0,NATO Europe,"SIPRI Arms Transfers Database, TIV of imports, retrieved 29 July 2026"
Bangladesh,2013,648.0,Other,"SIPRI Arms Transfers Database, TIV of imports, retrieved 29 July 2026"
Azerbaijan,2013,398.0,Other,"SIPRI Arms Transfers Database, TIV of imports, retrieved 29 July 2026"
Greece,2013,28.0,NATO Europe,"SIPRI Arms Transfers Database, TIV of imports, retrieved 29 July 2026"
Thailand,2013,383.0,Indo-Pacific allies,"SIPRI Arms Transfers Database, TIV of imports, retrieved 29 July 2026"
Brazil,2013,217.0,Other,"SIPRI Arms Transfers Database, TIV of imports, retrieved 29 July 2026"
Canada,2013,202.0,Other,"SIPRI Arms Transfers Database, TIV of imports, retrieved 29 July 2026"
Myanmar,2013,252.0,Other,"SIPRI Arms Transfers Database, TIV of imports, retrieved 29 July 2026"
Germany,2013,103.0,NATO Europe,"SIPRI Arms Transfers Database, TIV of imports, retrieved 29 July 2026"
Philippines,2013,83.0,Indo-Pacific allies,"SIPRI Arms Transfers Database, TIV of imports, retrieved 29 July 2026"
Afghanistan,2013,253.0,Other,"SIPRI Arms Transfers Database, TIV of imports, retrieved 29 July 2026"
Kazakhstan,2013,143.0,Other,"SIPRI Arms Transfers Database, TIV of imports, retrieved 29 July 2026"
Oman,2013,492.0,Other,"SIPRI Arms Transfers Database, TIV of imports, retrieved 29 July 2026"
Venezuela,2013,1006.0,Other,"SIPRI Arms Transfers Database, TIV of imports, retrieved 29 July 2026"
Belarus,2013,75.0,Other,"SIPRI Arms Transfers Database, TIV of imports, retrieved 29 July 2026"
Jordan,2013,72.0,Other,"SIPRI Arms Transfers Database, TIV of imports, retrieved 29 July 2026"
Denmark,2013,34.0,NATO Europe,"SIPRI Arms Transfers Database, TIV of imports, retrieved 29 July 2026"
Spain,2013,155.0,NATO Europe,"SIPRI Arms Transfers Database, TIV of imports, retrieved 29 July 2026"
Romania,2013,20.0,NATO Europe,"SIPRI Arms Transfers Database, TIV of imports, retrieved 29 July 2026"
Syria,2013,498.0,Other,"SIPRI Arms Transfers Database, TIV of imports, retrieved 29 July 2026"
Bahrain,2013,69.0,Other,"SIPRI Arms Transfers Database, TIV of imports, retrieved 29 July 2026"
Mexico,2013,52.0,Other,"SIPRI Arms Transfers Database, TIV of imports, retrieved 29 July 2026"
Belgium,2013,48.0,NATO Europe,"SIPRI Arms Transfers Database, TIV of imports, retrieved 29 July 2026"
France,2013,104.0,NATO Europe,"SIPRI Arms Transfers Database, TIV of imports, retrieved 29 July 2026"
Turkmenistan,2013,69.0,Other,"SIPRI Arms Transfers Database, TIV of imports, retrieved 29 July 2026"
Chile,2013,55.0,Other,"SIPRI Arms Transfers Database, TIV of imports, retrieved 29 July 2026"
Russia,2013,185.0,Other,"SIPRI Arms Transfers Database, TIV of imports, retrieved 29 July 2026"
Finland,2013,254.0,NATO Europe,"SIPRI Arms Transfers Database, TIV of imports, retrieved 29 July 2026"
Hungary,2013,2.0,NATO Europe,"SIPRI Arms Transfers Database, TIV of imports, retrieved 29 July 2026"
Sweden,2013,58.0,NATO Europe,"SIPRI Arms Transfers Database, TIV of imports, retrieved 29 July 2026"
Nigeria,2013,30.0,Other,"SIPRI Arms Transfers Database, TIV of imports, retrieved 29 July 2026"
Colombia,2013,173.0,Other,"SIPRI Arms Transfers Database, TIV of imports, retrieved 29 July 2026"
New Zealand,2013,26.0,Indo-Pacific allies,"SIPRI Arms Transfers Database, TIV of imports, retrieved 29 July 2026"
Malaysia,2013,82.0,Other,"SIPRI Arms Transfers Database, TIV of imports, retrieved 29 July 2026"
Sudan,2013,155.0,Other,"SIPRI Arms Transfers Database, TIV of imports, retrieved 29 July 2026"
Angola,2013,31.0,Other,"SIPRI Arms Transfers Database, TIV of imports, retrieved 29 July 2026"
Peru,2013,15.0,Other,"SIPRI Arms Transfers Database, TIV of imports, retrieved 29 July 2026"
Uganda,2013,20.0,Other,"SIPRI Arms Transfers Database, TIV of imports, retrieved 29 July 2026"
Ethiopia,2013,154.0,Other,"SIPRI Arms Transfers Database, TIV of imports, retrieved 29 July 2026"
Slovakia,2013,5.0,NATO Europe,"SIPRI Arms Transfers Database, TIV of imports, retrieved 29 July 2026"
Lithuania,2013,73.0,NATO Europe,"SIPRI Arms Transfers Database, TIV of imports, retrieved 29 July 2026"
Iran,2013,14.0,Other,"SIPRI Arms Transfers Database, TIV of imports, retrieved 29 July 2026"
Tunisia,2013,40.0,Other,"SIPRI Arms Transfers Database, TIV of imports, retrieved 29 July 2026"
Portugal,2013,11.0,NATO Europe,"SIPRI Arms Transfers Database, TIV of imports, retrieved 29 July 2026"
Armenia,2013,52.0,Other,"SIPRI Arms Transfers Database, TIV of imports, retrieved 29 July 2026"
Estonia,2013,18.0,NATO Europe,"SIPRI Arms Transfers Database, TIV of imports, retrieved 29 July 2026"
Czechia,2013,18.0,NATO Europe,"SIPRI Arms Transfers Database, TIV of imports, retrieved 29 July 2026"
Argentina,2013,13.0,Other,"SIPRI Arms Transfers Database, TIV of imports, retrieved 29 July 2026"
South Africa,2013,1.0,Other,"SIPRI Arms Transfers Database, TIV of imports, retrieved 29 July 2026"
Tanzania,2013,130.0,Other,"SIPRI Arms Transfers Database, TIV of imports, retrieved 29 July 2026"
Brunei,2013,15.0,Other,"SIPRI Arms Transfers Database, TIV of imports, retrieved 29 July 2026"
Mali,2013,7.0,Other,"SIPRI Arms Transfers Database, TIV of imports, retrieved 29 July 2026"
Lebanon,2013,27.0,Other,"SIPRI Arms Transfers Database, TIV of imports, retrieved 29 July 2026"
Kenya,2013,1.0,Other,"SIPRI Arms Transfers Database, TIV of imports, retrieved 29 July 2026"
Ecuador,2013,12.0,Other,"SIPRI Arms Transfers Database, TIV of imports, retrieved 29 July 2026"
Sri Lanka,2013,22.0,Other,"SIPRI Arms Transfers Database, TIV of imports, retrieved 29 July 2026"
Cameroon,2013,139.0,Other,"SIPRI Arms Transfers Database, TIV of imports, retrieved 29 July 2026"
Ghana,2013,52.0,Other,"SIPRI Arms Transfers Database, TIV of imports, retrieved 29 July 2026"
Latvia,2013,5.0,NATO Europe,"SIPRI Arms Transfers Database, TIV of imports, retrieved 29 July 2026"
Cambodia,2013,68.0,Other,"SIPRI Arms Transfers Database, TIV of imports, retrieved 29 July 2026"
Libya,2013,119.0,Other,"SIPRI Arms Transfers Database, TIV of imports, retrieved 29 July 2026"
Laos,2013,19.0,Other,"SIPRI Arms Transfers Database, TIV of imports, retrieved 29 July 2026"
unknown recipient(s),2013,32.0,Other,"SIPRI Arms Transfers Database, TIV of imports, retrieved 29 July 2026"
Equatorial Guinea,2013,2.0,Other,"SIPRI Arms Transfers Database, TIV of imports, retrieved 29 July 2026"
Chad,2013,59.0,Other,"SIPRI Arms Transfers Database, TIV of imports, retrieved 29 July 2026"
Rwanda,2013,15.0,Other,"SIPRI Arms Transfers Database, TIV of imports, retrieved 29 July 2026"
DR Congo,2013,1.0,Other,"SIPRI Arms Transfers Database, TIV of imports, retrieved 29 July 2026"
Bolivia,2013,1.0,Other,"SIPRI Arms Transfers Database, TIV of imports, retrieved 29 July 2026"
Austria,2013,5.0,Other,"SIPRI Arms Transfers Database, TIV of imports, retrieved 29 July 2026"
Yemen,2013,23.0,Other,"SIPRI Arms Transfers Database, TIV of imports, retrieved 29 July 2026"
South Sudan,2013,13.0,Other,"SIPRI Arms Transfers Database, TIV of imports, retrieved 29 July 2026"
Namibia,2013,9.0,Other,"SIPRI Arms Transfers Database, TIV of imports, retrieved 29 July 2026"
Botswana,2013,8.0,Other,"SIPRI Arms Transfers Database, TIV of imports, retrieved 29 July 2026"
Mozambique,2013,9.0,Other,"SIPRI Arms Transfers Database, TIV of imports, retrieved 29 July 2026"
Niger,2013,12.0,Other,"SIPRI Arms Transfers Database, TIV of imports, retrieved 29 July 2026"
Djibouti,2013,5.0,Other,"SIPRI Arms Transfers Database, TIV of imports, retrieved 29 July 2026"
Albania,2013,7.0,NATO Europe,"SIPRI Arms Transfers Database, TIV of imports, retrieved 29 July 2026"
Tajikistan,2013,4.0,Other,"SIPRI Arms Transfers Database, TIV of imports, retrieved 29 July 2026"
Jamaica,2013,1.0,Other,"SIPRI Arms Transfers Database, TIV of imports, retrieved 29 July 2026"
Georgia,2013,5.0,Other,"SIPRI Arms Transfers Database, TIV of imports, retrieved 29 July 2026"
Congo,2013,35.0,Other,"SIPRI Arms Transfers Database, TIV of imports, retrieved 29 July 2026"
Uruguay,2013,3.0,Other,"SIPRI Arms Transfers Database, TIV of imports, retrieved 29 July 2026"
Honduras,2013,20.0,Other,"SIPRI Arms Transfers Database, TIV of imports, retrieved 29 July 2026"
Seychelles,2013,10.0,Other,"SIPRI Arms Transfers Database, TIV of imports, retrieved 29 July 2026"
Gabon,2013,2.0,Other,"SIPRI Arms Transfers Database, TIV of imports, retrieved 29 July 2026"
El Salvador,2013,1.0,Other,"SIPRI Arms Transfers Database, TIV of imports, retrieved 29 July 2026"
Benin,2013,3.0,Other,"SIPRI Arms Transfers Database, TIV of imports, retrieved 29 July 2026"
Paraguay,2013,0.0,Other,"SIPRI Arms Transfers Database, TIV of imports, retrieved 29 July 2026"
United Nations**,2013,6.0,Other,"SIPRI Arms Transfers Database, TIV of imports, retrieved 29 July 2026"
Malawi,2013,3.0,Other,"SIPRI Arms Transfers Database, TIV of imports, retrieved 29 July 2026"
Somalia,2013,3.0,Other,"SIPRI Arms Transfers Database, TIV of imports, retrieved 29 July 2026"
Maldives,2013,5.0,Other,"SIPRI Arms Transfers Database, TIV of imports, retrieved 29 July 2026"
African Union**,2013,2.0,Other,"SIPRI Arms Transfers Database, TIV of imports, retrieved 29 July 2026"
Suriname,2013,7.0,Other,"SIPRI Arms Transfers Database, TIV of imports, retrieved 29 July 2026"
North Macedonia,2013,1.0,NATO Europe,"SIPRI Arms Transfers Database, TIV of imports, retrieved 29 July 2026"
Sierra Leone,2013,1.0,Other,"SIPRI Arms Transfers Database, TIV of imports, retrieved 29 July 2026"
Syria rebels*,2013,1.0,Other,"SIPRI Arms Transfers Database, TIV of imports, retrieved 29 July 2026"
Total world import,2013,27407.0,World,"SIPRI Arms Transfers Database, TIV of imports, retrieved 29 July 2026"
India,2014,3282.0,Other,"SIPRI Arms Transfers Database, TIV of imports, retrieved 29 July 2026"
Saudi Arabia,2014,2717.0,Other,"SIPRI Arms Transfers Database, TIV of imports, retrieved 29 July 2026"
United Arab Emirates,2014,736.0,Other,"SIPRI Arms Transfers Database, TIV of imports, retrieved 29 July 2026"
Australia,2014,848.0,Indo-Pacific allies,"SIPRI Arms Transfers Database, TIV of imports, retrieved 29 July 2026"
Qatar,2014,55.0,Other,"SIPRI Arms Transfers Database, TIV of imports, retrieved 29 July 2026"
Egypt,2014,430.0,Other,"SIPRI Arms Transfers Database, TIV of imports, retrieved 29 July 2026"
China,2014,1033.0,Other,"SIPRI Arms Transfers Database, TIV of imports, retrieved 29 July 2026"
Pakistan,2014,877.0,Other,"SIPRI Arms Transfers Database, TIV of imports, retrieved 29 July 2026"
Ukraine,2014,1.0,Other,"SIPRI Arms Transfers Database, TIV of imports, retrieved 29 July 2026"
South Korea,2014,742.0,Indo-Pacific allies,"SIPRI Arms Transfers Database, TIV of imports, retrieved 29 July 2026"
United States,2014,568.0,Other,"SIPRI Arms Transfers Database, TIV of imports, retrieved 29 July 2026"
Algeria,2014,715.0,Other,"SIPRI Arms Transfers Database, TIV of imports, retrieved 29 July 2026"
Japan,2014,316.0,Indo-Pacific allies,"SIPRI Arms Transfers Database, TIV of imports, retrieved 29 July 2026"
Turkiye,2014,1529.0,NATO Europe,"SIPRI Arms Transfers Database, TIV of imports, retrieved 29 July 2026"
United Kingdom,2014,217.0,NATO Europe,"SIPRI Arms Transfers Database, TIV of imports, retrieved 29 July 2026"
Indonesia,2014,1195.0,Other,"SIPRI Arms Transfers Database, TIV of imports, retrieved 29 July 2026"
Viet Nam,2014,1225.0,Other,"SIPRI Arms Transfers Database, TIV of imports, retrieved 29 July 2026"
Iraq,2014,629.0,Other,"SIPRI Arms Transfers Database, TIV of imports, retrieved 29 July 2026"
Israel,2014,549.0,Other,"SIPRI Arms Transfers Database, TIV of imports, retrieved 29 July 2026"
Poland,2014,275.0,NATO Europe,"SIPRI Arms Transfers Database, TIV of imports, retrieved 29 July 2026"
Singapore,2014,66.0,Other,"SIPRI Arms Transfers Database, TIV of imports, retrieved 29 July 2026"
Kuwait,2014,701.0,Other,"SIPRI Arms Transfers Database, TIV of imports, retrieved 29 July 2026"
Morocco,2014,572.0,Other,"SIPRI Arms Transfers Database, TIV of imports, retrieved 29 July 2026"
Norway,2014,16.0,NATO Europe,"SIPRI Arms Transfers Database, TIV of imports, retrieved 29 July 2026"
Taiwan,2014,1082.0,Indo-Pacific allies,"SIPRI Arms Transfers Database, TIV of imports, retrieved 29 July 2026"
Italy,2014,127.0,NATO Europe,"SIPRI Arms Transfers Database, TIV of imports, retrieved 29 July 2026"
Netherlands,2014,8.0,NATO Europe,"SIPRI Arms Transfers Database, TIV of imports, retrieved 29 July 2026"
Bangladesh,2014,207.0,Other,"SIPRI Arms Transfers Database, TIV of imports, retrieved 29 July 2026"
Azerbaijan,2014,642.0,Other,"SIPRI Arms Transfers Database, TIV of imports, retrieved 29 July 2026"
Greece,2014,204.0,NATO Europe,"SIPRI Arms Transfers Database, TIV of imports, retrieved 29 July 2026"
Thailand,2014,107.0,Indo-Pacific allies,"SIPRI Arms Transfers Database, TIV of imports, retrieved 29 July 2026"
Brazil,2014,201.0,Other,"SIPRI Arms Transfers Database, TIV of imports, retrieved 29 July 2026"
Canada,2014,316.0,Other,"SIPRI Arms Transfers Database, TIV of imports, retrieved 29 July 2026"
Myanmar,2014,112.0,Other,"SIPRI Arms Transfers Database, TIV of imports, retrieved 29 July 2026"
Germany,2014,77.0,NATO Europe,"SIPRI Arms Transfers Database, TIV of imports, retrieved 29 July 2026"
Philippines,2014,12.0,Indo-Pacific allies,"SIPRI Arms Transfers Database, TIV of imports, retrieved 29 July 2026"
Afghanistan,2014,323.0,Other,"SIPRI Arms Transfers Database, TIV of imports, retrieved 29 July 2026"
Kazakhstan,2014,83.0,Other,"SIPRI Arms Transfers Database, TIV of imports, retrieved 29 July 2026"
Oman,2014,719.0,Other,"SIPRI Arms Transfers Database, TIV of imports, retrieved 29 July 2026"
Venezuela,2014,186.0,Other,"SIPRI Arms Transfers Database, TIV of imports, retrieved 29 July 2026"
Belarus,2014,66.0,Other,"SIPRI Arms Transfers Database, TIV of imports, retrieved 29 July 2026"
Jordan,2014,194.0,Other,"SIPRI Arms Transfers Database, TIV of imports, retrieved 29 July 2026"
Denmark,2014,176.0,NATO Europe,"SIPRI Arms Transfers Database, TIV of imports, retrieved 29 July 2026"
Spain,2014,109.0,NATO Europe,"SIPRI Arms Transfers Database, TIV of imports, retrieved 29 July 2026"
Romania,2014,0.0,NATO Europe,"SIPRI Arms Transfers Database, TIV of imports, retrieved 29 July 2026"
Syria,2014,7.0,Other,"SIPRI Arms Transfers Database, TIV of imports, retrieved 29 July 2026"
Bahrain,2014,1.0,Other,"SIPRI Arms Transfers Database, TIV of imports, retrieved 29 July 2026"
Mexico,2014,89.0,Other,"SIPRI Arms Transfers Database, TIV of imports, retrieved 29 July 2026"
Belgium,2014,99.0,NATO Europe,"SIPRI Arms Transfers Database, TIV of imports, retrieved 29 July 2026"
France,2014,17.0,NATO Europe,"SIPRI Arms Transfers Database, TIV of imports, retrieved 29 July 2026"
Turkmenistan,2014,72.0,Other,"SIPRI Arms Transfers Database, TIV of imports, retrieved 29 July 2026"
Chile,2014,135.0,Other,"SIPRI Arms Transfers Database, TIV of imports, retrieved 29 July 2026"
Russia,2014,207.0,Other,"SIPRI Arms Transfers Database, TIV of imports, retrieved 29 July 2026"
Finland,2014,182.0,NATO Europe,"SIPRI Arms Transfers Database, TIV of imports, retrieved 29 July 2026"
Hungary,2014,7.0,NATO Europe,"SIPRI Arms Transfers Database, TIV of imports, retrieved 29 July 2026"
Sweden,2014,48.0,NATO Europe,"SIPRI Arms Transfers Database, TIV of imports, retrieved 29 July 2026"
Nigeria,2014,236.0,Other,"SIPRI Arms Transfers Database, TIV of imports, retrieved 29 July 2026"
Colombia,2014,170.0,Other,"SIPRI Arms Transfers Database, TIV of imports, retrieved 29 July 2026"
New Zealand,2014,84.0,Indo-Pacific allies,"SIPRI Arms Transfers Database, TIV of imports, retrieved 29 July 2026"
Malaysia,2014,75.0,Other,"SIPRI Arms Transfers Database, TIV of imports, retrieved 29 July 2026"
Sudan,2014,70.0,Other,"SIPRI Arms Transfers Database, TIV of imports, retrieved 29 July 2026"
Angola,2014,2.0,Other,"SIPRI Arms Transfers Database, TIV of imports, retrieved 29 July 2026"
Peru,2014,153.0,Other,"SIPRI Arms Transfers Database, TIV of imports, retrieved 29 July 2026"
Uganda,2014,2.0,Other,"SIPRI Arms Transfers Database, TIV of imports, retrieved 29 July 2026"
Ethiopia,2014,33.0,Other,"SIPRI Arms Transfers Database, TIV of imports, retrieved 29 July 2026"
Lithuania,2014,10.0,NATO Europe,"SIPRI Arms Transfers Database, TIV of imports, retrieved 29 July 2026"
Iran,2014,14.0,Other,"SIPRI Arms Transfers Database, TIV of imports, retrieved 29 July 2026"
Tunisia,2014,50.0,Other,"SIPRI Arms Transfers Database, TIV of imports, retrieved 29 July 2026"
Uzbekistan,2014,19.0,Other,"SIPRI Arms Transfers Database, TIV of imports, retrieved 29 July 2026"
Portugal,2014,3.0,NATO Europe,"SIPRI Arms Transfers Database, TIV of imports, retrieved 29 July 2026"
Estonia,2014,2.0,NATO Europe,"SIPRI Arms Transfers Database, TIV of imports, retrieved 29 July 2026"
Senegal,2014,9.0,Other,"SIPRI Arms Transfers Database, TIV of imports, retrieved 29 July 2026"
Argentina,2014,6.0,Other,"SIPRI Arms Transfers Database, TIV of imports, retrieved 29 July 2026"
South Africa,2014,50.0,Other,"SIPRI Arms Transfers Database, TIV of imports, retrieved 29 July 2026"
Croatia,2014,27.0,NATO Europe,"SIPRI Arms Transfers Database, TIV of imports, retrieved 29 July 2026"
Tanzania,2014,14.0,Other,"SIPRI Arms Transfers Database, TIV of imports, retrieved 29 July 2026"
Brunei,2014,121.0,Other,"SIPRI Arms Transfers Database, TIV of imports, retrieved 29 July 2026"
Mali,2014,1.0,Other,"SIPRI Arms Transfers Database, TIV of imports, retrieved 29 July 2026"
Lebanon,2014,6.0,Other,"SIPRI Arms Transfers Database, TIV of imports, retrieved 29 July 2026"
Kenya,2014,17.0,Other,"SIPRI Arms Transfers Database, TIV of imports, retrieved 29 July 2026"
House of Representatives (Libya)*,2014,19.0,Other,"SIPRI Arms Transfers Database, TIV of imports, retrieved 29 July 2026"
Ecuador,2014,56.0,Other,"SIPRI Arms Transfers Database, TIV of imports, retrieved 29 July 2026"
Sri Lanka,2014,5.0,Other,"SIPRI Arms Transfers Database, TIV of imports, retrieved 29 July 2026"
Cameroon,2014,124.0,Other,"SIPRI Arms Transfers Database, TIV of imports, retrieved 29 July 2026"
Ghana,2014,17.0,Other,"SIPRI Arms Transfers Database, TIV of imports, retrieved 29 July 2026"
Latvia,2014,5.0,NATO Europe,"SIPRI Arms Transfers Database, TIV of imports, retrieved 29 July 2026"
Ireland,2014,40.0,Other,"SIPRI Arms Transfers Database, TIV of imports, retrieved 29 July 2026"
unknown recipient(s),2014,33.0,Other,"SIPRI Arms Transfers Database, TIV of imports, retrieved 29 July 2026"
Equatorial Guinea,2014,92.0,Other,"SIPRI Arms Transfers Database, TIV of imports, retrieved 29 July 2026"
Chad,2014,58.0,Other,"SIPRI Arms Transfers Database, TIV of imports, retrieved 29 July 2026"
Mauritania,2014,8.0,Other,"SIPRI Arms Transfers Database, TIV of imports, retrieved 29 July 2026"
Rwanda,2014,15.0,Other,"SIPRI Arms Transfers Database, TIV of imports, retrieved 29 July 2026"
Bolivia,2014,46.0,Other,"SIPRI Arms Transfers Database, TIV of imports, retrieved 29 July 2026"
Cote d'Ivoire,2014,6.0,Other,"SIPRI Arms Transfers Database, TIV of imports, retrieved 29 July 2026"
Austria,2014,2.0,Other,"SIPRI Arms Transfers Database, TIV of imports, retrieved 29 July 2026"
Yemen,2014,6.0,Other,"SIPRI Arms Transfers Database, TIV of imports, retrieved 29 July 2026"
South Sudan,2014,41.0,Other,"SIPRI Arms Transfers Database, TIV of imports, retrieved 29 July 2026"
Namibia,2014,2.0,Other,"SIPRI Arms Transfers Database, TIV of imports, retrieved 29 July 2026"
Switzerland,2014,5.0,Other,"SIPRI Arms Transfers Database, TIV of imports, retrieved 29 July 2026"
Mozambique,2014,16.0,Other,"SIPRI Arms Transfers Database, TIV of imports, retrieved 29 July 2026"
Nicaragua,2014,13.0,Other,"SIPRI Arms Transfers Database, TIV of imports, retrieved 29 July 2026"
Niger,2014,3.0,Other,"SIPRI Arms Transfers Database, TIV of imports, retrieved 29 July 2026"
Djibouti,2014,15.0,Other,"SIPRI Arms Transfers Database, TIV of imports, retrieved 29 July 2026"
Albania,2014,7.0,NATO Europe,"SIPRI Arms Transfers Database, TIV of imports, retrieved 29 July 2026"
Togo,2014,15.0,Other,"SIPRI Arms Transfers Database, TIV of imports, retrieved 29 July 2026"
Malta,2014,12.0,Other,"SIPRI Arms Transfers Database, TIV of imports, retrieved 29 July 2026"
Georgia,2014,1.0,Other,"SIPRI Arms Transfers Database, TIV of imports, retrieved 29 July 2026"
Congo,2014,6.0,Other,"SIPRI Arms Transfers Database, TIV of imports, retrieved 29 July 2026"
Uruguay,2014,9.0,Other,"SIPRI Arms Transfers Database, TIV of imports, retrieved 29 July 2026"
Honduras,2014,13.0,Other,"SIPRI Arms Transfers Database, TIV of imports, retrieved 29 July 2026"
Nepal,2014,5.0,Other,"SIPRI Arms Transfers Database, TIV of imports, retrieved 29 July 2026"
Slovenia,2014,1.0,NATO Europe,"SIPRI Arms Transfers Database, TIV of imports, retrieved 29 July 2026"
Mauritius,2014,28.0,Other,"SIPRI Arms Transfers Database, TIV of imports, retrieved 29 July 2026"
Bahamas,2014,30.0,Other,"SIPRI Arms Transfers Database, TIV of imports, retrieved 29 July 2026"
Seychelles,2014,16.0,Other,"SIPRI Arms Transfers Database, TIV of imports, retrieved 29 July 2026"
El Salvador,2014,21.0,Other,"SIPRI Arms Transfers Database, TIV of imports, retrieved 29 July 2026"
United Nations**,2014,23.0,Other,"SIPRI Arms Transfers Database, TIV of imports, retrieved 29 July 2026"
Kosovo,2014,1.0,Other,"SIPRI Arms Transfers Database, TIV of imports, retrieved 29 July 2026"
Papua New Guinea,2014,3.0,Other,"SIPRI Arms Transfers Database, TIV of imports, retrieved 29 July 2026"
Guinea,2014,5.0,Other,"SIPRI Arms Transfers Database, TIV of imports, retrieved 29 July 2026"
Malawi,2014,2.0,Other,"SIPRI Arms Transfers Database, TIV of imports, retrieved 29 July 2026"
Ukraine Rebels*,2014,24.0,Other,"SIPRI Arms Transfers Database, TIV of imports, retrieved 29 July 2026"
Syria rebels*,2014,0.0,Other,"SIPRI Arms Transfers Database, TIV of imports, retrieved 29 July 2026"
United Wa State (Myanmar)*,2014,2.0,Other,"SIPRI Arms Transfers Database, TIV of imports, retrieved 29 July 2026"
Hamas (Palestine)*,2014,0.0,Other,"SIPRI Arms Transfers Database, TIV of imports, retrieved 29 July 2026"
Kurdistan Regional Government (Iraq)*,2014,1.0,Other,"SIPRI Arms Transfers Database, TIV of imports, retrieved 29 July 2026"
OSCE**,2014,1.0,Other,"SIPRI Arms Transfers Database, TIV of imports, retrieved 29 July 2026"
PRC (Israel/Palestine)*,2014,0.0,Other,"SIPRI Arms Transfers Database, TIV of imports, retrieved 29 July 2026"
Total world import,2014,27127.0,World,"SIPRI Arms Transfers Database, TIV of imports, retrieved 29 July 2026"
India,2015,2733.0,Other,"SIPRI Arms Transfers Database, TIV of imports, retrieved 29 July 2026"
Saudi Arabia,2015,3474.0,Other,"SIPRI Arms Transfers Database, TIV of imports, retrieved 29 July 2026"
United Arab Emirates,2015,1691.0,Other,"SIPRI Arms Transfers Database, TIV of imports, retrieved 29 July 2026"
Australia,2015,1445.0,Indo-Pacific allies,"SIPRI Arms Transfers Database, TIV of imports, retrieved 29 July 2026"
Qatar,2015,490.0,Other,"SIPRI Arms Transfers Database, TIV of imports, retrieved 29 July 2026"
Egypt,2015,1443.0,Other,"SIPRI Arms Transfers Database, TIV of imports, retrieved 29 July 2026"
China,2015,1190.0,Other,"SIPRI Arms Transfers Database, TIV of imports, retrieved 29 July 2026"
Pakistan,2015,771.0,Other,"SIPRI Arms Transfers Database, TIV of imports, retrieved 29 July 2026"
Ukraine,2015,22.0,Other,"SIPRI Arms Transfers Database, TIV of imports, retrieved 29 July 2026"
South Korea,2015,268.0,Indo-Pacific allies,"SIPRI Arms Transfers Database, TIV of imports, retrieved 29 July 2026"
United States,2015,482.0,Other,"SIPRI Arms Transfers Database, TIV of imports, retrieved 29 July 2026"
Algeria,2015,897.0,Other,"SIPRI Arms Transfers Database, TIV of imports, retrieved 29 July 2026"
Japan,2015,343.0,Indo-Pacific allies,"SIPRI Arms Transfers Database, TIV of imports, retrieved 29 July 2026"
Turkiye,2015,446.0,NATO Europe,"SIPRI Arms Transfers Database, TIV of imports, retrieved 29 July 2026"
United Kingdom,2015,424.0,NATO Europe,"SIPRI Arms Transfers Database, TIV of imports, retrieved 29 July 2026"
Indonesia,2015,438.0,Other,"SIPRI Arms Transfers Database, TIV of imports, retrieved 29 July 2026"
Viet Nam,2015,869.0,Other,"SIPRI Arms Transfers Database, TIV of imports, retrieved 29 July 2026"
Iraq,2015,1488.0,Other,"SIPRI Arms Transfers Database, TIV of imports, retrieved 29 July 2026"
Israel,2015,694.0,Other,"SIPRI Arms Transfers Database, TIV of imports, retrieved 29 July 2026"
Poland,2015,127.0,NATO Europe,"SIPRI Arms Transfers Database, TIV of imports, retrieved 29 July 2026"
Singapore,2015,152.0,Other,"SIPRI Arms Transfers Database, TIV of imports, retrieved 29 July 2026"
Kuwait,2015,317.0,Other,"SIPRI Arms Transfers Database, TIV of imports, retrieved 29 July 2026"
Morocco,2015,47.0,Other,"SIPRI Arms Transfers Database, TIV of imports, retrieved 29 July 2026"
Norway,2015,143.0,NATO Europe,"SIPRI Arms Transfers Database, TIV of imports, retrieved 29 July 2026"
Taiwan,2015,535.0,Indo-Pacific allies,"SIPRI Arms Transfers Database, TIV of imports, retrieved 29 July 2026"
Italy,2015,237.0,NATO Europe,"SIPRI Arms Transfers Database, TIV of imports, retrieved 29 July 2026"
Netherlands,2015,51.0,NATO Europe,"SIPRI Arms Transfers Database, TIV of imports, retrieved 29 July 2026"
Bangladesh,2015,638.0,Other,"SIPRI Arms Transfers Database, TIV of imports, retrieved 29 July 2026"
Azerbaijan,2015,351.0,Other,"SIPRI Arms Transfers Database, TIV of imports, retrieved 29 July 2026"
Greece,2015,728.0,NATO Europe,"SIPRI Arms Transfers Database, TIV of imports, retrieved 29 July 2026"
Thailand,2015,184.0,Indo-Pacific allies,"SIPRI Arms Transfers Database, TIV of imports, retrieved 29 July 2026"
Brazil,2015,202.0,Other,"SIPRI Arms Transfers Database, TIV of imports, retrieved 29 July 2026"
Canada,2015,408.0,Other,"SIPRI Arms Transfers Database, TIV of imports, retrieved 29 July 2026"
Myanmar,2015,258.0,Other,"SIPRI Arms Transfers Database, TIV of imports, retrieved 29 July 2026"
Germany,2015,119.0,NATO Europe,"SIPRI Arms Transfers Database, TIV of imports, retrieved 29 July 2026"
Philippines,2015,153.0,Indo-Pacific allies,"SIPRI Arms Transfers Database, TIV of imports, retrieved 29 July 2026"
Afghanistan,2015,131.0,Other,"SIPRI Arms Transfers Database, TIV of imports, retrieved 29 July 2026"
Kazakhstan,2015,446.0,Other,"SIPRI Arms Transfers Database, TIV of imports, retrieved 29 July 2026"
Oman,2015,152.0,Other,"SIPRI Arms Transfers Database, TIV of imports, retrieved 29 July 2026"
Venezuela,2015,138.0,Other,"SIPRI Arms Transfers Database, TIV of imports, retrieved 29 July 2026"
Belarus,2015,98.0,Other,"SIPRI Arms Transfers Database, TIV of imports, retrieved 29 July 2026"
Jordan,2015,228.0,Other,"SIPRI Arms Transfers Database, TIV of imports, retrieved 29 July 2026"
Denmark,2015,42.0,NATO Europe,"SIPRI Arms Transfers Database, TIV of imports, retrieved 29 July 2026"
Spain,2015,152.0,NATO Europe,"SIPRI Arms Transfers Database, TIV of imports, retrieved 29 July 2026"
Romania,2015,22.0,NATO Europe,"SIPRI Arms Transfers Database, TIV of imports, retrieved 29 July 2026"
Syria,2015,16.0,Other,"SIPRI Arms Transfers Database, TIV of imports, retrieved 29 July 2026"
Bahrain,2015,17.0,Other,"SIPRI Arms Transfers Database, TIV of imports, retrieved 29 July 2026"
Mexico,2015,324.0,Other,"SIPRI Arms Transfers Database, TIV of imports, retrieved 29 July 2026"
Belgium,2015,52.0,NATO Europe,"SIPRI Arms Transfers Database, TIV of imports, retrieved 29 July 2026"
France,2015,36.0,NATO Europe,"SIPRI Arms Transfers Database, TIV of imports, retrieved 29 July 2026"
Turkmenistan,2015,169.0,Other,"SIPRI Arms Transfers Database, TIV of imports, retrieved 29 July 2026"
Chile,2015,135.0,Other,"SIPRI Arms Transfers Database, TIV of imports, retrieved 29 July 2026"
Russia,2015,113.0,Other,"SIPRI Arms Transfers Database, TIV of imports, retrieved 29 July 2026"
Finland,2015,268.0,NATO Europe,"SIPRI Arms Transfers Database, TIV of imports, retrieved 29 July 2026"
Sweden,2015,24.0,NATO Europe,"SIPRI Arms Transfers Database, TIV of imports, retrieved 29 July 2026"
Nigeria,2015,188.0,Other,"SIPRI Arms Transfers Database, TIV of imports, retrieved 29 July 2026"
Colombia,2015,193.0,Other,"SIPRI Arms Transfers Database, TIV of imports, retrieved 29 July 2026"
New Zealand,2015,89.0,Indo-Pacific allies,"SIPRI Arms Transfers Database, TIV of imports, retrieved 29 July 2026"
Malaysia,2015,118.0,Other,"SIPRI Arms Transfers Database, TIV of imports, retrieved 29 July 2026"
Sudan,2015,136.0,Other,"SIPRI Arms Transfers Database, TIV of imports, retrieved 29 July 2026"
Angola,2015,49.0,Other,"SIPRI Arms Transfers Database, TIV of imports, retrieved 29 July 2026"
Peru,2015,211.0,Other,"SIPRI Arms Transfers Database, TIV of imports, retrieved 29 July 2026"
Uganda,2015,7.0,Other,"SIPRI Arms Transfers Database, TIV of imports, retrieved 29 July 2026"
Ethiopia,2015,10.0,Other,"SIPRI Arms Transfers Database, TIV of imports, retrieved 29 July 2026"
Lithuania,2015,14.0,NATO Europe,"SIPRI Arms Transfers Database, TIV of imports, retrieved 29 July 2026"
Iran,2015,11.0,Other,"SIPRI Arms Transfers Database, TIV of imports, retrieved 29 July 2026"
Tunisia,2015,7.0,Other,"SIPRI Arms Transfers Database, TIV of imports, retrieved 29 July 2026"
Bulgaria,2015,4.0,NATO Europe,"SIPRI Arms Transfers Database, TIV of imports, retrieved 29 July 2026"
Uzbekistan,2015,100.0,Other,"SIPRI Arms Transfers Database, TIV of imports, retrieved 29 July 2026"
Portugal,2015,1.0,NATO Europe,"SIPRI Arms Transfers Database, TIV of imports, retrieved 29 July 2026"
Estonia,2015,18.0,NATO Europe,"SIPRI Arms Transfers Database, TIV of imports, retrieved 29 July 2026"
Senegal,2015,24.0,Other,"SIPRI Arms Transfers Database, TIV of imports, retrieved 29 July 2026"
Argentina,2015,18.0,Other,"SIPRI Arms Transfers Database, TIV of imports, retrieved 29 July 2026"
South Africa,2015,2.0,Other,"SIPRI Arms Transfers Database, TIV of imports, retrieved 29 July 2026"
Croatia,2015,11.0,NATO Europe,"SIPRI Arms Transfers Database, TIV of imports, retrieved 29 July 2026"
Tanzania,2015,20.0,Other,"SIPRI Arms Transfers Database, TIV of imports, retrieved 29 July 2026"
Brunei,2015,36.0,Other,"SIPRI Arms Transfers Database, TIV of imports, retrieved 29 July 2026"
Lebanon,2015,48.0,Other,"SIPRI Arms Transfers Database, TIV of imports, retrieved 29 July 2026"
Kenya,2015,30.0,Other,"SIPRI Arms Transfers Database, TIV of imports, retrieved 29 July 2026"
House of Representatives (Libya)*,2015,37.0,Other,"SIPRI Arms Transfers Database, TIV of imports, retrieved 29 July 2026"
Ecuador,2015,27.0,Other,"SIPRI Arms Transfers Database, TIV of imports, retrieved 29 July 2026"
Cameroon,2015,10.0,Other,"SIPRI Arms Transfers Database, TIV of imports, retrieved 29 July 2026"
Ghana,2015,13.0,Other,"SIPRI Arms Transfers Database, TIV of imports, retrieved 29 July 2026"
Latvia,2015,3.0,NATO Europe,"SIPRI Arms Transfers Database, TIV of imports, retrieved 29 July 2026"
Laos,2015,7.0,Other,"SIPRI Arms Transfers Database, TIV of imports, retrieved 29 July 2026"
Ireland,2015,43.0,Other,"SIPRI Arms Transfers Database, TIV of imports, retrieved 29 July 2026"
unknown recipient(s),2015,13.0,Other,"SIPRI Arms Transfers Database, TIV of imports, retrieved 29 July 2026"
Chad,2015,1.0,Other,"SIPRI Arms Transfers Database, TIV of imports, retrieved 29 July 2026"
Zambia,2015,15.0,Other,"SIPRI Arms Transfers Database, TIV of imports, retrieved 29 July 2026"
Mauritania,2015,1.0,Other,"SIPRI Arms Transfers Database, TIV of imports, retrieved 29 July 2026"
Mongolia,2015,73.0,Other,"SIPRI Arms Transfers Database, TIV of imports, retrieved 29 July 2026"
Rwanda,2015,29.0,Other,"SIPRI Arms Transfers Database, TIV of imports, retrieved 29 July 2026"
Burkina Faso,2015,5.0,Other,"SIPRI Arms Transfers Database, TIV of imports, retrieved 29 July 2026"
DR Congo,2015,3.0,Other,"SIPRI Arms Transfers Database, TIV of imports, retrieved 29 July 2026"
Cote d'Ivoire,2015,5.0,Other,"SIPRI Arms Transfers Database, TIV of imports, retrieved 29 July 2026"
Austria,2015,1.0,Other,"SIPRI Arms Transfers Database, TIV of imports, retrieved 29 July 2026"
Yemen,2015,33.0,Other,"SIPRI Arms Transfers Database, TIV of imports, retrieved 29 July 2026"
South Sudan,2015,19.0,Other,"SIPRI Arms Transfers Database, TIV of imports, retrieved 29 July 2026"
Switzerland,2015,10.0,Other,"SIPRI Arms Transfers Database, TIV of imports, retrieved 29 July 2026"
Mozambique,2015,5.0,Other,"SIPRI Arms Transfers Database, TIV of imports, retrieved 29 July 2026"
Nicaragua,2015,14.0,Other,"SIPRI Arms Transfers Database, TIV of imports, retrieved 29 July 2026"
Trinidad and Tobago,2015,46.0,Other,"SIPRI Arms Transfers Database, TIV of imports, retrieved 29 July 2026"
Niger,2015,10.0,Other,"SIPRI Arms Transfers Database, TIV of imports, retrieved 29 July 2026"
Djibouti,2015,4.0,Other,"SIPRI Arms Transfers Database, TIV of imports, retrieved 29 July 2026"
Albania,2015,7.0,NATO Europe,"SIPRI Arms Transfers Database, TIV of imports, retrieved 29 July 2026"
Kyrgyzstan,2015,4.0,Other,"SIPRI Arms Transfers Database, TIV of imports, retrieved 29 July 2026"
Jamaica,2015,2.0,Other,"SIPRI Arms Transfers Database, TIV of imports, retrieved 29 July 2026"
Malta,2015,10.0,Other,"SIPRI Arms Transfers Database, TIV of imports, retrieved 29 July 2026"
Congo,2015,2.0,Other,"SIPRI Arms Transfers Database, TIV of imports, retrieved 29 July 2026"
Uruguay,2015,13.0,Other,"SIPRI Arms Transfers Database, TIV of imports, retrieved 29 July 2026"
Honduras,2015,8.0,Other,"SIPRI Arms Transfers Database, TIV of imports, retrieved 29 July 2026"
Nepal,2015,15.0,Other,"SIPRI Arms Transfers Database, TIV of imports, retrieved 29 July 2026"
Bahamas,2015,16.0,Other,"SIPRI Arms Transfers Database, TIV of imports, retrieved 29 July 2026"
Guatemala,2015,33.0,Other,"SIPRI Arms Transfers Database, TIV of imports, retrieved 29 July 2026"
Gabon,2015,5.0,Other,"SIPRI Arms Transfers Database, TIV of imports, retrieved 29 July 2026"
Dominican Republic,2015,1.0,Other,"SIPRI Arms Transfers Database, TIV of imports, retrieved 29 July 2026"
United Nations**,2015,3.0,Other,"SIPRI Arms Transfers Database, TIV of imports, retrieved 29 July 2026"
Montenegro,2015,1.0,NATO Europe,"SIPRI Arms Transfers Database, TIV of imports, retrieved 29 July 2026"
Malawi,2015,3.0,Other,"SIPRI Arms Transfers Database, TIV of imports, retrieved 29 July 2026"
Somalia,2015,1.0,Other,"SIPRI Arms Transfers Database, TIV of imports, retrieved 29 July 2026"
African Union**,2015,2.0,Other,"SIPRI Arms Transfers Database, TIV of imports, retrieved 29 July 2026"
Suriname,2015,3.0,Other,"SIPRI Arms Transfers Database, TIV of imports, retrieved 29 July 2026"
Burundi,2015,1.0,Other,"SIPRI Arms Transfers Database, TIV of imports, retrieved 29 July 2026"
Bhutan,2015,1.0,Other,"SIPRI Arms Transfers Database, TIV of imports, retrieved 29 July 2026"
Sierra Leone,2015,1.0,Other,"SIPRI Arms Transfers Database, TIV of imports, retrieved 29 July 2026"
Kurdistan Regional Government (Iraq)*,2015,1.0,Other,"SIPRI Arms Transfers Database, TIV of imports, retrieved 29 July 2026"
OSCE**,2015,1.0,Other,"SIPRI Arms Transfers Database, TIV of imports, retrieved 29 July 2026"
PKK (Turkiye)*,2015,0.0,Other,"SIPRI Arms Transfers Database, TIV of imports, retrieved 29 July 2026"
Total world import,2015,28722.0,World,"SIPRI Arms Transfers Database, TIV of imports, retrieved 29 July 2026"
India,2016,2651.0,Other,"SIPRI Arms Transfers Database, TIV of imports, retrieved 29 July 2026"
Saudi Arabia,2016,2909.0,Other,"SIPRI Arms Transfers Database, TIV of imports, retrieved 29 July 2026"
United Arab Emirates,2016,1491.0,Other,"SIPRI Arms Transfers Database, TIV of imports, retrieved 29 July 2026"
Australia,2016,1012.0,Indo-Pacific allies,"SIPRI Arms Transfers Database, TIV of imports, retrieved 29 July 2026"
Qatar,2016,596.0,Other,"SIPRI Arms Transfers Database, TIV of imports, retrieved 29 July 2026"
Egypt,2016,1653.0,Other,"SIPRI Arms Transfers Database, TIV of imports, retrieved 29 July 2026"
China,2016,1209.0,Other,"SIPRI Arms Transfers Database, TIV of imports, retrieved 29 July 2026"
Pakistan,2016,872.0,Other,"SIPRI Arms Transfers Database, TIV of imports, retrieved 29 July 2026"
Ukraine,2016,5.0,Other,"SIPRI Arms Transfers Database, TIV of imports, retrieved 29 July 2026"
South Korea,2016,1038.0,Indo-Pacific allies,"SIPRI Arms Transfers Database, TIV of imports, retrieved 29 July 2026"
United States,2016,447.0,Other,"SIPRI Arms Transfers Database, TIV of imports, retrieved 29 July 2026"
Algeria,2016,2916.0,Other,"SIPRI Arms Transfers Database, TIV of imports, retrieved 29 July 2026"
Japan,2016,332.0,Indo-Pacific allies,"SIPRI Arms Transfers Database, TIV of imports, retrieved 29 July 2026"
Turkiye,2016,324.0,NATO Europe,"SIPRI Arms Transfers Database, TIV of imports, retrieved 29 July 2026"
United Kingdom,2016,288.0,NATO Europe,"SIPRI Arms Transfers Database, TIV of imports, retrieved 29 July 2026"
Indonesia,2016,352.0,Other,"SIPRI Arms Transfers Database, TIV of imports, retrieved 29 July 2026"
Viet Nam,2016,924.0,Other,"SIPRI Arms Transfers Database, TIV of imports, retrieved 29 July 2026"
Iraq,2016,1831.0,Other,"SIPRI Arms Transfers Database, TIV of imports, retrieved 29 July 2026"
Israel,2016,652.0,Other,"SIPRI Arms Transfers Database, TIV of imports, retrieved 29 July 2026"
Poland,2016,45.0,NATO Europe,"SIPRI Arms Transfers Database, TIV of imports, retrieved 29 July 2026"
Singapore,2016,642.0,Other,"SIPRI Arms Transfers Database, TIV of imports, retrieved 29 July 2026"
Kuwait,2016,147.0,Other,"SIPRI Arms Transfers Database, TIV of imports, retrieved 29 July 2026"
Morocco,2016,287.0,Other,"SIPRI Arms Transfers Database, TIV of imports, retrieved 29 July 2026"
Norway,2016,142.0,NATO Europe,"SIPRI Arms Transfers Database, TIV of imports, retrieved 29 July 2026"
Taiwan,2016,93.0,Indo-Pacific allies,"SIPRI Arms Transfers Database, TIV of imports, retrieved 29 July 2026"
Italy,2016,734.0,NATO Europe,"SIPRI Arms Transfers Database, TIV of imports, retrieved 29 July 2026"
Netherlands,2016,69.0,NATO Europe,"SIPRI Arms Transfers Database, TIV of imports, retrieved 29 July 2026"
Bangladesh,2016,455.0,Other,"SIPRI Arms Transfers Database, TIV of imports, retrieved 29 July 2026"
Azerbaijan,2016,287.0,Other,"SIPRI Arms Transfers Database, TIV of imports, retrieved 29 July 2026"
Greece,2016,302.0,NATO Europe,"SIPRI Arms Transfers Database, TIV of imports, retrieved 29 July 2026"
Thailand,2016,346.0,Indo-Pacific allies,"SIPRI Arms Transfers Database, TIV of imports, retrieved 29 July 2026"
Brazil,2016,111.0,Other,"SIPRI Arms Transfers Database, TIV of imports, retrieved 29 July 2026"
Canada,2016,246.0,Other,"SIPRI Arms Transfers Database, TIV of imports, retrieved 29 July 2026"
Myanmar,2016,284.0,Other,"SIPRI Arms Transfers Database, TIV of imports, retrieved 29 July 2026"
Germany,2016,55.0,NATO Europe,"SIPRI Arms Transfers Database, TIV of imports, retrieved 29 July 2026"
Philippines,2016,228.0,Indo-Pacific allies,"SIPRI Arms Transfers Database, TIV of imports, retrieved 29 July 2026"
Afghanistan,2016,170.0,Other,"SIPRI Arms Transfers Database, TIV of imports, retrieved 29 July 2026"
Kazakhstan,2016,255.0,Other,"SIPRI Arms Transfers Database, TIV of imports, retrieved 29 July 2026"
Oman,2016,422.0,Other,"SIPRI Arms Transfers Database, TIV of imports, retrieved 29 July 2026"
Venezuela,2016,95.0,Other,"SIPRI Arms Transfers Database, TIV of imports, retrieved 29 July 2026"
Belarus,2016,120.0,Other,"SIPRI Arms Transfers Database, TIV of imports, retrieved 29 July 2026"
Jordan,2016,243.0,Other,"SIPRI Arms Transfers Database, TIV of imports, retrieved 29 July 2026"
Denmark,2016,103.0,NATO Europe,"SIPRI Arms Transfers Database, TIV of imports, retrieved 29 July 2026"
Spain,2016,104.0,NATO Europe,"SIPRI Arms Transfers Database, TIV of imports, retrieved 29 July 2026"
Romania,2016,177.0,NATO Europe,"SIPRI Arms Transfers Database, TIV of imports, retrieved 29 July 2026"
Syria,2016,18.0,Other,"SIPRI Arms Transfers Database, TIV of imports, retrieved 29 July 2026"
Bahrain,2016,30.0,Other,"SIPRI Arms Transfers Database, TIV of imports, retrieved 29 July 2026"
Mexico,2016,328.0,Other,"SIPRI Arms Transfers Database, TIV of imports, retrieved 29 July 2026"
Belgium,2016,4.0,NATO Europe,"SIPRI Arms Transfers Database, TIV of imports, retrieved 29 July 2026"
France,2016,38.0,NATO Europe,"SIPRI Arms Transfers Database, TIV of imports, retrieved 29 July 2026"
Turkmenistan,2016,433.0,Other,"SIPRI Arms Transfers Database, TIV of imports, retrieved 29 July 2026"
Chile,2016,70.0,Other,"SIPRI Arms Transfers Database, TIV of imports, retrieved 29 July 2026"
Russia,2016,127.0,Other,"SIPRI Arms Transfers Database, TIV of imports, retrieved 29 July 2026"
Finland,2016,122.0,NATO Europe,"SIPRI Arms Transfers Database, TIV of imports, retrieved 29 July 2026"
Hungary,2016,14.0,NATO Europe,"SIPRI Arms Transfers Database, TIV of imports, retrieved 29 July 2026"
Sweden,2016,70.0,NATO Europe,"SIPRI Arms Transfers Database, TIV of imports, retrieved 29 July 2026"
NATO**,2016,12.0,Other,"SIPRI Arms Transfers Database, TIV of imports, retrieved 29 July 2026"
Nigeria,2016,61.0,Other,"SIPRI Arms Transfers Database, TIV of imports, retrieved 29 July 2026"
Serbia,2016,23.0,Other,"SIPRI Arms Transfers Database, TIV of imports, retrieved 29 July 2026"
Colombia,2016,18.0,Other,"SIPRI Arms Transfers Database, TIV of imports, retrieved 29 July 2026"
Malaysia,2016,270.0,Other,"SIPRI Arms Transfers Database, TIV of imports, retrieved 29 July 2026"
Sudan,2016,110.0,Other,"SIPRI Arms Transfers Database, TIV of imports, retrieved 29 July 2026"
Angola,2016,156.0,Other,"SIPRI Arms Transfers Database, TIV of imports, retrieved 29 July 2026"
Peru,2016,168.0,Other,"SIPRI Arms Transfers Database, TIV of imports, retrieved 29 July 2026"
Uganda,2016,1.0,Other,"SIPRI Arms Transfers Database, TIV of imports, retrieved 29 July 2026"
Ethiopia,2016,55.0,Other,"SIPRI Arms Transfers Database, TIV of imports, retrieved 29 July 2026"
Lithuania,2016,34.0,NATO Europe,"SIPRI Arms Transfers Database, TIV of imports, retrieved 29 July 2026"
Iran,2016,413.0,Other,"SIPRI Arms Transfers Database, TIV of imports, retrieved 29 July 2026"
Tunisia,2016,43.0,Other,"SIPRI Arms Transfers Database, TIV of imports, retrieved 29 July 2026"
Uzbekistan,2016,58.0,Other,"SIPRI Arms Transfers Database, TIV of imports, retrieved 29 July 2026"
Portugal,2016,21.0,NATO Europe,"SIPRI Arms Transfers Database, TIV of imports, retrieved 29 July 2026"
Armenia,2016,112.0,Other,"SIPRI Arms Transfers Database, TIV of imports, retrieved 29 July 2026"
Estonia,2016,32.0,NATO Europe,"SIPRI Arms Transfers Database, TIV of imports, retrieved 29 July 2026"
Czechia,2016,7.0,NATO Europe,"SIPRI Arms Transfers Database, TIV of imports, retrieved 29 July 2026"
Senegal,2016,40.0,Other,"SIPRI Arms Transfers Database, TIV of imports, retrieved 29 July 2026"
Argentina,2016,17.0,Other,"SIPRI Arms Transfers Database, TIV of imports, retrieved 29 July 2026"
Croatia,2016,20.0,NATO Europe,"SIPRI Arms Transfers Database, TIV of imports, retrieved 29 July 2026"
Tanzania,2016,20.0,Other,"SIPRI Arms Transfers Database, TIV of imports, retrieved 29 July 2026"
Mali,2016,22.0,Other,"SIPRI Arms Transfers Database, TIV of imports, retrieved 29 July 2026"
Lebanon,2016,28.0,Other,"SIPRI Arms Transfers Database, TIV of imports, retrieved 29 July 2026"
Kenya,2016,32.0,Other,"SIPRI Arms Transfers Database, TIV of imports, retrieved 29 July 2026"
House of Representatives (Libya)*,2016,34.0,Other,"SIPRI Arms Transfers Database, TIV of imports, retrieved 29 July 2026"
Ecuador,2016,26.0,Other,"SIPRI Arms Transfers Database, TIV of imports, retrieved 29 July 2026"
Cameroon,2016,23.0,Other,"SIPRI Arms Transfers Database, TIV of imports, retrieved 29 July 2026"
Ghana,2016,22.0,Other,"SIPRI Arms Transfers Database, TIV of imports, retrieved 29 July 2026"
Latvia,2016,28.0,NATO Europe,"SIPRI Arms Transfers Database, TIV of imports, retrieved 29 July 2026"
Libya,2016,2.0,Other,"SIPRI Arms Transfers Database, TIV of imports, retrieved 29 July 2026"
Ireland,2016,43.0,Other,"SIPRI Arms Transfers Database, TIV of imports, retrieved 29 July 2026"
unknown recipient(s),2016,32.0,Other,"SIPRI Arms Transfers Database, TIV of imports, retrieved 29 July 2026"
Chad,2016,2.0,Other,"SIPRI Arms Transfers Database, TIV of imports, retrieved 29 July 2026"
Zambia,2016,44.0,Other,"SIPRI Arms Transfers Database, TIV of imports, retrieved 29 July 2026"
Mauritania,2016,35.0,Other,"SIPRI Arms Transfers Database, TIV of imports, retrieved 29 July 2026"
Burkina Faso,2016,7.0,Other,"SIPRI Arms Transfers Database, TIV of imports, retrieved 29 July 2026"
DR Congo,2016,43.0,Other,"SIPRI Arms Transfers Database, TIV of imports, retrieved 29 July 2026"
Bolivia,2016,27.0,Other,"SIPRI Arms Transfers Database, TIV of imports, retrieved 29 July 2026"
Cote d'Ivoire,2016,5.0,Other,"SIPRI Arms Transfers Database, TIV of imports, retrieved 29 July 2026"
Austria,2016,13.0,Other,"SIPRI Arms Transfers Database, TIV of imports, retrieved 29 July 2026"
Yemen,2016,7.0,Other,"SIPRI Arms Transfers Database, TIV of imports, retrieved 29 July 2026"
South Sudan,2016,8.0,Other,"SIPRI Arms Transfers Database, TIV of imports, retrieved 29 July 2026"
Namibia,2016,3.0,Other,"SIPRI Arms Transfers Database, TIV of imports, retrieved 29 July 2026"
Switzerland,2016,70.0,Other,"SIPRI Arms Transfers Database, TIV of imports, retrieved 29 July 2026"
Botswana,2016,5.0,Other,"SIPRI Arms Transfers Database, TIV of imports, retrieved 29 July 2026"
Mozambique,2016,46.0,Other,"SIPRI Arms Transfers Database, TIV of imports, retrieved 29 July 2026"
Nicaragua,2016,86.0,Other,"SIPRI Arms Transfers Database, TIV of imports, retrieved 29 July 2026"
Trinidad and Tobago,2016,30.0,Other,"SIPRI Arms Transfers Database, TIV of imports, retrieved 29 July 2026"
Niger,2016,0.0,Other,"SIPRI Arms Transfers Database, TIV of imports, retrieved 29 July 2026"
Djibouti,2016,11.0,Other,"SIPRI Arms Transfers Database, TIV of imports, retrieved 29 July 2026"
Tajikistan,2016,7.0,Other,"SIPRI Arms Transfers Database, TIV of imports, retrieved 29 July 2026"
Kyrgyzstan,2016,8.0,Other,"SIPRI Arms Transfers Database, TIV of imports, retrieved 29 July 2026"
Jamaica,2016,22.0,Other,"SIPRI Arms Transfers Database, TIV of imports, retrieved 29 July 2026"
Malta,2016,6.0,Other,"SIPRI Arms Transfers Database, TIV of imports, retrieved 29 July 2026"
Nepal,2016,9.0,Other,"SIPRI Arms Transfers Database, TIV of imports, retrieved 29 July 2026"
Houthi rebels (Yemen)*,2016,8.0,Other,"SIPRI Arms Transfers Database, TIV of imports, retrieved 29 July 2026"
Mauritius,2016,28.0,Other,"SIPRI Arms Transfers Database, TIV of imports, retrieved 29 July 2026"
Bahamas,2016,20.0,Other,"SIPRI Arms Transfers Database, TIV of imports, retrieved 29 July 2026"
Seychelles,2016,8.0,Other,"SIPRI Arms Transfers Database, TIV of imports, retrieved 29 July 2026"
Gabon,2016,3.0,Other,"SIPRI Arms Transfers Database, TIV of imports, retrieved 29 July 2026"
Dominican Republic,2016,0.0,Other,"SIPRI Arms Transfers Database, TIV of imports, retrieved 29 July 2026"
Benin,2016,1.0,Other,"SIPRI Arms Transfers Database, TIV of imports, retrieved 29 July 2026"
United Nations**,2016,9.0,Other,"SIPRI Arms Transfers Database, TIV of imports, retrieved 29 July 2026"
Montenegro,2016,0.0,NATO Europe,"SIPRI Arms Transfers Database, TIV of imports, retrieved 29 July 2026"
Malawi,2016,0.0,Other,"SIPRI Arms Transfers Database, TIV of imports, retrieved 29 July 2026"
Somalia,2016,2.0,Other,"SIPRI Arms Transfers Database, TIV of imports, retrieved 29 July 2026"
North Macedonia,2016,0.0,NATO Europe,"SIPRI Arms Transfers Database, TIV of imports, retrieved 29 July 2026"
Burundi,2016,3.0,Other,"SIPRI Arms Transfers Database, TIV of imports, retrieved 29 July 2026"
Bhutan,2016,1.0,Other,"SIPRI Arms Transfers Database, TIV of imports, retrieved 29 July 2026"
Sierra Leone,2016,2.0,Other,"SIPRI Arms Transfers Database, TIV of imports, retrieved 29 July 2026"
Palestine,2016,1.0,Other,"SIPRI Arms Transfers Database, TIV of imports, retrieved 29 July 2026"
Belize,2016,2.0,Other,"SIPRI Arms Transfers Database, TIV of imports, retrieved 29 July 2026"
Darfur rebels (Sudan)*,2016,1.0,Other,"SIPRI Arms Transfers Database, TIV of imports, retrieved 29 July 2026"
Western Sahara,2016,0.0,Other,"SIPRI Arms Transfers Database, TIV of imports, retrieved 29 July 2026"
Total world import,2016,31481.0,World,"SIPRI Arms Transfers Database, TIV of imports, retrieved 29 July 2026"
India,2017,2682.0,Other,"SIPRI Arms Transfers Database, TIV of imports, retrieved 29 July 2026"
Saudi Arabia,2017,3852.0,Other,"SIPRI Arms Transfers Database, TIV of imports, retrieved 29 July 2026"
United Arab Emirates,2017,909.0,Other,"SIPRI Arms Transfers Database, TIV of imports, retrieved 29 July 2026"
Australia,2017,1664.0,Indo-Pacific allies,"SIPRI Arms Transfers Database, TIV of imports, retrieved 29 July 2026"
Qatar,2017,285.0,Other,"SIPRI Arms Transfers Database, TIV of imports, retrieved 29 July 2026"
Egypt,2017,2480.0,Other,"SIPRI Arms Transfers Database, TIV of imports, retrieved 29 July 2026"
China,2017,1546.0,Other,"SIPRI Arms Transfers Database, TIV of imports, retrieved 29 July 2026"
Pakistan,2017,870.0,Other,"SIPRI Arms Transfers Database, TIV of imports, retrieved 29 July 2026"
Ukraine,2017,4.0,Other,"SIPRI Arms Transfers Database, TIV of imports, retrieved 29 July 2026"
South Korea,2017,962.0,Indo-Pacific allies,"SIPRI Arms Transfers Database, TIV of imports, retrieved 29 July 2026"
United States,2017,504.0,Other,"SIPRI Arms Transfers Database, TIV of imports, retrieved 29 July 2026"
Algeria,2017,1158.0,Other,"SIPRI Arms Transfers Database, TIV of imports, retrieved 29 July 2026"
Japan,2017,446.0,Indo-Pacific allies,"SIPRI Arms Transfers Database, TIV of imports, retrieved 29 July 2026"
Turkiye,2017,427.0,NATO Europe,"SIPRI Arms Transfers Database, TIV of imports, retrieved 29 July 2026"
United Kingdom,2017,1002.0,NATO Europe,"SIPRI Arms Transfers Database, TIV of imports, retrieved 29 July 2026"
Indonesia,2017,1171.0,Other,"SIPRI Arms Transfers Database, TIV of imports, retrieved 29 July 2026"
Viet Nam,2017,783.0,Other,"SIPRI Arms Transfers Database, TIV of imports, retrieved 29 July 2026"
Iraq,2017,945.0,Other,"SIPRI Arms Transfers Database, TIV of imports, retrieved 29 July 2026"
Israel,2017,565.0,Other,"SIPRI Arms Transfers Database, TIV of imports, retrieved 29 July 2026"
Poland,2017,126.0,NATO Europe,"SIPRI Arms Transfers Database, TIV of imports, retrieved 29 July 2026"
Singapore,2017,408.0,Other,"SIPRI Arms Transfers Database, TIV of imports, retrieved 29 July 2026"
Kuwait,2017,113.0,Other,"SIPRI Arms Transfers Database, TIV of imports, retrieved 29 July 2026"
Morocco,2017,605.0,Other,"SIPRI Arms Transfers Database, TIV of imports, retrieved 29 July 2026"
Norway,2017,353.0,NATO Europe,"SIPRI Arms Transfers Database, TIV of imports, retrieved 29 July 2026"
Taiwan,2017,487.0,Indo-Pacific allies,"SIPRI Arms Transfers Database, TIV of imports, retrieved 29 July 2026"
Italy,2017,709.0,NATO Europe,"SIPRI Arms Transfers Database, TIV of imports, retrieved 29 July 2026"
Netherlands,2017,33.0,NATO Europe,"SIPRI Arms Transfers Database, TIV of imports, retrieved 29 July 2026"
Bangladesh,2017,334.0,Other,"SIPRI Arms Transfers Database, TIV of imports, retrieved 29 July 2026"
Azerbaijan,2017,290.0,Other,"SIPRI Arms Transfers Database, TIV of imports, retrieved 29 July 2026"
Greece,2017,51.0,NATO Europe,"SIPRI Arms Transfers Database, TIV of imports, retrieved 29 July 2026"
Thailand,2017,317.0,Indo-Pacific allies,"SIPRI Arms Transfers Database, TIV of imports, retrieved 29 July 2026"
Brazil,2017,96.0,Other,"SIPRI Arms Transfers Database, TIV of imports, retrieved 29 July 2026"
Canada,2017,354.0,Other,"SIPRI Arms Transfers Database, TIV of imports, retrieved 29 July 2026"
Myanmar,2017,210.0,Other,"SIPRI Arms Transfers Database, TIV of imports, retrieved 29 July 2026"
Germany,2017,43.0,NATO Europe,"SIPRI Arms Transfers Database, TIV of imports, retrieved 29 July 2026"
Philippines,2017,278.0,Indo-Pacific allies,"SIPRI Arms Transfers Database, TIV of imports, retrieved 29 July 2026"
Afghanistan,2017,235.0,Other,"SIPRI Arms Transfers Database, TIV of imports, retrieved 29 July 2026"
Kazakhstan,2017,221.0,Other,"SIPRI Arms Transfers Database, TIV of imports, retrieved 29 July 2026"
Oman,2017,757.0,Other,"SIPRI Arms Transfers Database, TIV of imports, retrieved 29 July 2026"
Belarus,2017,158.0,Other,"SIPRI Arms Transfers Database, TIV of imports, retrieved 29 July 2026"
Jordan,2017,363.0,Other,"SIPRI Arms Transfers Database, TIV of imports, retrieved 29 July 2026"
Denmark,2017,53.0,NATO Europe,"SIPRI Arms Transfers Database, TIV of imports, retrieved 29 July 2026"
Spain,2017,82.0,NATO Europe,"SIPRI Arms Transfers Database, TIV of imports, retrieved 29 July 2026"
Romania,2017,88.0,NATO Europe,"SIPRI Arms Transfers Database, TIV of imports, retrieved 29 July 2026"
Syria,2017,52.0,Other,"SIPRI Arms Transfers Database, TIV of imports, retrieved 29 July 2026"
Bahrain,2017,27.0,Other,"SIPRI Arms Transfers Database, TIV of imports, retrieved 29 July 2026"
Mexico,2017,215.0,Other,"SIPRI Arms Transfers Database, TIV of imports, retrieved 29 July 2026"
Belgium,2017,7.0,NATO Europe,"SIPRI Arms Transfers Database, TIV of imports, retrieved 29 July 2026"
France,2017,84.0,NATO Europe,"SIPRI Arms Transfers Database, TIV of imports, retrieved 29 July 2026"
Turkmenistan,2017,108.0,Other,"SIPRI Arms Transfers Database, TIV of imports, retrieved 29 July 2026"
Chile,2017,49.0,Other,"SIPRI Arms Transfers Database, TIV of imports, retrieved 29 July 2026"
Russia,2017,94.0,Other,"SIPRI Arms Transfers Database, TIV of imports, retrieved 29 July 2026"
Finland,2017,47.0,NATO Europe,"SIPRI Arms Transfers Database, TIV of imports, retrieved 29 July 2026"
Hungary,2017,5.0,NATO Europe,"SIPRI Arms Transfers Database, TIV of imports, retrieved 29 July 2026"
Sweden,2017,32.0,NATO Europe,"SIPRI Arms Transfers Database, TIV of imports, retrieved 29 July 2026"
NATO**,2017,25.0,Other,"SIPRI Arms Transfers Database, TIV of imports, retrieved 29 July 2026"
Nigeria,2017,42.0,Other,"SIPRI Arms Transfers Database, TIV of imports, retrieved 29 July 2026"
Serbia,2017,65.0,Other,"SIPRI Arms Transfers Database, TIV of imports, retrieved 29 July 2026"
Colombia,2017,91.0,Other,"SIPRI Arms Transfers Database, TIV of imports, retrieved 29 July 2026"
Malaysia,2017,197.0,Other,"SIPRI Arms Transfers Database, TIV of imports, retrieved 29 July 2026"
Sudan,2017,66.0,Other,"SIPRI Arms Transfers Database, TIV of imports, retrieved 29 July 2026"
Angola,2017,113.0,Other,"SIPRI Arms Transfers Database, TIV of imports, retrieved 29 July 2026"
Peru,2017,28.0,Other,"SIPRI Arms Transfers Database, TIV of imports, retrieved 29 July 2026"
Uganda,2017,22.0,Other,"SIPRI Arms Transfers Database, TIV of imports, retrieved 29 July 2026"
Ethiopia,2017,51.0,Other,"SIPRI Arms Transfers Database, TIV of imports, retrieved 29 July 2026"
Slovakia,2017,47.0,NATO Europe,"SIPRI Arms Transfers Database, TIV of imports, retrieved 29 July 2026"
Lithuania,2017,7.0,NATO Europe,"SIPRI Arms Transfers Database, TIV of imports, retrieved 29 July 2026"
Iran,2017,3.0,Other,"SIPRI Arms Transfers Database, TIV of imports, retrieved 29 July 2026"
Tunisia,2017,98.0,Other,"SIPRI Arms Transfers Database, TIV of imports, retrieved 29 July 2026"
Uzbekistan,2017,5.0,Other,"SIPRI Arms Transfers Database, TIV of imports, retrieved 29 July 2026"
Portugal,2017,8.0,NATO Europe,"SIPRI Arms Transfers Database, TIV of imports, retrieved 29 July 2026"
Armenia,2017,22.0,Other,"SIPRI Arms Transfers Database, TIV of imports, retrieved 29 July 2026"
Estonia,2017,36.0,NATO Europe,"SIPRI Arms Transfers Database, TIV of imports, retrieved 29 July 2026"
Senegal,2017,48.0,Other,"SIPRI Arms Transfers Database, TIV of imports, retrieved 29 July 2026"
Argentina,2017,47.0,Other,"SIPRI Arms Transfers Database, TIV of imports, retrieved 29 July 2026"
Croatia,2017,13.0,NATO Europe,"SIPRI Arms Transfers Database, TIV of imports, retrieved 29 July 2026"
Tanzania,2017,2.0,Other,"SIPRI Arms Transfers Database, TIV of imports, retrieved 29 July 2026"
Mali,2017,32.0,Other,"SIPRI Arms Transfers Database, TIV of imports, retrieved 29 July 2026"
Lebanon,2017,48.0,Other,"SIPRI Arms Transfers Database, TIV of imports, retrieved 29 July 2026"
Kenya,2017,17.0,Other,"SIPRI Arms Transfers Database, TIV of imports, retrieved 29 July 2026"
House of Representatives (Libya)*,2017,6.0,Other,"SIPRI Arms Transfers Database, TIV of imports, retrieved 29 July 2026"
Ecuador,2017,20.0,Other,"SIPRI Arms Transfers Database, TIV of imports, retrieved 29 July 2026"
Sri Lanka,2017,45.0,Other,"SIPRI Arms Transfers Database, TIV of imports, retrieved 29 July 2026"
Cameroon,2017,8.0,Other,"SIPRI Arms Transfers Database, TIV of imports, retrieved 29 July 2026"
Cyprus,2017,30.0,Other,"SIPRI Arms Transfers Database, TIV of imports, retrieved 29 July 2026"
Latvia,2017,30.0,NATO Europe,"SIPRI Arms Transfers Database, TIV of imports, retrieved 29 July 2026"
Laos,2017,2.0,Other,"SIPRI Arms Transfers Database, TIV of imports, retrieved 29 July 2026"
Ireland,2017,2.0,Other,"SIPRI Arms Transfers Database, TIV of imports, retrieved 29 July 2026"
unknown recipient(s),2017,15.0,Other,"SIPRI Arms Transfers Database, TIV of imports, retrieved 29 July 2026"
Chad,2017,6.0,Other,"SIPRI Arms Transfers Database, TIV of imports, retrieved 29 July 2026"
Zambia,2017,46.0,Other,"SIPRI Arms Transfers Database, TIV of imports, retrieved 29 July 2026"
Rwanda,2017,8.0,Other,"SIPRI Arms Transfers Database, TIV of imports, retrieved 29 July 2026"
Burkina Faso,2017,2.0,Other,"SIPRI Arms Transfers Database, TIV of imports, retrieved 29 July 2026"
Bolivia,2017,7.0,Other,"SIPRI Arms Transfers Database, TIV of imports, retrieved 29 July 2026"
Cote d'Ivoire,2017,14.0,Other,"SIPRI Arms Transfers Database, TIV of imports, retrieved 29 July 2026"
Austria,2017,10.0,Other,"SIPRI Arms Transfers Database, TIV of imports, retrieved 29 July 2026"
Yemen,2017,6.0,Other,"SIPRI Arms Transfers Database, TIV of imports, retrieved 29 July 2026"
Namibia,2017,35.0,Other,"SIPRI Arms Transfers Database, TIV of imports, retrieved 29 July 2026"
Nicaragua,2017,7.0,Other,"SIPRI Arms Transfers Database, TIV of imports, retrieved 29 July 2026"
Niger,2017,3.0,Other,"SIPRI Arms Transfers Database, TIV of imports, retrieved 29 July 2026"
Albania,2017,1.0,NATO Europe,"SIPRI Arms Transfers Database, TIV of imports, retrieved 29 July 2026"
Tajikistan,2017,19.0,Other,"SIPRI Arms Transfers Database, TIV of imports, retrieved 29 July 2026"
Kyrgyzstan,2017,12.0,Other,"SIPRI Arms Transfers Database, TIV of imports, retrieved 29 July 2026"
Malta,2017,8.0,Other,"SIPRI Arms Transfers Database, TIV of imports, retrieved 29 July 2026"
Georgia,2017,7.0,Other,"SIPRI Arms Transfers Database, TIV of imports, retrieved 29 July 2026"
Honduras,2017,10.0,Other,"SIPRI Arms Transfers Database, TIV of imports, retrieved 29 July 2026"
Nepal,2017,1.0,Other,"SIPRI Arms Transfers Database, TIV of imports, retrieved 29 July 2026"
Houthi rebels (Yemen)*,2017,9.0,Other,"SIPRI Arms Transfers Database, TIV of imports, retrieved 29 July 2026"
Mauritius,2017,19.0,Other,"SIPRI Arms Transfers Database, TIV of imports, retrieved 29 July 2026"
Bahamas,2017,12.0,Other,"SIPRI Arms Transfers Database, TIV of imports, retrieved 29 July 2026"
El Salvador,2017,1.0,Other,"SIPRI Arms Transfers Database, TIV of imports, retrieved 29 July 2026"
Papua New Guinea,2017,0.0,Other,"SIPRI Arms Transfers Database, TIV of imports, retrieved 29 July 2026"
Guinea,2017,2.0,Other,"SIPRI Arms Transfers Database, TIV of imports, retrieved 29 July 2026"
Somalia,2017,2.0,Other,"SIPRI Arms Transfers Database, TIV of imports, retrieved 29 July 2026"
Fiji,2017,1.0,Other,"SIPRI Arms Transfers Database, TIV of imports, retrieved 29 July 2026"
Bosnia-Herzegovina,2017,0.0,Other,"SIPRI Arms Transfers Database, TIV of imports, retrieved 29 July 2026"
Syria rebels*,2017,2.0,Other,"SIPRI Arms Transfers Database, TIV of imports, retrieved 29 July 2026"
Lesotho,2017,1.0,Other,"SIPRI Arms Transfers Database, TIV of imports, retrieved 29 July 2026"
Total world import,2017,31279.0,World,"SIPRI Arms Transfers Database, TIV of imports, retrieved 29 July 2026"
India,2018,1982.0,Other,"SIPRI Arms Transfers Database, TIV of imports, retrieved 29 July 2026"
Saudi Arabia,2018,2944.0,Other,"SIPRI Arms Transfers Database, TIV of imports, retrieved 29 July 2026"
United Arab Emirates,2018,1165.0,Other,"SIPRI Arms Transfers Database, TIV of imports, retrieved 29 July 2026"
Australia,2018,1553.0,Indo-Pacific allies,"SIPRI Arms Transfers Database, TIV of imports, retrieved 29 July 2026"
Qatar,2018,613.0,Other,"SIPRI Arms Transfers Database, TIV of imports, retrieved 29 July 2026"
Egypt,2018,1637.0,Other,"SIPRI Arms Transfers Database, TIV of imports, retrieved 29 July 2026"
China,2018,2254.0,Other,"SIPRI Arms Transfers Database, TIV of imports, retrieved 29 July 2026"
Pakistan,2018,893.0,Other,"SIPRI Arms Transfers Database, TIV of imports, retrieved 29 July 2026"
Ukraine,2018,67.0,Other,"SIPRI Arms Transfers Database, TIV of imports, retrieved 29 July 2026"
South Korea,2018,1030.0,Indo-Pacific allies,"SIPRI Arms Transfers Database, TIV of imports, retrieved 29 July 2026"
United States,2018,379.0,Other,"SIPRI Arms Transfers Database, TIV of imports, retrieved 29 July 2026"
Algeria,2018,1278.0,Other,"SIPRI Arms Transfers Database, TIV of imports, retrieved 29 July 2026"
Japan,2018,764.0,Indo-Pacific allies,"SIPRI Arms Transfers Database, TIV of imports, retrieved 29 July 2026"
Turkiye,2018,476.0,NATO Europe,"SIPRI Arms Transfers Database, TIV of imports, retrieved 29 July 2026"
United Kingdom,2018,463.0,NATO Europe,"SIPRI Arms Transfers Database, TIV of imports, retrieved 29 July 2026"
Indonesia,2018,357.0,Other,"SIPRI Arms Transfers Database, TIV of imports, retrieved 29 July 2026"
Viet Nam,2018,604.0,Other,"SIPRI Arms Transfers Database, TIV of imports, retrieved 29 July 2026"
Iraq,2018,454.0,Other,"SIPRI Arms Transfers Database, TIV of imports, retrieved 29 July 2026"
Israel,2018,491.0,Other,"SIPRI Arms Transfers Database, TIV of imports, retrieved 29 July 2026"
Poland,2018,50.0,NATO Europe,"SIPRI Arms Transfers Database, TIV of imports, retrieved 29 July 2026"
Singapore,2018,562.0,Other,"SIPRI Arms Transfers Database, TIV of imports, retrieved 29 July 2026"
Kuwait,2018,96.0,Other,"SIPRI Arms Transfers Database, TIV of imports, retrieved 29 July 2026"
Morocco,2018,462.0,Other,"SIPRI Arms Transfers Database, TIV of imports, retrieved 29 July 2026"
Norway,2018,520.0,NATO Europe,"SIPRI Arms Transfers Database, TIV of imports, retrieved 29 July 2026"
Taiwan,2018,92.0,Indo-Pacific allies,"SIPRI Arms Transfers Database, TIV of imports, retrieved 29 July 2026"
Italy,2018,275.0,NATO Europe,"SIPRI Arms Transfers Database, TIV of imports, retrieved 29 July 2026"
Netherlands,2018,139.0,NATO Europe,"SIPRI Arms Transfers Database, TIV of imports, retrieved 29 July 2026"
Bangladesh,2018,161.0,Other,"SIPRI Arms Transfers Database, TIV of imports, retrieved 29 July 2026"
Azerbaijan,2018,375.0,Other,"SIPRI Arms Transfers Database, TIV of imports, retrieved 29 July 2026"
Greece,2018,39.0,NATO Europe,"SIPRI Arms Transfers Database, TIV of imports, retrieved 29 July 2026"
Thailand,2018,636.0,Indo-Pacific allies,"SIPRI Arms Transfers Database, TIV of imports, retrieved 29 July 2026"
Brazil,2018,258.0,Other,"SIPRI Arms Transfers Database, TIV of imports, retrieved 29 July 2026"
Canada,2018,185.0,Other,"SIPRI Arms Transfers Database, TIV of imports, retrieved 29 July 2026"
Myanmar,2018,203.0,Other,"SIPRI Arms Transfers Database, TIV of imports, retrieved 29 July 2026"
Germany,2018,14.0,NATO Europe,"SIPRI Arms Transfers Database, TIV of imports, retrieved 29 July 2026"
Philippines,2018,17.0,Indo-Pacific allies,"SIPRI Arms Transfers Database, TIV of imports, retrieved 29 July 2026"
Afghanistan,2018,312.0,Other,"SIPRI Arms Transfers Database, TIV of imports, retrieved 29 July 2026"
Kazakhstan,2018,279.0,Other,"SIPRI Arms Transfers Database, TIV of imports, retrieved 29 July 2026"
Oman,2018,282.0,Other,"SIPRI Arms Transfers Database, TIV of imports, retrieved 29 July 2026"
Venezuela,2018,14.0,Other,"SIPRI Arms Transfers Database, TIV of imports, retrieved 29 July 2026"
Belarus,2018,142.0,Other,"SIPRI Arms Transfers Database, TIV of imports, retrieved 29 July 2026"
Jordan,2018,170.0,Other,"SIPRI Arms Transfers Database, TIV of imports, retrieved 29 July 2026"
Denmark,2018,54.0,NATO Europe,"SIPRI Arms Transfers Database, TIV of imports, retrieved 29 July 2026"
Spain,2018,149.0,NATO Europe,"SIPRI Arms Transfers Database, TIV of imports, retrieved 29 July 2026"
Romania,2018,36.0,NATO Europe,"SIPRI Arms Transfers Database, TIV of imports, retrieved 29 July 2026"
Syria,2018,199.0,Other,"SIPRI Arms Transfers Database, TIV of imports, retrieved 29 July 2026"
Bahrain,2018,72.0,Other,"SIPRI Arms Transfers Database, TIV of imports, retrieved 29 July 2026"
Mexico,2018,16.0,Other,"SIPRI Arms Transfers Database, TIV of imports, retrieved 29 July 2026"
Belgium,2018,1.0,NATO Europe,"SIPRI Arms Transfers Database, TIV of imports, retrieved 29 July 2026"
France,2018,201.0,NATO Europe,"SIPRI Arms Transfers Database, TIV of imports, retrieved 29 July 2026"
Chile,2018,74.0,Other,"SIPRI Arms Transfers Database, TIV of imports, retrieved 29 July 2026"
Russia,2018,62.0,Other,"SIPRI Arms Transfers Database, TIV of imports, retrieved 29 July 2026"
Finland,2018,82.0,NATO Europe,"SIPRI Arms Transfers Database, TIV of imports, retrieved 29 July 2026"
Hungary,2018,27.0,NATO Europe,"SIPRI Arms Transfers Database, TIV of imports, retrieved 29 July 2026"
Sweden,2018,7.0,NATO Europe,"SIPRI Arms Transfers Database, TIV of imports, retrieved 29 July 2026"
NATO**,2018,21.0,Other,"SIPRI Arms Transfers Database, TIV of imports, retrieved 29 July 2026"
Nigeria,2018,49.0,Other,"SIPRI Arms Transfers Database, TIV of imports, retrieved 29 July 2026"
Serbia,2018,4.0,Other,"SIPRI Arms Transfers Database, TIV of imports, retrieved 29 July 2026"
Colombia,2018,16.0,Other,"SIPRI Arms Transfers Database, TIV of imports, retrieved 29 July 2026"
New Zealand,2018,6.0,Indo-Pacific allies,"SIPRI Arms Transfers Database, TIV of imports, retrieved 29 July 2026"
Malaysia,2018,93.0,Other,"SIPRI Arms Transfers Database, TIV of imports, retrieved 29 July 2026"
Sudan,2018,35.0,Other,"SIPRI Arms Transfers Database, TIV of imports, retrieved 29 July 2026"
Angola,2018,274.0,Other,"SIPRI Arms Transfers Database, TIV of imports, retrieved 29 July 2026"
Peru,2018,103.0,Other,"SIPRI Arms Transfers Database, TIV of imports, retrieved 29 July 2026"
Uganda,2018,10.0,Other,"SIPRI Arms Transfers Database, TIV of imports, retrieved 29 July 2026"
Ethiopia,2018,14.0,Other,"SIPRI Arms Transfers Database, TIV of imports, retrieved 29 July 2026"
Slovakia,2018,34.0,NATO Europe,"SIPRI Arms Transfers Database, TIV of imports, retrieved 29 July 2026"
Lithuania,2018,8.0,NATO Europe,"SIPRI Arms Transfers Database, TIV of imports, retrieved 29 July 2026"
Iran,2018,3.0,Other,"SIPRI Arms Transfers Database, TIV of imports, retrieved 29 July 2026"
Tunisia,2018,181.0,Other,"SIPRI Arms Transfers Database, TIV of imports, retrieved 29 July 2026"
Uzbekistan,2018,124.0,Other,"SIPRI Arms Transfers Database, TIV of imports, retrieved 29 July 2026"
Portugal,2018,19.0,NATO Europe,"SIPRI Arms Transfers Database, TIV of imports, retrieved 29 July 2026"
Estonia,2018,19.0,NATO Europe,"SIPRI Arms Transfers Database, TIV of imports, retrieved 29 July 2026"
Czechia,2018,7.0,NATO Europe,"SIPRI Arms Transfers Database, TIV of imports, retrieved 29 July 2026"
Senegal,2018,15.0,Other,"SIPRI Arms Transfers Database, TIV of imports, retrieved 29 July 2026"
Argentina,2018,19.0,Other,"SIPRI Arms Transfers Database, TIV of imports, retrieved 29 July 2026"
Croatia,2018,3.0,NATO Europe,"SIPRI Arms Transfers Database, TIV of imports, retrieved 29 July 2026"
Tanzania,2018,17.0,Other,"SIPRI Arms Transfers Database, TIV of imports, retrieved 29 July 2026"
Mali,2018,27.0,Other,"SIPRI Arms Transfers Database, TIV of imports, retrieved 29 July 2026"
Lebanon,2018,53.0,Other,"SIPRI Arms Transfers Database, TIV of imports, retrieved 29 July 2026"
Kenya,2018,7.0,Other,"SIPRI Arms Transfers Database, TIV of imports, retrieved 29 July 2026"
House of Representatives (Libya)*,2018,12.0,Other,"SIPRI Arms Transfers Database, TIV of imports, retrieved 29 July 2026"
Ecuador,2018,5.0,Other,"SIPRI Arms Transfers Database, TIV of imports, retrieved 29 July 2026"
Sri Lanka,2018,100.0,Other,"SIPRI Arms Transfers Database, TIV of imports, retrieved 29 July 2026"
Cameroon,2018,2.0,Other,"SIPRI Arms Transfers Database, TIV of imports, retrieved 29 July 2026"
Ghana,2018,0.0,Other,"SIPRI Arms Transfers Database, TIV of imports, retrieved 29 July 2026"
Latvia,2018,21.0,NATO Europe,"SIPRI Arms Transfers Database, TIV of imports, retrieved 29 July 2026"
Cambodia,2018,5.0,Other,"SIPRI Arms Transfers Database, TIV of imports, retrieved 29 July 2026"
Laos,2018,136.0,Other,"SIPRI Arms Transfers Database, TIV of imports, retrieved 29 July 2026"
Ireland,2018,5.0,Other,"SIPRI Arms Transfers Database, TIV of imports, retrieved 29 July 2026"
unknown recipient(s),2018,21.0,Other,"SIPRI Arms Transfers Database, TIV of imports, retrieved 29 July 2026"
Equatorial Guinea,2018,20.0,Other,"SIPRI Arms Transfers Database, TIV of imports, retrieved 29 July 2026"
Chad,2018,7.0,Other,"SIPRI Arms Transfers Database, TIV of imports, retrieved 29 July 2026"
Mauritania,2018,1.0,Other,"SIPRI Arms Transfers Database, TIV of imports, retrieved 29 July 2026"
Rwanda,2018,3.0,Other,"SIPRI Arms Transfers Database, TIV of imports, retrieved 29 July 2026"
Burkina Faso,2018,24.0,Other,"SIPRI Arms Transfers Database, TIV of imports, retrieved 29 July 2026"
DR Congo,2018,1.0,Other,"SIPRI Arms Transfers Database, TIV of imports, retrieved 29 July 2026"
Bolivia,2018,2.0,Other,"SIPRI Arms Transfers Database, TIV of imports, retrieved 29 July 2026"
Cote d'Ivoire,2018,10.0,Other,"SIPRI Arms Transfers Database, TIV of imports, retrieved 29 July 2026"
Austria,2018,6.0,Other,"SIPRI Arms Transfers Database, TIV of imports, retrieved 29 July 2026"
Yemen,2018,9.0,Other,"SIPRI Arms Transfers Database, TIV of imports, retrieved 29 July 2026"
Botswana,2018,5.0,Other,"SIPRI Arms Transfers Database, TIV of imports, retrieved 29 July 2026"
Mozambique,2018,3.0,Other,"SIPRI Arms Transfers Database, TIV of imports, retrieved 29 July 2026"
Niger,2018,1.0,Other,"SIPRI Arms Transfers Database, TIV of imports, retrieved 29 July 2026"
Albania,2018,1.0,NATO Europe,"SIPRI Arms Transfers Database, TIV of imports, retrieved 29 July 2026"
Tajikistan,2018,4.0,Other,"SIPRI Arms Transfers Database, TIV of imports, retrieved 29 July 2026"
Kyrgyzstan,2018,1.0,Other,"SIPRI Arms Transfers Database, TIV of imports, retrieved 29 July 2026"
Jamaica,2018,19.0,Other,"SIPRI Arms Transfers Database, TIV of imports, retrieved 29 July 2026"
Central African Republic,2018,2.0,Other,"SIPRI Arms Transfers Database, TIV of imports, retrieved 29 July 2026"
Georgia,2018,41.0,Other,"SIPRI Arms Transfers Database, TIV of imports, retrieved 29 July 2026"
Congo,2018,0.0,Other,"SIPRI Arms Transfers Database, TIV of imports, retrieved 29 July 2026"
Uruguay,2018,10.0,Other,"SIPRI Arms Transfers Database, TIV of imports, retrieved 29 July 2026"
Honduras,2018,1.0,Other,"SIPRI Arms Transfers Database, TIV of imports, retrieved 29 July 2026"
Nepal,2018,7.0,Other,"SIPRI Arms Transfers Database, TIV of imports, retrieved 29 July 2026"
Houthi rebels (Yemen)*,2018,9.0,Other,"SIPRI Arms Transfers Database, TIV of imports, retrieved 29 July 2026"
Seychelles,2018,10.0,Other,"SIPRI Arms Transfers Database, TIV of imports, retrieved 29 July 2026"
Guatemala,2018,4.0,Other,"SIPRI Arms Transfers Database, TIV of imports, retrieved 29 July 2026"
El Salvador,2018,1.0,Other,"SIPRI Arms Transfers Database, TIV of imports, retrieved 29 July 2026"
Kosovo,2018,1.0,Other,"SIPRI Arms Transfers Database, TIV of imports, retrieved 29 July 2026"
Papua New Guinea,2018,8.0,Other,"SIPRI Arms Transfers Database, TIV of imports, retrieved 29 July 2026"
Guinea,2018,1.0,Other,"SIPRI Arms Transfers Database, TIV of imports, retrieved 29 July 2026"
Montenegro,2018,15.0,NATO Europe,"SIPRI Arms Transfers Database, TIV of imports, retrieved 29 July 2026"
African Union**,2018,5.0,Other,"SIPRI Arms Transfers Database, TIV of imports, retrieved 29 July 2026"
Guyana,2018,0.0,Other,"SIPRI Arms Transfers Database, TIV of imports, retrieved 29 July 2026"
Costa Rica,2018,0.0,Other,"SIPRI Arms Transfers Database, TIV of imports, retrieved 29 July 2026"
Madagascar,2018,2.0,Other,"SIPRI Arms Transfers Database, TIV of imports, retrieved 29 July 2026"
Lesotho,2018,1.0,Other,"SIPRI Arms Transfers Database, TIV of imports, retrieved 29 July 2026"
Darfur rebels (Sudan)*,2018,0.0,Other,"SIPRI Arms Transfers Database, TIV of imports, retrieved 29 July 2026"
Total world import,2018,27368.0,World,"SIPRI Arms Transfers Database, TIV of imports, retrieved 29 July 2026"
India,2019,3202.0,Other,"SIPRI Arms Transfers Database, TIV of imports, retrieved 29 July 2026"
Saudi Arabia,2019,3033.0,Other,"SIPRI Arms Transfers Database, TIV of imports, retrieved 29 July 2026"
United Arab Emirates,2019,750.0,Other,"SIPRI Arms Transfers Database, TIV of imports, retrieved 29 July 2026"
Australia,2019,1159.0,Indo-Pacific allies,"SIPRI Arms Transfers Database, TIV of imports, retrieved 29 July 2026"
Qatar,2019,2230.0,Other,"SIPRI Arms Transfers Database, TIV of imports, retrieved 29 July 2026"
Egypt,2019,1088.0,Other,"SIPRI Arms Transfers Database, TIV of imports, retrieved 29 July 2026"
China,2019,1571.0,Other,"SIPRI Arms Transfers Database, TIV of imports, retrieved 29 July 2026"
Pakistan,2019,654.0,Other,"SIPRI Arms Transfers Database, TIV of imports, retrieved 29 July 2026"
Ukraine,2019,31.0,Other,"SIPRI Arms Transfers Database, TIV of imports, retrieved 29 July 2026"
South Korea,2019,1605.0,Indo-Pacific allies,"SIPRI Arms Transfers Database, TIV of imports, retrieved 29 July 2026"
United States,2019,882.0,Other,"SIPRI Arms Transfers Database, TIV of imports, retrieved 29 July 2026"
Algeria,2019,167.0,Other,"SIPRI Arms Transfers Database, TIV of imports, retrieved 29 July 2026"
Japan,2019,992.0,Indo-Pacific allies,"SIPRI Arms Transfers Database, TIV of imports, retrieved 29 July 2026"
Turkiye,2019,742.0,NATO Europe,"SIPRI Arms Transfers Database, TIV of imports, retrieved 29 July 2026"
United Kingdom,2019,402.0,NATO Europe,"SIPRI Arms Transfers Database, TIV of imports, retrieved 29 July 2026"
Indonesia,2019,239.0,Other,"SIPRI Arms Transfers Database, TIV of imports, retrieved 29 July 2026"
Viet Nam,2019,166.0,Other,"SIPRI Arms Transfers Database, TIV of imports, retrieved 29 July 2026"
Iraq,2019,144.0,Other,"SIPRI Arms Transfers Database, TIV of imports, retrieved 29 July 2026"
Israel,2019,516.0,Other,"SIPRI Arms Transfers Database, TIV of imports, retrieved 29 July 2026"
Poland,2019,213.0,NATO Europe,"SIPRI Arms Transfers Database, TIV of imports, retrieved 29 July 2026"
Singapore,2019,487.0,Other,"SIPRI Arms Transfers Database, TIV of imports, retrieved 29 July 2026"
Kuwait,2019,55.0,Other,"SIPRI Arms Transfers Database, TIV of imports, retrieved 29 July 2026"
Morocco,2019,48.0,Other,"SIPRI Arms Transfers Database, TIV of imports, retrieved 29 July 2026"
Norway,2019,389.0,NATO Europe,"SIPRI Arms Transfers Database, TIV of imports, retrieved 29 July 2026"
Taiwan,2019,55.0,Indo-Pacific allies,"SIPRI Arms Transfers Database, TIV of imports, retrieved 29 July 2026"
Italy,2019,178.0,NATO Europe,"SIPRI Arms Transfers Database, TIV of imports, retrieved 29 July 2026"
Netherlands,2019,494.0,NATO Europe,"SIPRI Arms Transfers Database, TIV of imports, retrieved 29 July 2026"
Bangladesh,2019,713.0,Other,"SIPRI Arms Transfers Database, TIV of imports, retrieved 29 July 2026"
Azerbaijan,2019,44.0,Other,"SIPRI Arms Transfers Database, TIV of imports, retrieved 29 July 2026"
Greece,2019,93.0,NATO Europe,"SIPRI Arms Transfers Database, TIV of imports, retrieved 29 July 2026"
Thailand,2019,293.0,Indo-Pacific allies,"SIPRI Arms Transfers Database, TIV of imports, retrieved 29 July 2026"
Brazil,2019,125.0,Other,"SIPRI Arms Transfers Database, TIV of imports, retrieved 29 July 2026"
Canada,2019,187.0,Other,"SIPRI Arms Transfers Database, TIV of imports, retrieved 29 July 2026"
Myanmar,2019,206.0,Other,"SIPRI Arms Transfers Database, TIV of imports, retrieved 29 July 2026"
Germany,2019,38.0,NATO Europe,"SIPRI Arms Transfers Database, TIV of imports, retrieved 29 July 2026"
Philippines,2019,191.0,Indo-Pacific allies,"SIPRI Arms Transfers Database, TIV of imports, retrieved 29 July 2026"
Afghanistan,2019,379.0,Other,"SIPRI Arms Transfers Database, TIV of imports, retrieved 29 July 2026"
Kazakhstan,2019,232.0,Other,"SIPRI Arms Transfers Database, TIV of imports, retrieved 29 July 2026"
Oman,2019,88.0,Other,"SIPRI Arms Transfers Database, TIV of imports, retrieved 29 July 2026"
Belarus,2019,333.0,Other,"SIPRI Arms Transfers Database, TIV of imports, retrieved 29 July 2026"
Jordan,2019,213.0,Other,"SIPRI Arms Transfers Database, TIV of imports, retrieved 29 July 2026"
Denmark,2019,55.0,NATO Europe,"SIPRI Arms Transfers Database, TIV of imports, retrieved 29 July 2026"
Spain,2019,35.0,NATO Europe,"SIPRI Arms Transfers Database, TIV of imports, retrieved 29 July 2026"
Romania,2019,13.0,NATO Europe,"SIPRI Arms Transfers Database, TIV of imports, retrieved 29 July 2026"
Syria,2019,104.0,Other,"SIPRI Arms Transfers Database, TIV of imports, retrieved 29 July 2026"
Bahrain,2019,21.0,Other,"SIPRI Arms Transfers Database, TIV of imports, retrieved 29 July 2026"
Belgium,2019,9.0,NATO Europe,"SIPRI Arms Transfers Database, TIV of imports, retrieved 29 July 2026"
France,2019,104.0,NATO Europe,"SIPRI Arms Transfers Database, TIV of imports, retrieved 29 July 2026"
Chile,2019,16.0,Other,"SIPRI Arms Transfers Database, TIV of imports, retrieved 29 July 2026"
Russia,2019,5.0,Other,"SIPRI Arms Transfers Database, TIV of imports, retrieved 29 July 2026"
Finland,2019,86.0,NATO Europe,"SIPRI Arms Transfers Database, TIV of imports, retrieved 29 July 2026"
Hungary,2019,16.0,NATO Europe,"SIPRI Arms Transfers Database, TIV of imports, retrieved 29 July 2026"
Sweden,2019,7.0,NATO Europe,"SIPRI Arms Transfers Database, TIV of imports, retrieved 29 July 2026"
NATO**,2019,70.0,Other,"SIPRI Arms Transfers Database, TIV of imports, retrieved 29 July 2026"
Nigeria,2019,18.0,Other,"SIPRI Arms Transfers Database, TIV of imports, retrieved 29 July 2026"
Serbia,2019,84.0,Other,"SIPRI Arms Transfers Database, TIV of imports, retrieved 29 July 2026"
Colombia,2019,22.0,Other,"SIPRI Arms Transfers Database, TIV of imports, retrieved 29 July 2026"
New Zealand,2019,3.0,Indo-Pacific allies,"SIPRI Arms Transfers Database, TIV of imports, retrieved 29 July 2026"
Malaysia,2019,68.0,Other,"SIPRI Arms Transfers Database, TIV of imports, retrieved 29 July 2026"
Sudan,2019,20.0,Other,"SIPRI Arms Transfers Database, TIV of imports, retrieved 29 July 2026"
Angola,2019,170.0,Other,"SIPRI Arms Transfers Database, TIV of imports, retrieved 29 July 2026"
Peru,2019,0.0,Other,"SIPRI Arms Transfers Database, TIV of imports, retrieved 29 July 2026"
Uganda,2019,23.0,Other,"SIPRI Arms Transfers Database, TIV of imports, retrieved 29 July 2026"
Ethiopia,2019,76.0,Other,"SIPRI Arms Transfers Database, TIV of imports, retrieved 29 July 2026"
Slovakia,2019,15.0,NATO Europe,"SIPRI Arms Transfers Database, TIV of imports, retrieved 29 July 2026"
Lithuania,2019,38.0,NATO Europe,"SIPRI Arms Transfers Database, TIV of imports, retrieved 29 July 2026"
Iran,2019,3.0,Other,"SIPRI Arms Transfers Database, TIV of imports, retrieved 29 July 2026"
Tunisia,2019,15.0,Other,"SIPRI Arms Transfers Database, TIV of imports, retrieved 29 July 2026"
Bulgaria,2019,2.0,NATO Europe,"SIPRI Arms Transfers Database, TIV of imports, retrieved 29 July 2026"
Uzbekistan,2019,78.0,Other,"SIPRI Arms Transfers Database, TIV of imports, retrieved 29 July 2026"
Portugal,2019,44.0,NATO Europe,"SIPRI Arms Transfers Database, TIV of imports, retrieved 29 July 2026"
Armenia,2019,248.0,Other,"SIPRI Arms Transfers Database, TIV of imports, retrieved 29 July 2026"
Estonia,2019,20.0,NATO Europe,"SIPRI Arms Transfers Database, TIV of imports, retrieved 29 July 2026"
Czechia,2019,1.0,NATO Europe,"SIPRI Arms Transfers Database, TIV of imports, retrieved 29 July 2026"
Senegal,2019,40.0,Other,"SIPRI Arms Transfers Database, TIV of imports, retrieved 29 July 2026"
Argentina,2019,51.0,Other,"SIPRI Arms Transfers Database, TIV of imports, retrieved 29 July 2026"
Croatia,2019,5.0,NATO Europe,"SIPRI Arms Transfers Database, TIV of imports, retrieved 29 July 2026"
Mali,2019,20.0,Other,"SIPRI Arms Transfers Database, TIV of imports, retrieved 29 July 2026"
Lebanon,2019,56.0,Other,"SIPRI Arms Transfers Database, TIV of imports, retrieved 29 July 2026"
Kenya,2019,18.0,Other,"SIPRI Arms Transfers Database, TIV of imports, retrieved 29 July 2026"
House of Representatives (Libya)*,2019,31.0,Other,"SIPRI Arms Transfers Database, TIV of imports, retrieved 29 July 2026"
Ecuador,2019,3.0,Other,"SIPRI Arms Transfers Database, TIV of imports, retrieved 29 July 2026"
Sri Lanka,2019,59.0,Other,"SIPRI Arms Transfers Database, TIV of imports, retrieved 29 July 2026"
Cameroon,2019,4.0,Other,"SIPRI Arms Transfers Database, TIV of imports, retrieved 29 July 2026"
Ghana,2019,2.0,Other,"SIPRI Arms Transfers Database, TIV of imports, retrieved 29 July 2026"
Cyprus,2019,20.0,Other,"SIPRI Arms Transfers Database, TIV of imports, retrieved 29 July 2026"
Latvia,2019,31.0,NATO Europe,"SIPRI Arms Transfers Database, TIV of imports, retrieved 29 July 2026"
Cambodia,2019,1.0,Other,"SIPRI Arms Transfers Database, TIV of imports, retrieved 29 July 2026"
Libya,2019,34.0,Other,"SIPRI Arms Transfers Database, TIV of imports, retrieved 29 July 2026"
Laos,2019,27.0,Other,"SIPRI Arms Transfers Database, TIV of imports, retrieved 29 July 2026"
Ireland,2019,35.0,Other,"SIPRI Arms Transfers Database, TIV of imports, retrieved 29 July 2026"
unknown recipient(s),2019,48.0,Other,"SIPRI Arms Transfers Database, TIV of imports, retrieved 29 July 2026"
Chad,2019,1.0,Other,"SIPRI Arms Transfers Database, TIV of imports, retrieved 29 July 2026"
Zambia,2019,43.0,Other,"SIPRI Arms Transfers Database, TIV of imports, retrieved 29 July 2026"
Mauritania,2019,34.0,Other,"SIPRI Arms Transfers Database, TIV of imports, retrieved 29 July 2026"
Mongolia,2019,17.0,Other,"SIPRI Arms Transfers Database, TIV of imports, retrieved 29 July 2026"
Rwanda,2019,1.0,Other,"SIPRI Arms Transfers Database, TIV of imports, retrieved 29 July 2026"
Burkina Faso,2019,7.0,Other,"SIPRI Arms Transfers Database, TIV of imports, retrieved 29 July 2026"
Bolivia,2019,34.0,Other,"SIPRI Arms Transfers Database, TIV of imports, retrieved 29 July 2026"
Cote d'Ivoire,2019,15.0,Other,"SIPRI Arms Transfers Database, TIV of imports, retrieved 29 July 2026"
Austria,2019,18.0,Other,"SIPRI Arms Transfers Database, TIV of imports, retrieved 29 July 2026"
Botswana,2019,7.0,Other,"SIPRI Arms Transfers Database, TIV of imports, retrieved 29 July 2026"
Mozambique,2019,22.0,Other,"SIPRI Arms Transfers Database, TIV of imports, retrieved 29 July 2026"
Nicaragua,2019,13.0,Other,"SIPRI Arms Transfers Database, TIV of imports, retrieved 29 July 2026"
Niger,2019,5.0,Other,"SIPRI Arms Transfers Database, TIV of imports, retrieved 29 July 2026"
Djibouti,2019,11.0,Other,"SIPRI Arms Transfers Database, TIV of imports, retrieved 29 July 2026"
Albania,2019,5.0,NATO Europe,"SIPRI Arms Transfers Database, TIV of imports, retrieved 29 July 2026"
Tajikistan,2019,5.0,Other,"SIPRI Arms Transfers Database, TIV of imports, retrieved 29 July 2026"
Kyrgyzstan,2019,15.0,Other,"SIPRI Arms Transfers Database, TIV of imports, retrieved 29 July 2026"
Luxembourg,2019,3.0,NATO Europe,"SIPRI Arms Transfers Database, TIV of imports, retrieved 29 July 2026"
Jamaica,2019,3.0,Other,"SIPRI Arms Transfers Database, TIV of imports, retrieved 29 July 2026"
Togo,2019,6.0,Other,"SIPRI Arms Transfers Database, TIV of imports, retrieved 29 July 2026"
Georgia,2019,6.0,Other,"SIPRI Arms Transfers Database, TIV of imports, retrieved 29 July 2026"
Congo,2019,3.0,Other,"SIPRI Arms Transfers Database, TIV of imports, retrieved 29 July 2026"
Honduras,2019,23.0,Other,"SIPRI Arms Transfers Database, TIV of imports, retrieved 29 July 2026"
Nepal,2019,38.0,Other,"SIPRI Arms Transfers Database, TIV of imports, retrieved 29 July 2026"
Houthi rebels (Yemen)*,2019,9.0,Other,"SIPRI Arms Transfers Database, TIV of imports, retrieved 29 July 2026"
Guatemala,2019,14.0,Other,"SIPRI Arms Transfers Database, TIV of imports, retrieved 29 July 2026"
Gabon,2019,26.0,Other,"SIPRI Arms Transfers Database, TIV of imports, retrieved 29 July 2026"
El Salvador,2019,2.0,Other,"SIPRI Arms Transfers Database, TIV of imports, retrieved 29 July 2026"
Paraguay,2019,2.0,Other,"SIPRI Arms Transfers Database, TIV of imports, retrieved 29 July 2026"
Guinea,2019,4.0,Other,"SIPRI Arms Transfers Database, TIV of imports, retrieved 29 July 2026"
Somalia,2019,8.0,Other,"SIPRI Arms Transfers Database, TIV of imports, retrieved 29 July 2026"
Maldives,2019,2.0,Other,"SIPRI Arms Transfers Database, TIV of imports, retrieved 29 July 2026"
African Union**,2019,3.0,Other,"SIPRI Arms Transfers Database, TIV of imports, retrieved 29 July 2026"
Guyana,2019,2.0,Other,"SIPRI Arms Transfers Database, TIV of imports, retrieved 29 July 2026"
Liberia,2019,1.0,Other,"SIPRI Arms Transfers Database, TIV of imports, retrieved 29 July 2026"
Bosnia-Herzegovina,2019,0.0,Other,"SIPRI Arms Transfers Database, TIV of imports, retrieved 29 July 2026"
Solomon Islands,2019,7.0,Other,"SIPRI Arms Transfers Database, TIV of imports, retrieved 29 July 2026"
Tonga,2019,7.0,Other,"SIPRI Arms Transfers Database, TIV of imports, retrieved 29 July 2026"
Cabo Verde,2019,3.0,Other,"SIPRI Arms Transfers Database, TIV of imports, retrieved 29 July 2026"
Burundi,2019,2.0,Other,"SIPRI Arms Transfers Database, TIV of imports, retrieved 29 July 2026"
Costa Rica,2019,8.0,Other,"SIPRI Arms Transfers Database, TIV of imports, retrieved 29 July 2026"
Madagascar,2019,1.0,Other,"SIPRI Arms Transfers Database, TIV of imports, retrieved 29 July 2026"
Syria rebels*,2019,1.0,Other,"SIPRI Arms Transfers Database, TIV of imports, retrieved 29 July 2026"
Lesotho,2019,1.0,Other,"SIPRI Arms Transfers Database, TIV of imports, retrieved 29 July 2026"
Palestine,2019,1.0,Other,"SIPRI Arms Transfers Database, TIV of imports, retrieved 29 July 2026"
Total world import,2019,27036.0,World,"SIPRI Arms Transfers Database, TIV of imports, retrieved 29 July 2026"
India,2020,2670.0,Other,"SIPRI Arms Transfers Database, TIV of imports, retrieved 29 July 2026"
Saudi Arabia,2020,2241.0,Other,"SIPRI Arms Transfers Database, TIV of imports, retrieved 29 July 2026"
United Arab Emirates,2020,660.0,Other,"SIPRI Arms Transfers Database, TIV of imports, retrieved 29 July 2026"
Australia,2020,1632.0,Indo-Pacific allies,"SIPRI Arms Transfers Database, TIV of imports, retrieved 29 July 2026"
Qatar,2020,1082.0,Other,"SIPRI Arms Transfers Database, TIV of imports, retrieved 29 July 2026"
Egypt,2020,1398.0,Other,"SIPRI Arms Transfers Database, TIV of imports, retrieved 29 July 2026"
China,2020,775.0,Other,"SIPRI Arms Transfers Database, TIV of imports, retrieved 29 July 2026"
Pakistan,2020,624.0,Other,"SIPRI Arms Transfers Database, TIV of imports, retrieved 29 July 2026"
Ukraine,2020,18.0,Other,"SIPRI Arms Transfers Database, TIV of imports, retrieved 29 July 2026"
South Korea,2020,1273.0,Indo-Pacific allies,"SIPRI Arms Transfers Database, TIV of imports, retrieved 29 July 2026"
United States,2020,806.0,Other,"SIPRI Arms Transfers Database, TIV of imports, retrieved 29 July 2026"
Algeria,2020,601.0,Other,"SIPRI Arms Transfers Database, TIV of imports, retrieved 29 July 2026"
Japan,2020,929.0,Indo-Pacific allies,"SIPRI Arms Transfers Database, TIV of imports, retrieved 29 July 2026"
Turkiye,2020,110.0,NATO Europe,"SIPRI Arms Transfers Database, TIV of imports, retrieved 29 July 2026"
United Kingdom,2020,635.0,NATO Europe,"SIPRI Arms Transfers Database, TIV of imports, retrieved 29 July 2026"
Indonesia,2020,283.0,Other,"SIPRI Arms Transfers Database, TIV of imports, retrieved 29 July 2026"
Viet Nam,2020,38.0,Other,"SIPRI Arms Transfers Database, TIV of imports, retrieved 29 July 2026"
Iraq,2020,5.0,Other,"SIPRI Arms Transfers Database, TIV of imports, retrieved 29 July 2026"
Israel,2020,379.0,Other,"SIPRI Arms Transfers Database, TIV of imports, retrieved 29 July 2026"
Poland,2020,153.0,NATO Europe,"SIPRI Arms Transfers Database, TIV of imports, retrieved 29 July 2026"
Singapore,2020,176.0,Other,"SIPRI Arms Transfers Database, TIV of imports, retrieved 29 July 2026"
Kuwait,2020,67.0,Other,"SIPRI Arms Transfers Database, TIV of imports, retrieved 29 July 2026"
Morocco,2020,16.0,Other,"SIPRI Arms Transfers Database, TIV of imports, retrieved 29 July 2026"
Norway,2020,459.0,NATO Europe,"SIPRI Arms Transfers Database, TIV of imports, retrieved 29 July 2026"
Taiwan,2020,111.0,Indo-Pacific allies,"SIPRI Arms Transfers Database, TIV of imports, retrieved 29 July 2026"
Italy,2020,201.0,NATO Europe,"SIPRI Arms Transfers Database, TIV of imports, retrieved 29 July 2026"
Netherlands,2020,575.0,NATO Europe,"SIPRI Arms Transfers Database, TIV of imports, retrieved 29 July 2026"
Bangladesh,2020,70.0,Other,"SIPRI Arms Transfers Database, TIV of imports, retrieved 29 July 2026"
Azerbaijan,2020,51.0,Other,"SIPRI Arms Transfers Database, TIV of imports, retrieved 29 July 2026"
Greece,2020,92.0,NATO Europe,"SIPRI Arms Transfers Database, TIV of imports, retrieved 29 July 2026"
Thailand,2020,141.0,Indo-Pacific allies,"SIPRI Arms Transfers Database, TIV of imports, retrieved 29 July 2026"
Brazil,2020,134.0,Other,"SIPRI Arms Transfers Database, TIV of imports, retrieved 29 July 2026"
Canada,2020,248.0,Other,"SIPRI Arms Transfers Database, TIV of imports, retrieved 29 July 2026"
Myanmar,2020,217.0,Other,"SIPRI Arms Transfers Database, TIV of imports, retrieved 29 July 2026"
Germany,2020,105.0,NATO Europe,"SIPRI Arms Transfers Database, TIV of imports, retrieved 29 July 2026"
Philippines,2020,385.0,Indo-Pacific allies,"SIPRI Arms Transfers Database, TIV of imports, retrieved 29 July 2026"
Afghanistan,2020,231.0,Other,"SIPRI Arms Transfers Database, TIV of imports, retrieved 29 July 2026"
Kazakhstan,2020,270.0,Other,"SIPRI Arms Transfers Database, TIV of imports, retrieved 29 July 2026"
Oman,2020,85.0,Other,"SIPRI Arms Transfers Database, TIV of imports, retrieved 29 July 2026"
Venezuela,2020,79.0,Other,"SIPRI Arms Transfers Database, TIV of imports, retrieved 29 July 2026"
Belarus,2020,13.0,Other,"SIPRI Arms Transfers Database, TIV of imports, retrieved 29 July 2026"
Jordan,2020,148.0,Other,"SIPRI Arms Transfers Database, TIV of imports, retrieved 29 July 2026"
Denmark,2020,63.0,NATO Europe,"SIPRI Arms Transfers Database, TIV of imports, retrieved 29 July 2026"
Spain,2020,70.0,NATO Europe,"SIPRI Arms Transfers Database, TIV of imports, retrieved 29 July 2026"
Romania,2020,168.0,NATO Europe,"SIPRI Arms Transfers Database, TIV of imports, retrieved 29 July 2026"
Syria,2020,80.0,Other,"SIPRI Arms Transfers Database, TIV of imports, retrieved 29 July 2026"
Bahrain,2020,27.0,Other,"SIPRI Arms Transfers Database, TIV of imports, retrieved 29 July 2026"
Mexico,2020,277.0,Other,"SIPRI Arms Transfers Database, TIV of imports, retrieved 29 July 2026"
Belgium,2020,90.0,NATO Europe,"SIPRI Arms Transfers Database, TIV of imports, retrieved 29 July 2026"
France,2020,225.0,NATO Europe,"SIPRI Arms Transfers Database, TIV of imports, retrieved 29 July 2026"
Chile,2020,304.0,Other,"SIPRI Arms Transfers Database, TIV of imports, retrieved 29 July 2026"
Russia,2020,1.0,Other,"SIPRI Arms Transfers Database, TIV of imports, retrieved 29 July 2026"
Finland,2020,96.0,NATO Europe,"SIPRI Arms Transfers Database, TIV of imports, retrieved 29 July 2026"
Hungary,2020,55.0,NATO Europe,"SIPRI Arms Transfers Database, TIV of imports, retrieved 29 July 2026"
Sweden,2020,3.0,NATO Europe,"SIPRI Arms Transfers Database, TIV of imports, retrieved 29 July 2026"
NATO**,2020,465.0,Other,"SIPRI Arms Transfers Database, TIV of imports, retrieved 29 July 2026"
Nigeria,2020,84.0,Other,"SIPRI Arms Transfers Database, TIV of imports, retrieved 29 July 2026"
Serbia,2020,147.0,Other,"SIPRI Arms Transfers Database, TIV of imports, retrieved 29 July 2026"
Colombia,2020,80.0,Other,"SIPRI Arms Transfers Database, TIV of imports, retrieved 29 July 2026"
New Zealand,2020,146.0,Indo-Pacific allies,"SIPRI Arms Transfers Database, TIV of imports, retrieved 29 July 2026"
Malaysia,2020,51.0,Other,"SIPRI Arms Transfers Database, TIV of imports, retrieved 29 July 2026"
Angola,2020,51.0,Other,"SIPRI Arms Transfers Database, TIV of imports, retrieved 29 July 2026"
Peru,2020,28.0,Other,"SIPRI Arms Transfers Database, TIV of imports, retrieved 29 July 2026"
Uganda,2020,79.0,Other,"SIPRI Arms Transfers Database, TIV of imports, retrieved 29 July 2026"
Ethiopia,2020,25.0,Other,"SIPRI Arms Transfers Database, TIV of imports, retrieved 29 July 2026"
Slovakia,2020,25.0,NATO Europe,"SIPRI Arms Transfers Database, TIV of imports, retrieved 29 July 2026"
Lithuania,2020,119.0,NATO Europe,"SIPRI Arms Transfers Database, TIV of imports, retrieved 29 July 2026"
Iran,2020,2.0,Other,"SIPRI Arms Transfers Database, TIV of imports, retrieved 29 July 2026"
Tunisia,2020,16.0,Other,"SIPRI Arms Transfers Database, TIV of imports, retrieved 29 July 2026"
Bulgaria,2020,44.0,NATO Europe,"SIPRI Arms Transfers Database, TIV of imports, retrieved 29 July 2026"
Uzbekistan,2020,92.0,Other,"SIPRI Arms Transfers Database, TIV of imports, retrieved 29 July 2026"
Portugal,2020,45.0,NATO Europe,"SIPRI Arms Transfers Database, TIV of imports, retrieved 29 July 2026"
Estonia,2020,25.0,NATO Europe,"SIPRI Arms Transfers Database, TIV of imports, retrieved 29 July 2026"
Czechia,2020,8.0,NATO Europe,"SIPRI Arms Transfers Database, TIV of imports, retrieved 29 July 2026"
Senegal,2020,22.0,Other,"SIPRI Arms Transfers Database, TIV of imports, retrieved 29 July 2026"
Argentina,2020,7.0,Other,"SIPRI Arms Transfers Database, TIV of imports, retrieved 29 July 2026"
Tanzania,2020,9.0,Other,"SIPRI Arms Transfers Database, TIV of imports, retrieved 29 July 2026"
Mali,2020,49.0,Other,"SIPRI Arms Transfers Database, TIV of imports, retrieved 29 July 2026"
Lebanon,2020,45.0,Other,"SIPRI Arms Transfers Database, TIV of imports, retrieved 29 July 2026"
Kenya,2020,71.0,Other,"SIPRI Arms Transfers Database, TIV of imports, retrieved 29 July 2026"
House of Representatives (Libya)*,2020,192.0,Other,"SIPRI Arms Transfers Database, TIV of imports, retrieved 29 July 2026"
Ecuador,2020,21.0,Other,"SIPRI Arms Transfers Database, TIV of imports, retrieved 29 July 2026"
Cameroon,2020,2.0,Other,"SIPRI Arms Transfers Database, TIV of imports, retrieved 29 July 2026"
Ghana,2020,12.0,Other,"SIPRI Arms Transfers Database, TIV of imports, retrieved 29 July 2026"
Cyprus,2020,31.0,Other,"SIPRI Arms Transfers Database, TIV of imports, retrieved 29 July 2026"
Latvia,2020,10.0,NATO Europe,"SIPRI Arms Transfers Database, TIV of imports, retrieved 29 July 2026"
Libya,2020,0.0,Other,"SIPRI Arms Transfers Database, TIV of imports, retrieved 29 July 2026"
Laos,2020,17.0,Other,"SIPRI Arms Transfers Database, TIV of imports, retrieved 29 July 2026"
Ireland,2020,9.0,Other,"SIPRI Arms Transfers Database, TIV of imports, retrieved 29 July 2026"
unknown recipient(s),2020,36.0,Other,"SIPRI Arms Transfers Database, TIV of imports, retrieved 29 July 2026"
Chad,2020,4.0,Other,"SIPRI Arms Transfers Database, TIV of imports, retrieved 29 July 2026"
Zambia,2020,3.0,Other,"SIPRI Arms Transfers Database, TIV of imports, retrieved 29 July 2026"
Burkina Faso,2020,3.0,Other,"SIPRI Arms Transfers Database, TIV of imports, retrieved 29 July 2026"
DR Congo,2020,9.0,Other,"SIPRI Arms Transfers Database, TIV of imports, retrieved 29 July 2026"
Bolivia,2020,26.0,Other,"SIPRI Arms Transfers Database, TIV of imports, retrieved 29 July 2026"
Cote d'Ivoire,2020,3.0,Other,"SIPRI Arms Transfers Database, TIV of imports, retrieved 29 July 2026"
Austria,2020,14.0,Other,"SIPRI Arms Transfers Database, TIV of imports, retrieved 29 July 2026"
Botswana,2020,76.0,Other,"SIPRI Arms Transfers Database, TIV of imports, retrieved 29 July 2026"
Mozambique,2020,1.0,Other,"SIPRI Arms Transfers Database, TIV of imports, retrieved 29 July 2026"
Niger,2020,19.0,Other,"SIPRI Arms Transfers Database, TIV of imports, retrieved 29 July 2026"
Djibouti,2020,1.0,Other,"SIPRI Arms Transfers Database, TIV of imports, retrieved 29 July 2026"
Albania,2020,12.0,NATO Europe,"SIPRI Arms Transfers Database, TIV of imports, retrieved 29 July 2026"
Luxembourg,2020,88.0,NATO Europe,"SIPRI Arms Transfers Database, TIV of imports, retrieved 29 July 2026"
Jamaica,2020,10.0,Other,"SIPRI Arms Transfers Database, TIV of imports, retrieved 29 July 2026"
Togo,2020,5.0,Other,"SIPRI Arms Transfers Database, TIV of imports, retrieved 29 July 2026"
Central African Republic,2020,1.0,Other,"SIPRI Arms Transfers Database, TIV of imports, retrieved 29 July 2026"
Uruguay,2020,25.0,Other,"SIPRI Arms Transfers Database, TIV of imports, retrieved 29 July 2026"
Honduras,2020,0.0,Other,"SIPRI Arms Transfers Database, TIV of imports, retrieved 29 July 2026"
Houthi rebels (Yemen)*,2020,10.0,Other,"SIPRI Arms Transfers Database, TIV of imports, retrieved 29 July 2026"
El Salvador,2020,4.0,Other,"SIPRI Arms Transfers Database, TIV of imports, retrieved 29 July 2026"
Dominican Republic,2020,4.0,Other,"SIPRI Arms Transfers Database, TIV of imports, retrieved 29 July 2026"
Benin,2020,1.0,Other,"SIPRI Arms Transfers Database, TIV of imports, retrieved 29 July 2026"
Kosovo,2020,3.0,Other,"SIPRI Arms Transfers Database, TIV of imports, retrieved 29 July 2026"
Montenegro,2020,5.0,NATO Europe,"SIPRI Arms Transfers Database, TIV of imports, retrieved 29 July 2026"
Somalia,2020,2.0,Other,"SIPRI Arms Transfers Database, TIV of imports, retrieved 29 July 2026"
Maldives,2020,3.0,Other,"SIPRI Arms Transfers Database, TIV of imports, retrieved 29 July 2026"
Fiji,2020,7.0,Other,"SIPRI Arms Transfers Database, TIV of imports, retrieved 29 July 2026"
Bosnia-Herzegovina,2020,0.0,Other,"SIPRI Arms Transfers Database, TIV of imports, retrieved 29 July 2026"
Tonga,2020,7.0,Other,"SIPRI Arms Transfers Database, TIV of imports, retrieved 29 July 2026"
Madagascar,2020,1.0,Other,"SIPRI Arms Transfers Database, TIV of imports, retrieved 29 July 2026"
eSwatini,2020,2.0,Other,"SIPRI Arms Transfers Database, TIV of imports, retrieved 29 July 2026"
Total world import,2020,24055.0,World,"SIPRI Arms Transfers Database, TIV of imports, retrieved 29 July 2026"
India,2021,3958.0,Other,"SIPRI Arms Transfers Database, TIV of imports, retrieved 29 July 2026"
Saudi Arabia,2021,1747.0,Other,"SIPRI Arms Transfers Database, TIV of imports, retrieved 29 July 2026"
United Arab Emirates,2021,577.0,Other,"SIPRI Arms Transfers Database, TIV of imports, retrieved 29 July 2026"
Australia,2021,1218.0,Indo-Pacific allies,"SIPRI Arms Transfers Database, TIV of imports, retrieved 29 July 2026"
Qatar,2021,2288.0,Other,"SIPRI Arms Transfers Database, TIV of imports, retrieved 29 July 2026"
Egypt,2021,1299.0,Other,"SIPRI Arms Transfers Database, TIV of imports, retrieved 29 July 2026"
China,2021,685.0,Other,"SIPRI Arms Transfers Database, TIV of imports, retrieved 29 July 2026"
Pakistan,2021,984.0,Other,"SIPRI Arms Transfers Database, TIV of imports, retrieved 29 July 2026"
Ukraine,2021,44.0,Other,"SIPRI Arms Transfers Database, TIV of imports, retrieved 29 July 2026"
South Korea,2021,812.0,Indo-Pacific allies,"SIPRI Arms Transfers Database, TIV of imports, retrieved 29 July 2026"
United States,2021,922.0,Other,"SIPRI Arms Transfers Database, TIV of imports, retrieved 29 July 2026"
Algeria,2021,164.0,Other,"SIPRI Arms Transfers Database, TIV of imports, retrieved 29 July 2026"
Japan,2021,1009.0,Indo-Pacific allies,"SIPRI Arms Transfers Database, TIV of imports, retrieved 29 July 2026"
Turkiye,2021,249.0,NATO Europe,"SIPRI Arms Transfers Database, TIV of imports, retrieved 29 July 2026"
United Kingdom,2021,886.0,NATO Europe,"SIPRI Arms Transfers Database, TIV of imports, retrieved 29 July 2026"
Indonesia,2021,366.0,Other,"SIPRI Arms Transfers Database, TIV of imports, retrieved 29 July 2026"
Viet Nam,2021,235.0,Other,"SIPRI Arms Transfers Database, TIV of imports, retrieved 29 July 2026"
Israel,2021,458.0,Other,"SIPRI Arms Transfers Database, TIV of imports, retrieved 29 July 2026"
Poland,2021,68.0,NATO Europe,"SIPRI Arms Transfers Database, TIV of imports, retrieved 29 July 2026"
Singapore,2021,226.0,Other,"SIPRI Arms Transfers Database, TIV of imports, retrieved 29 July 2026"
Kuwait,2021,1565.0,Other,"SIPRI Arms Transfers Database, TIV of imports, retrieved 29 July 2026"
Morocco,2021,53.0,Other,"SIPRI Arms Transfers Database, TIV of imports, retrieved 29 July 2026"
Norway,2021,503.0,NATO Europe,"SIPRI Arms Transfers Database, TIV of imports, retrieved 29 July 2026"
Taiwan,2021,158.0,Indo-Pacific allies,"SIPRI Arms Transfers Database, TIV of imports, retrieved 29 July 2026"
Italy,2021,211.0,NATO Europe,"SIPRI Arms Transfers Database, TIV of imports, retrieved 29 July 2026"
Netherlands,2021,512.0,NATO Europe,"SIPRI Arms Transfers Database, TIV of imports, retrieved 29 July 2026"
Bangladesh,2021,60.0,Other,"SIPRI Arms Transfers Database, TIV of imports, retrieved 29 July 2026"
Greece,2021,231.0,NATO Europe,"SIPRI Arms Transfers Database, TIV of imports, retrieved 29 July 2026"
Thailand,2021,151.0,Indo-Pacific allies,"SIPRI Arms Transfers Database, TIV of imports, retrieved 29 July 2026"
Brazil,2021,240.0,Other,"SIPRI Arms Transfers Database, TIV of imports, retrieved 29 July 2026"
Canada,2021,357.0,Other,"SIPRI Arms Transfers Database, TIV of imports, retrieved 29 July 2026"
Myanmar,2021,67.0,Other,"SIPRI Arms Transfers Database, TIV of imports, retrieved 29 July 2026"
Germany,2021,235.0,NATO Europe,"SIPRI Arms Transfers Database, TIV of imports, retrieved 29 July 2026"
Philippines,2021,365.0,Indo-Pacific allies,"SIPRI Arms Transfers Database, TIV of imports, retrieved 29 July 2026"
Afghanistan,2021,65.0,Other,"SIPRI Arms Transfers Database, TIV of imports, retrieved 29 July 2026"
Kazakhstan,2021,195.0,Other,"SIPRI Arms Transfers Database, TIV of imports, retrieved 29 July 2026"
Oman,2021,4.0,Other,"SIPRI Arms Transfers Database, TIV of imports, retrieved 29 July 2026"
Belarus,2021,69.0,Other,"SIPRI Arms Transfers Database, TIV of imports, retrieved 29 July 2026"
Jordan,2021,67.0,Other,"SIPRI Arms Transfers Database, TIV of imports, retrieved 29 July 2026"
Denmark,2021,264.0,NATO Europe,"SIPRI Arms Transfers Database, TIV of imports, retrieved 29 July 2026"
Spain,2021,134.0,NATO Europe,"SIPRI Arms Transfers Database, TIV of imports, retrieved 29 July 2026"
Romania,2021,105.0,NATO Europe,"SIPRI Arms Transfers Database, TIV of imports, retrieved 29 July 2026"
Syria,2021,7.0,Other,"SIPRI Arms Transfers Database, TIV of imports, retrieved 29 July 2026"
Bahrain,2021,184.0,Other,"SIPRI Arms Transfers Database, TIV of imports, retrieved 29 July 2026"
Mexico,2021,3.0,Other,"SIPRI Arms Transfers Database, TIV of imports, retrieved 29 July 2026"
Belgium,2021,255.0,NATO Europe,"SIPRI Arms Transfers Database, TIV of imports, retrieved 29 July 2026"
France,2021,105.0,NATO Europe,"SIPRI Arms Transfers Database, TIV of imports, retrieved 29 July 2026"
Turkmenistan,2021,382.0,Other,"SIPRI Arms Transfers Database, TIV of imports, retrieved 29 July 2026"
Chile,2021,66.0,Other,"SIPRI Arms Transfers Database, TIV of imports, retrieved 29 July 2026"
Russia,2021,6.0,Other,"SIPRI Arms Transfers Database, TIV of imports, retrieved 29 July 2026"
Finland,2021,20.0,NATO Europe,"SIPRI Arms Transfers Database, TIV of imports, retrieved 29 July 2026"
Hungary,2021,20.0,NATO Europe,"SIPRI Arms Transfers Database, TIV of imports, retrieved 29 July 2026"
Sweden,2021,110.0,NATO Europe,"SIPRI Arms Transfers Database, TIV of imports, retrieved 29 July 2026"
NATO**,2021,240.0,Other,"SIPRI Arms Transfers Database, TIV of imports, retrieved 29 July 2026"
Nigeria,2021,273.0,Other,"SIPRI Arms Transfers Database, TIV of imports, retrieved 29 July 2026"
Serbia,2021,117.0,Other,"SIPRI Arms Transfers Database, TIV of imports, retrieved 29 July 2026"
Colombia,2021,45.0,Other,"SIPRI Arms Transfers Database, TIV of imports, retrieved 29 July 2026"
New Zealand,2021,36.0,Indo-Pacific allies,"SIPRI Arms Transfers Database, TIV of imports, retrieved 29 July 2026"
Malaysia,2021,133.0,Other,"SIPRI Arms Transfers Database, TIV of imports, retrieved 29 July 2026"
Peru,2021,62.0,Other,"SIPRI Arms Transfers Database, TIV of imports, retrieved 29 July 2026"
Uganda,2021,8.0,Other,"SIPRI Arms Transfers Database, TIV of imports, retrieved 29 July 2026"
Ethiopia,2021,16.0,Other,"SIPRI Arms Transfers Database, TIV of imports, retrieved 29 July 2026"
Slovakia,2021,1.0,NATO Europe,"SIPRI Arms Transfers Database, TIV of imports, retrieved 29 July 2026"
Lithuania,2021,109.0,NATO Europe,"SIPRI Arms Transfers Database, TIV of imports, retrieved 29 July 2026"
Tunisia,2021,19.0,Other,"SIPRI Arms Transfers Database, TIV of imports, retrieved 29 July 2026"
Bulgaria,2021,1.0,NATO Europe,"SIPRI Arms Transfers Database, TIV of imports, retrieved 29 July 2026"
Uzbekistan,2021,14.0,Other,"SIPRI Arms Transfers Database, TIV of imports, retrieved 29 July 2026"
Portugal,2021,6.0,NATO Europe,"SIPRI Arms Transfers Database, TIV of imports, retrieved 29 July 2026"
Armenia,2021,32.0,Other,"SIPRI Arms Transfers Database, TIV of imports, retrieved 29 July 2026"
Estonia,2021,20.0,NATO Europe,"SIPRI Arms Transfers Database, TIV of imports, retrieved 29 July 2026"
Czechia,2021,32.0,NATO Europe,"SIPRI Arms Transfers Database, TIV of imports, retrieved 29 July 2026"
Senegal,2021,21.0,Other,"SIPRI Arms Transfers Database, TIV of imports, retrieved 29 July 2026"
Argentina,2021,77.0,Other,"SIPRI Arms Transfers Database, TIV of imports, retrieved 29 July 2026"
Tanzania,2021,53.0,Other,"SIPRI Arms Transfers Database, TIV of imports, retrieved 29 July 2026"
Mali,2021,39.0,Other,"SIPRI Arms Transfers Database, TIV of imports, retrieved 29 July 2026"
Lebanon,2021,43.0,Other,"SIPRI Arms Transfers Database, TIV of imports, retrieved 29 July 2026"
Kenya,2021,4.0,Other,"SIPRI Arms Transfers Database, TIV of imports, retrieved 29 July 2026"
House of Representatives (Libya)*,2021,5.0,Other,"SIPRI Arms Transfers Database, TIV of imports, retrieved 29 July 2026"
Ecuador,2021,16.0,Other,"SIPRI Arms Transfers Database, TIV of imports, retrieved 29 July 2026"
Sri Lanka,2021,54.0,Other,"SIPRI Arms Transfers Database, TIV of imports, retrieved 29 July 2026"
Cameroon,2021,4.0,Other,"SIPRI Arms Transfers Database, TIV of imports, retrieved 29 July 2026"
Cyprus,2021,12.0,Other,"SIPRI Arms Transfers Database, TIV of imports, retrieved 29 July 2026"
Latvia,2021,15.0,NATO Europe,"SIPRI Arms Transfers Database, TIV of imports, retrieved 29 July 2026"
Cambodia,2021,35.0,Other,"SIPRI Arms Transfers Database, TIV of imports, retrieved 29 July 2026"
Laos,2021,3.0,Other,"SIPRI Arms Transfers Database, TIV of imports, retrieved 29 July 2026"
unknown recipient(s),2021,3.0,Other,"SIPRI Arms Transfers Database, TIV of imports, retrieved 29 July 2026"
Equatorial Guinea,2021,0.0,Other,"SIPRI Arms Transfers Database, TIV of imports, retrieved 29 July 2026"
Chad,2021,47.0,Other,"SIPRI Arms Transfers Database, TIV of imports, retrieved 29 July 2026"
Zambia,2021,20.0,Other,"SIPRI Arms Transfers Database, TIV of imports, retrieved 29 July 2026"
Mauritania,2021,6.0,Other,"SIPRI Arms Transfers Database, TIV of imports, retrieved 29 July 2026"
Mongolia,2021,25.0,Other,"SIPRI Arms Transfers Database, TIV of imports, retrieved 29 July 2026"
Rwanda,2021,65.0,Other,"SIPRI Arms Transfers Database, TIV of imports, retrieved 29 July 2026"
Burkina Faso,2021,26.0,Other,"SIPRI Arms Transfers Database, TIV of imports, retrieved 29 July 2026"
Cote d'Ivoire,2021,7.0,Other,"SIPRI Arms Transfers Database, TIV of imports, retrieved 29 July 2026"
Austria,2021,34.0,Other,"SIPRI Arms Transfers Database, TIV of imports, retrieved 29 July 2026"
South Sudan,2021,8.0,Other,"SIPRI Arms Transfers Database, TIV of imports, retrieved 29 July 2026"
Botswana,2021,16.0,Other,"SIPRI Arms Transfers Database, TIV of imports, retrieved 29 July 2026"
Mozambique,2021,19.0,Other,"SIPRI Arms Transfers Database, TIV of imports, retrieved 29 July 2026"
Trinidad and Tobago,2021,32.0,Other,"SIPRI Arms Transfers Database, TIV of imports, retrieved 29 July 2026"
Niger,2021,16.0,Other,"SIPRI Arms Transfers Database, TIV of imports, retrieved 29 July 2026"
Djibouti,2021,46.0,Other,"SIPRI Arms Transfers Database, TIV of imports, retrieved 29 July 2026"
Albania,2021,1.0,NATO Europe,"SIPRI Arms Transfers Database, TIV of imports, retrieved 29 July 2026"
Kyrgyzstan,2021,5.0,Other,"SIPRI Arms Transfers Database, TIV of imports, retrieved 29 July 2026"
Jamaica,2021,29.0,Other,"SIPRI Arms Transfers Database, TIV of imports, retrieved 29 July 2026"
Togo,2021,10.0,Other,"SIPRI Arms Transfers Database, TIV of imports, retrieved 29 July 2026"
Central African Republic,2021,44.0,Other,"SIPRI Arms Transfers Database, TIV of imports, retrieved 29 July 2026"
Congo,2021,3.0,Other,"SIPRI Arms Transfers Database, TIV of imports, retrieved 29 July 2026"
Uruguay,2021,3.0,Other,"SIPRI Arms Transfers Database, TIV of imports, retrieved 29 July 2026"
Honduras,2021,4.0,Other,"SIPRI Arms Transfers Database, TIV of imports, retrieved 29 July 2026"
Nepal,2021,0.0,Other,"SIPRI Arms Transfers Database, TIV of imports, retrieved 29 July 2026"
Houthi rebels (Yemen)*,2021,2.0,Other,"SIPRI Arms Transfers Database, TIV of imports, retrieved 29 July 2026"
Slovenia,2021,7.0,NATO Europe,"SIPRI Arms Transfers Database, TIV of imports, retrieved 29 July 2026"
Mauritius,2021,1.0,Other,"SIPRI Arms Transfers Database, TIV of imports, retrieved 29 July 2026"
Seychelles,2021,19.0,Other,"SIPRI Arms Transfers Database, TIV of imports, retrieved 29 July 2026"
Gabon,2021,2.0,Other,"SIPRI Arms Transfers Database, TIV of imports, retrieved 29 July 2026"
El Salvador,2021,4.0,Other,"SIPRI Arms Transfers Database, TIV of imports, retrieved 29 July 2026"
Paraguay,2021,5.0,Other,"SIPRI Arms Transfers Database, TIV of imports, retrieved 29 July 2026"
Kosovo,2021,9.0,Other,"SIPRI Arms Transfers Database, TIV of imports, retrieved 29 July 2026"
Papua New Guinea,2021,14.0,Other,"SIPRI Arms Transfers Database, TIV of imports, retrieved 29 July 2026"
Guinea,2021,1.0,Other,"SIPRI Arms Transfers Database, TIV of imports, retrieved 29 July 2026"
Montenegro,2021,1.0,NATO Europe,"SIPRI Arms Transfers Database, TIV of imports, retrieved 29 July 2026"
Somalia,2021,2.0,Other,"SIPRI Arms Transfers Database, TIV of imports, retrieved 29 July 2026"
Maldives,2021,2.0,Other,"SIPRI Arms Transfers Database, TIV of imports, retrieved 29 July 2026"
African Union**,2021,3.0,Other,"SIPRI Arms Transfers Database, TIV of imports, retrieved 29 July 2026"
Guyana,2021,5.0,Other,"SIPRI Arms Transfers Database, TIV of imports, retrieved 29 July 2026"
Bosnia-Herzegovina,2021,12.0,Other,"SIPRI Arms Transfers Database, TIV of imports, retrieved 29 July 2026"
Solomon Islands,2021,7.0,Other,"SIPRI Arms Transfers Database, TIV of imports, retrieved 29 July 2026"
Vanuatu,2021,7.0,Other,"SIPRI Arms Transfers Database, TIV of imports, retrieved 29 July 2026"
Bhutan,2021,5.0,Other,"SIPRI Arms Transfers Database, TIV of imports, retrieved 29 July 2026"
Total world import,2021,27084.0,World,"SIPRI Arms Transfers Database, TIV of imports, retrieved 29 July 2026"
India,2022,2701.0,Other,"SIPRI Arms Transfers Database, TIV of imports, retrieved 29 July 2026"
Saudi Arabia,2022,3053.0,Other,"SIPRI Arms Transfers Database, TIV of imports, retrieved 29 July 2026"
United Arab Emirates,2022,756.0,Other,"SIPRI Arms Transfers Database, TIV of imports, retrieved 29 July 2026"
Australia,2022,809.0,Indo-Pacific allies,"SIPRI Arms Transfers Database, TIV of imports, retrieved 29 July 2026"
Qatar,2022,3336.0,Other,"SIPRI Arms Transfers Database, TIV of imports, retrieved 29 July 2026"
Egypt,2022,742.0,Other,"SIPRI Arms Transfers Database, TIV of imports, retrieved 29 July 2026"
China,2022,646.0,Other,"SIPRI Arms Transfers Database, TIV of imports, retrieved 29 July 2026"
Pakistan,2022,1529.0,Other,"SIPRI Arms Transfers Database, TIV of imports, retrieved 29 July 2026"
Ukraine,2022,2967.0,Other,"SIPRI Arms Transfers Database, TIV of imports, retrieved 29 July 2026"
South Korea,2022,423.0,Indo-Pacific allies,"SIPRI Arms Transfers Database, TIV of imports, retrieved 29 July 2026"
United States,2022,846.0,Other,"SIPRI Arms Transfers Database, TIV of imports, retrieved 29 July 2026"
Algeria,2022,450.0,Other,"SIPRI Arms Transfers Database, TIV of imports, retrieved 29 July 2026"
Japan,2022,1466.0,Indo-Pacific allies,"SIPRI Arms Transfers Database, TIV of imports, retrieved 29 July 2026"
Turkiye,2022,187.0,NATO Europe,"SIPRI Arms Transfers Database, TIV of imports, retrieved 29 July 2026"
United Kingdom,2022,859.0,NATO Europe,"SIPRI Arms Transfers Database, TIV of imports, retrieved 29 July 2026"
Indonesia,2022,86.0,Other,"SIPRI Arms Transfers Database, TIV of imports, retrieved 29 July 2026"
Viet Nam,2022,86.0,Other,"SIPRI Arms Transfers Database, TIV of imports, retrieved 29 July 2026"
Iraq,2022,55.0,Other,"SIPRI Arms Transfers Database, TIV of imports, retrieved 29 July 2026"
Israel,2022,833.0,Other,"SIPRI Arms Transfers Database, TIV of imports, retrieved 29 July 2026"
Poland,2022,414.0,NATO Europe,"SIPRI Arms Transfers Database, TIV of imports, retrieved 29 July 2026"
Singapore,2022,516.0,Other,"SIPRI Arms Transfers Database, TIV of imports, retrieved 29 July 2026"
Kuwait,2022,1569.0,Other,"SIPRI Arms Transfers Database, TIV of imports, retrieved 29 July 2026"
Morocco,2022,507.0,Other,"SIPRI Arms Transfers Database, TIV of imports, retrieved 29 July 2026"
Norway,2022,700.0,NATO Europe,"SIPRI Arms Transfers Database, TIV of imports, retrieved 29 July 2026"
Taiwan,2022,162.0,Indo-Pacific allies,"SIPRI Arms Transfers Database, TIV of imports, retrieved 29 July 2026"
Italy,2022,237.0,NATO Europe,"SIPRI Arms Transfers Database, TIV of imports, retrieved 29 July 2026"
Netherlands,2022,725.0,NATO Europe,"SIPRI Arms Transfers Database, TIV of imports, retrieved 29 July 2026"
Bangladesh,2022,331.0,Other,"SIPRI Arms Transfers Database, TIV of imports, retrieved 29 July 2026"
Azerbaijan,2022,9.0,Other,"SIPRI Arms Transfers Database, TIV of imports, retrieved 29 July 2026"
Greece,2022,441.0,NATO Europe,"SIPRI Arms Transfers Database, TIV of imports, retrieved 29 July 2026"
Thailand,2022,271.0,Indo-Pacific allies,"SIPRI Arms Transfers Database, TIV of imports, retrieved 29 July 2026"
Brazil,2022,469.0,Other,"SIPRI Arms Transfers Database, TIV of imports, retrieved 29 July 2026"
Canada,2022,214.0,Other,"SIPRI Arms Transfers Database, TIV of imports, retrieved 29 July 2026"
Myanmar,2022,229.0,Other,"SIPRI Arms Transfers Database, TIV of imports, retrieved 29 July 2026"
Germany,2022,269.0,NATO Europe,"SIPRI Arms Transfers Database, TIV of imports, retrieved 29 July 2026"
Philippines,2022,280.0,Indo-Pacific allies,"SIPRI Arms Transfers Database, TIV of imports, retrieved 29 July 2026"
Kazakhstan,2022,191.0,Other,"SIPRI Arms Transfers Database, TIV of imports, retrieved 29 July 2026"
Oman,2022,4.0,Other,"SIPRI Arms Transfers Database, TIV of imports, retrieved 29 July 2026"
Belarus,2022,215.0,Other,"SIPRI Arms Transfers Database, TIV of imports, retrieved 29 July 2026"
Jordan,2022,50.0,Other,"SIPRI Arms Transfers Database, TIV of imports, retrieved 29 July 2026"
Denmark,2022,214.0,NATO Europe,"SIPRI Arms Transfers Database, TIV of imports, retrieved 29 July 2026"
Spain,2022,198.0,NATO Europe,"SIPRI Arms Transfers Database, TIV of imports, retrieved 29 July 2026"
Romania,2022,186.0,NATO Europe,"SIPRI Arms Transfers Database, TIV of imports, retrieved 29 July 2026"
Bahrain,2022,259.0,Other,"SIPRI Arms Transfers Database, TIV of imports, retrieved 29 July 2026"
Belgium,2022,170.0,NATO Europe,"SIPRI Arms Transfers Database, TIV of imports, retrieved 29 July 2026"
France,2022,130.0,NATO Europe,"SIPRI Arms Transfers Database, TIV of imports, retrieved 29 July 2026"
Chile,2022,207.0,Other,"SIPRI Arms Transfers Database, TIV of imports, retrieved 29 July 2026"
Russia,2022,39.0,Other,"SIPRI Arms Transfers Database, TIV of imports, retrieved 29 July 2026"
Finland,2022,12.0,NATO Europe,"SIPRI Arms Transfers Database, TIV of imports, retrieved 29 July 2026"
Hungary,2022,40.0,NATO Europe,"SIPRI Arms Transfers Database, TIV of imports, retrieved 29 July 2026"
Sweden,2022,318.0,NATO Europe,"SIPRI Arms Transfers Database, TIV of imports, retrieved 29 July 2026"
NATO**,2022,240.0,Other,"SIPRI Arms Transfers Database, TIV of imports, retrieved 29 July 2026"
Nigeria,2022,53.0,Other,"SIPRI Arms Transfers Database, TIV of imports, retrieved 29 July 2026"
Serbia,2022,164.0,Other,"SIPRI Arms Transfers Database, TIV of imports, retrieved 29 July 2026"
Colombia,2022,50.0,Other,"SIPRI Arms Transfers Database, TIV of imports, retrieved 29 July 2026"
New Zealand,2022,171.0,Indo-Pacific allies,"SIPRI Arms Transfers Database, TIV of imports, retrieved 29 July 2026"
Malaysia,2022,71.0,Other,"SIPRI Arms Transfers Database, TIV of imports, retrieved 29 July 2026"
Sudan,2022,3.0,Other,"SIPRI Arms Transfers Database, TIV of imports, retrieved 29 July 2026"
Angola,2022,46.0,Other,"SIPRI Arms Transfers Database, TIV of imports, retrieved 29 July 2026"
Peru,2022,38.0,Other,"SIPRI Arms Transfers Database, TIV of imports, retrieved 29 July 2026"
Uganda,2022,66.0,Other,"SIPRI Arms Transfers Database, TIV of imports, retrieved 29 July 2026"
Ethiopia,2022,45.0,Other,"SIPRI Arms Transfers Database, TIV of imports, retrieved 29 July 2026"
Slovakia,2022,3.0,NATO Europe,"SIPRI Arms Transfers Database, TIV of imports, retrieved 29 July 2026"
Lithuania,2022,75.0,NATO Europe,"SIPRI Arms Transfers Database, TIV of imports, retrieved 29 July 2026"
Tunisia,2022,35.0,Other,"SIPRI Arms Transfers Database, TIV of imports, retrieved 29 July 2026"
Bulgaria,2022,3.0,NATO Europe,"SIPRI Arms Transfers Database, TIV of imports, retrieved 29 July 2026"
Uzbekistan,2022,22.0,Other,"SIPRI Arms Transfers Database, TIV of imports, retrieved 29 July 2026"
Armenia,2022,29.0,Other,"SIPRI Arms Transfers Database, TIV of imports, retrieved 29 July 2026"
Estonia,2022,15.0,NATO Europe,"SIPRI Arms Transfers Database, TIV of imports, retrieved 29 July 2026"
Czechia,2022,69.0,NATO Europe,"SIPRI Arms Transfers Database, TIV of imports, retrieved 29 July 2026"
Senegal,2022,28.0,Other,"SIPRI Arms Transfers Database, TIV of imports, retrieved 29 July 2026"
Argentina,2022,50.0,Other,"SIPRI Arms Transfers Database, TIV of imports, retrieved 29 July 2026"
South Africa,2022,30.0,Other,"SIPRI Arms Transfers Database, TIV of imports, retrieved 29 July 2026"
Croatia,2022,29.0,NATO Europe,"SIPRI Arms Transfers Database, TIV of imports, retrieved 29 July 2026"
Mali,2022,62.0,Other,"SIPRI Arms Transfers Database, TIV of imports, retrieved 29 July 2026"
Lebanon,2022,30.0,Other,"SIPRI Arms Transfers Database, TIV of imports, retrieved 29 July 2026"
Kenya,2022,1.0,Other,"SIPRI Arms Transfers Database, TIV of imports, retrieved 29 July 2026"
House of Representatives (Libya)*,2022,5.0,Other,"SIPRI Arms Transfers Database, TIV of imports, retrieved 29 July 2026"
Ecuador,2022,9.0,Other,"SIPRI Arms Transfers Database, TIV of imports, retrieved 29 July 2026"
Sri Lanka,2022,3.0,Other,"SIPRI Arms Transfers Database, TIV of imports, retrieved 29 July 2026"
Cameroon,2022,2.0,Other,"SIPRI Arms Transfers Database, TIV of imports, retrieved 29 July 2026"
Ghana,2022,40.0,Other,"SIPRI Arms Transfers Database, TIV of imports, retrieved 29 July 2026"
Latvia,2022,34.0,NATO Europe,"SIPRI Arms Transfers Database, TIV of imports, retrieved 29 July 2026"
Cambodia,2022,38.0,Other,"SIPRI Arms Transfers Database, TIV of imports, retrieved 29 July 2026"
Ireland,2022,1.0,Other,"SIPRI Arms Transfers Database, TIV of imports, retrieved 29 July 2026"
unknown recipient(s),2022,6.0,Other,"SIPRI Arms Transfers Database, TIV of imports, retrieved 29 July 2026"
Chad,2022,6.0,Other,"SIPRI Arms Transfers Database, TIV of imports, retrieved 29 July 2026"
Zambia,2022,2.0,Other,"SIPRI Arms Transfers Database, TIV of imports, retrieved 29 July 2026"
Mongolia,2022,3.0,Other,"SIPRI Arms Transfers Database, TIV of imports, retrieved 29 July 2026"
Rwanda,2022,17.0,Other,"SIPRI Arms Transfers Database, TIV of imports, retrieved 29 July 2026"
Burkina Faso,2022,12.0,Other,"SIPRI Arms Transfers Database, TIV of imports, retrieved 29 July 2026"
Cote d'Ivoire,2022,22.0,Other,"SIPRI Arms Transfers Database, TIV of imports, retrieved 29 July 2026"
Austria,2022,5.0,Other,"SIPRI Arms Transfers Database, TIV of imports, retrieved 29 July 2026"
Yemen,2022,1.0,Other,"SIPRI Arms Transfers Database, TIV of imports, retrieved 29 July 2026"
South Sudan,2022,10.0,Other,"SIPRI Arms Transfers Database, TIV of imports, retrieved 29 July 2026"
Switzerland,2022,15.0,Other,"SIPRI Arms Transfers Database, TIV of imports, retrieved 29 July 2026"
Botswana,2022,11.0,Other,"SIPRI Arms Transfers Database, TIV of imports, retrieved 29 July 2026"
Mozambique,2022,5.0,Other,"SIPRI Arms Transfers Database, TIV of imports, retrieved 29 July 2026"
Niger,2022,34.0,Other,"SIPRI Arms Transfers Database, TIV of imports, retrieved 29 July 2026"
Djibouti,2022,19.0,Other,"SIPRI Arms Transfers Database, TIV of imports, retrieved 29 July 2026"
Tajikistan,2022,3.0,Other,"SIPRI Arms Transfers Database, TIV of imports, retrieved 29 July 2026"
Kyrgyzstan,2022,14.0,Other,"SIPRI Arms Transfers Database, TIV of imports, retrieved 29 July 2026"
Togo,2022,59.0,Other,"SIPRI Arms Transfers Database, TIV of imports, retrieved 29 July 2026"
Central African Republic,2022,2.0,Other,"SIPRI Arms Transfers Database, TIV of imports, retrieved 29 July 2026"
Georgia,2022,2.0,Other,"SIPRI Arms Transfers Database, TIV of imports, retrieved 29 July 2026"
Uruguay,2022,10.0,Other,"SIPRI Arms Transfers Database, TIV of imports, retrieved 29 July 2026"
Houthi rebels (Yemen)*,2022,15.0,Other,"SIPRI Arms Transfers Database, TIV of imports, retrieved 29 July 2026"
Mauritius,2022,4.0,Other,"SIPRI Arms Transfers Database, TIV of imports, retrieved 29 July 2026"
Guatemala,2022,10.0,Other,"SIPRI Arms Transfers Database, TIV of imports, retrieved 29 July 2026"
El Salvador,2022,7.0,Other,"SIPRI Arms Transfers Database, TIV of imports, retrieved 29 July 2026"
Dominican Republic,2022,5.0,Other,"SIPRI Arms Transfers Database, TIV of imports, retrieved 29 July 2026"
Benin,2022,3.0,Other,"SIPRI Arms Transfers Database, TIV of imports, retrieved 29 July 2026"
Kosovo,2022,1.0,Other,"SIPRI Arms Transfers Database, TIV of imports, retrieved 29 July 2026"
Montenegro,2022,2.0,NATO Europe,"SIPRI Arms Transfers Database, TIV of imports, retrieved 29 July 2026"
Malawi,2022,19.0,Other,"SIPRI Arms Transfers Database, TIV of imports, retrieved 29 July 2026"
African Union**,2022,8.0,Other,"SIPRI Arms Transfers Database, TIV of imports, retrieved 29 July 2026"
North Macedonia,2022,1.0,NATO Europe,"SIPRI Arms Transfers Database, TIV of imports, retrieved 29 July 2026"
Gambia,2022,1.0,Other,"SIPRI Arms Transfers Database, TIV of imports, retrieved 29 July 2026"
Antigua and Barbuda,2022,0.0,Other,"SIPRI Arms Transfers Database, TIV of imports, retrieved 29 July 2026"
Total world import,2022,33297.0,World,"SIPRI Arms Transfers Database, TIV of imports, retrieved 29 July 2026"
India,2023,1540.0,Other,"SIPRI Arms Transfers Database, TIV of imports, retrieved 29 July 2026"
Saudi Arabia,2023,1326.0,Other,"SIPRI Arms Transfers Database, TIV of imports, retrieved 29 July 2026"
United Arab Emirates,2023,918.0,Other,"SIPRI Arms Transfers Database, TIV of imports, retrieved 29 July 2026"
Australia,2023,376.0,Indo-Pacific allies,"SIPRI Arms Transfers Database, TIV of imports, retrieved 29 July 2026"
Qatar,2023,2006.0,Other,"SIPRI Arms Transfers Database, TIV of imports, retrieved 29 July 2026"
Egypt,2023,1152.0,Other,"SIPRI Arms Transfers Database, TIV of imports, retrieved 29 July 2026"
China,2023,428.0,Other,"SIPRI Arms Transfers Database, TIV of imports, retrieved 29 July 2026"
Pakistan,2023,2199.0,Other,"SIPRI Arms Transfers Database, TIV of imports, retrieved 29 July 2026"
Ukraine,2023,4294.0,Other,"SIPRI Arms Transfers Database, TIV of imports, retrieved 29 July 2026"
South Korea,2023,218.0,Indo-Pacific allies,"SIPRI Arms Transfers Database, TIV of imports, retrieved 29 July 2026"
United States,2023,891.0,Other,"SIPRI Arms Transfers Database, TIV of imports, retrieved 29 July 2026"
Algeria,2023,394.0,Other,"SIPRI Arms Transfers Database, TIV of imports, retrieved 29 July 2026"
Japan,2023,852.0,Indo-Pacific allies,"SIPRI Arms Transfers Database, TIV of imports, retrieved 29 July 2026"
Turkiye,2023,679.0,NATO Europe,"SIPRI Arms Transfers Database, TIV of imports, retrieved 29 July 2026"
United Kingdom,2023,469.0,NATO Europe,"SIPRI Arms Transfers Database, TIV of imports, retrieved 29 July 2026"
Indonesia,2023,390.0,Other,"SIPRI Arms Transfers Database, TIV of imports, retrieved 29 July 2026"
Viet Nam,2023,45.0,Other,"SIPRI Arms Transfers Database, TIV of imports, retrieved 29 July 2026"
Iraq,2023,30.0,Other,"SIPRI Arms Transfers Database, TIV of imports, retrieved 29 July 2026"
Israel,2023,863.0,Other,"SIPRI Arms Transfers Database, TIV of imports, retrieved 29 July 2026"
Poland,2023,1391.0,NATO Europe,"SIPRI Arms Transfers Database, TIV of imports, retrieved 29 July 2026"
Singapore,2023,495.0,Other,"SIPRI Arms Transfers Database, TIV of imports, retrieved 29 July 2026"
Kuwait,2023,497.0,Other,"SIPRI Arms Transfers Database, TIV of imports, retrieved 29 July 2026"
Morocco,2023,501.0,Other,"SIPRI Arms Transfers Database, TIV of imports, retrieved 29 July 2026"
Norway,2023,200.0,NATO Europe,"SIPRI Arms Transfers Database, TIV of imports, retrieved 29 July 2026"
Taiwan,2023,205.0,Indo-Pacific allies,"SIPRI Arms Transfers Database, TIV of imports, retrieved 29 July 2026"
Italy,2023,425.0,NATO Europe,"SIPRI Arms Transfers Database, TIV of imports, retrieved 29 July 2026"
Netherlands,2023,374.0,NATO Europe,"SIPRI Arms Transfers Database, TIV of imports, retrieved 29 July 2026"
Bangladesh,2023,74.0,Other,"SIPRI Arms Transfers Database, TIV of imports, retrieved 29 July 2026"
Azerbaijan,2023,3.0,Other,"SIPRI Arms Transfers Database, TIV of imports, retrieved 29 July 2026"
Greece,2023,404.0,NATO Europe,"SIPRI Arms Transfers Database, TIV of imports, retrieved 29 July 2026"
Thailand,2023,290.0,Indo-Pacific allies,"SIPRI Arms Transfers Database, TIV of imports, retrieved 29 July 2026"
Brazil,2023,193.0,Other,"SIPRI Arms Transfers Database, TIV of imports, retrieved 29 July 2026"
Canada,2023,73.0,Other,"SIPRI Arms Transfers Database, TIV of imports, retrieved 29 July 2026"
Myanmar,2023,132.0,Other,"SIPRI Arms Transfers Database, TIV of imports, retrieved 29 July 2026"
Germany,2023,203.0,NATO Europe,"SIPRI Arms Transfers Database, TIV of imports, retrieved 29 July 2026"
Philippines,2023,108.0,Indo-Pacific allies,"SIPRI Arms Transfers Database, TIV of imports, retrieved 29 July 2026"
Kazakhstan,2023,223.0,Other,"SIPRI Arms Transfers Database, TIV of imports, retrieved 29 July 2026"
Oman,2023,4.0,Other,"SIPRI Arms Transfers Database, TIV of imports, retrieved 29 July 2026"
Venezuela,2023,98.0,Other,"SIPRI Arms Transfers Database, TIV of imports, retrieved 29 July 2026"
Belarus,2023,178.0,Other,"SIPRI Arms Transfers Database, TIV of imports, retrieved 29 July 2026"
Jordan,2023,22.0,Other,"SIPRI Arms Transfers Database, TIV of imports, retrieved 29 July 2026"
Denmark,2023,280.0,NATO Europe,"SIPRI Arms Transfers Database, TIV of imports, retrieved 29 July 2026"
Spain,2023,159.0,NATO Europe,"SIPRI Arms Transfers Database, TIV of imports, retrieved 29 July 2026"
Romania,2023,364.0,NATO Europe,"SIPRI Arms Transfers Database, TIV of imports, retrieved 29 July 2026"
Bahrain,2023,294.0,Other,"SIPRI Arms Transfers Database, TIV of imports, retrieved 29 July 2026"
Mexico,2023,4.0,Other,"SIPRI Arms Transfers Database, TIV of imports, retrieved 29 July 2026"
Belgium,2023,12.0,NATO Europe,"SIPRI Arms Transfers Database, TIV of imports, retrieved 29 July 2026"
France,2023,114.0,NATO Europe,"SIPRI Arms Transfers Database, TIV of imports, retrieved 29 July 2026"
Chile,2023,9.0,Other,"SIPRI Arms Transfers Database, TIV of imports, retrieved 29 July 2026"
Russia,2023,95.0,Other,"SIPRI Arms Transfers Database, TIV of imports, retrieved 29 July 2026"
Finland,2023,37.0,NATO Europe,"SIPRI Arms Transfers Database, TIV of imports, retrieved 29 July 2026"
Hungary,2023,246.0,NATO Europe,"SIPRI Arms Transfers Database, TIV of imports, retrieved 29 July 2026"
Sweden,2023,98.0,NATO Europe,"SIPRI Arms Transfers Database, TIV of imports, retrieved 29 July 2026"
Nigeria,2023,93.0,Other,"SIPRI Arms Transfers Database, TIV of imports, retrieved 29 July 2026"
Serbia,2023,370.0,Other,"SIPRI Arms Transfers Database, TIV of imports, retrieved 29 July 2026"
Colombia,2023,3.0,Other,"SIPRI Arms Transfers Database, TIV of imports, retrieved 29 July 2026"
New Zealand,2023,406.0,Indo-Pacific allies,"SIPRI Arms Transfers Database, TIV of imports, retrieved 29 July 2026"
Malaysia,2023,11.0,Other,"SIPRI Arms Transfers Database, TIV of imports, retrieved 29 July 2026"
Sudan,2023,6.0,Other,"SIPRI Arms Transfers Database, TIV of imports, retrieved 29 July 2026"
Angola,2023,15.0,Other,"SIPRI Arms Transfers Database, TIV of imports, retrieved 29 July 2026"
Peru,2023,22.0,Other,"SIPRI Arms Transfers Database, TIV of imports, retrieved 29 July 2026"
Uganda,2023,16.0,Other,"SIPRI Arms Transfers Database, TIV of imports, retrieved 29 July 2026"
Ethiopia,2023,2.0,Other,"SIPRI Arms Transfers Database, TIV of imports, retrieved 29 July 2026"
Slovakia,2023,30.0,NATO Europe,"SIPRI Arms Transfers Database, TIV of imports, retrieved 29 July 2026"
Lithuania,2023,97.0,NATO Europe,"SIPRI Arms Transfers Database, TIV of imports, retrieved 29 July 2026"
Iran,2023,21.0,Other,"SIPRI Arms Transfers Database, TIV of imports, retrieved 29 July 2026"
Tunisia,2023,35.0,Other,"SIPRI Arms Transfers Database, TIV of imports, retrieved 29 July 2026"
Uzbekistan,2023,17.0,Other,"SIPRI Arms Transfers Database, TIV of imports, retrieved 29 July 2026"
Portugal,2023,67.0,NATO Europe,"SIPRI Arms Transfers Database, TIV of imports, retrieved 29 July 2026"
Armenia,2023,7.0,Other,"SIPRI Arms Transfers Database, TIV of imports, retrieved 29 July 2026"
Estonia,2023,23.0,NATO Europe,"SIPRI Arms Transfers Database, TIV of imports, retrieved 29 July 2026"
Czechia,2023,148.0,NATO Europe,"SIPRI Arms Transfers Database, TIV of imports, retrieved 29 July 2026"
Senegal,2023,172.0,Other,"SIPRI Arms Transfers Database, TIV of imports, retrieved 29 July 2026"
Argentina,2023,22.0,Other,"SIPRI Arms Transfers Database, TIV of imports, retrieved 29 July 2026"
South Africa,2023,30.0,Other,"SIPRI Arms Transfers Database, TIV of imports, retrieved 29 July 2026"
Croatia,2023,89.0,NATO Europe,"SIPRI Arms Transfers Database, TIV of imports, retrieved 29 July 2026"
Brunei,2023,11.0,Other,"SIPRI Arms Transfers Database, TIV of imports, retrieved 29 July 2026"
Mali,2023,82.0,Other,"SIPRI Arms Transfers Database, TIV of imports, retrieved 29 July 2026"
Lebanon,2023,14.0,Other,"SIPRI Arms Transfers Database, TIV of imports, retrieved 29 July 2026"
Ecuador,2023,7.0,Other,"SIPRI Arms Transfers Database, TIV of imports, retrieved 29 July 2026"
Sri Lanka,2023,5.0,Other,"SIPRI Arms Transfers Database, TIV of imports, retrieved 29 July 2026"
Cameroon,2023,2.0,Other,"SIPRI Arms Transfers Database, TIV of imports, retrieved 29 July 2026"
Ghana,2023,8.0,Other,"SIPRI Arms Transfers Database, TIV of imports, retrieved 29 July 2026"
Cyprus,2023,8.0,Other,"SIPRI Arms Transfers Database, TIV of imports, retrieved 29 July 2026"
Latvia,2023,47.0,NATO Europe,"SIPRI Arms Transfers Database, TIV of imports, retrieved 29 July 2026"
Cambodia,2023,56.0,Other,"SIPRI Arms Transfers Database, TIV of imports, retrieved 29 July 2026"
Libya,2023,34.0,Other,"SIPRI Arms Transfers Database, TIV of imports, retrieved 29 July 2026"
Laos,2023,3.0,Other,"SIPRI Arms Transfers Database, TIV of imports, retrieved 29 July 2026"
Ireland,2023,63.0,Other,"SIPRI Arms Transfers Database, TIV of imports, retrieved 29 July 2026"
unknown recipient(s),2023,3.0,Other,"SIPRI Arms Transfers Database, TIV of imports, retrieved 29 July 2026"
Chad,2023,32.0,Other,"SIPRI Arms Transfers Database, TIV of imports, retrieved 29 July 2026"
Zambia,2023,5.0,Other,"SIPRI Arms Transfers Database, TIV of imports, retrieved 29 July 2026"
Mauritania,2023,2.0,Other,"SIPRI Arms Transfers Database, TIV of imports, retrieved 29 July 2026"
Rwanda,2023,37.0,Other,"SIPRI Arms Transfers Database, TIV of imports, retrieved 29 July 2026"
Burkina Faso,2023,19.0,Other,"SIPRI Arms Transfers Database, TIV of imports, retrieved 29 July 2026"
DR Congo,2023,27.0,Other,"SIPRI Arms Transfers Database, TIV of imports, retrieved 29 July 2026"
Cote d'Ivoire,2023,70.0,Other,"SIPRI Arms Transfers Database, TIV of imports, retrieved 29 July 2026"
Austria,2023,17.0,Other,"SIPRI Arms Transfers Database, TIV of imports, retrieved 29 July 2026"
Switzerland,2023,33.0,Other,"SIPRI Arms Transfers Database, TIV of imports, retrieved 29 July 2026"
Botswana,2023,1.0,Other,"SIPRI Arms Transfers Database, TIV of imports, retrieved 29 July 2026"
Mozambique,2023,3.0,Other,"SIPRI Arms Transfers Database, TIV of imports, retrieved 29 July 2026"
Niger,2023,19.0,Other,"SIPRI Arms Transfers Database, TIV of imports, retrieved 29 July 2026"
Djibouti,2023,0.0,Other,"SIPRI Arms Transfers Database, TIV of imports, retrieved 29 July 2026"
Albania,2023,1.0,NATO Europe,"SIPRI Arms Transfers Database, TIV of imports, retrieved 29 July 2026"
Tajikistan,2023,0.0,Other,"SIPRI Arms Transfers Database, TIV of imports, retrieved 29 July 2026"
Kyrgyzstan,2023,54.0,Other,"SIPRI Arms Transfers Database, TIV of imports, retrieved 29 July 2026"
Luxembourg,2023,1.0,NATO Europe,"SIPRI Arms Transfers Database, TIV of imports, retrieved 29 July 2026"
Jamaica,2023,10.0,Other,"SIPRI Arms Transfers Database, TIV of imports, retrieved 29 July 2026"
Togo,2023,2.0,Other,"SIPRI Arms Transfers Database, TIV of imports, retrieved 29 July 2026"
Central African Republic,2023,43.0,Other,"SIPRI Arms Transfers Database, TIV of imports, retrieved 29 July 2026"
Malta,2023,45.0,Other,"SIPRI Arms Transfers Database, TIV of imports, retrieved 29 July 2026"
Georgia,2023,0.0,Other,"SIPRI Arms Transfers Database, TIV of imports, retrieved 29 July 2026"
Houthi rebels (Yemen)*,2023,19.0,Other,"SIPRI Arms Transfers Database, TIV of imports, retrieved 29 July 2026"
Slovenia,2023,26.0,NATO Europe,"SIPRI Arms Transfers Database, TIV of imports, retrieved 29 July 2026"
Guatemala,2023,6.0,Other,"SIPRI Arms Transfers Database, TIV of imports, retrieved 29 July 2026"
Gabon,2023,16.0,Other,"SIPRI Arms Transfers Database, TIV of imports, retrieved 29 July 2026"
El Salvador,2023,4.0,Other,"SIPRI Arms Transfers Database, TIV of imports, retrieved 29 July 2026"
Dominican Republic,2023,9.0,Other,"SIPRI Arms Transfers Database, TIV of imports, retrieved 29 July 2026"
Benin,2023,12.0,Other,"SIPRI Arms Transfers Database, TIV of imports, retrieved 29 July 2026"
Kosovo,2023,14.0,Other,"SIPRI Arms Transfers Database, TIV of imports, retrieved 29 July 2026"
Papua New Guinea,2023,9.0,Other,"SIPRI Arms Transfers Database, TIV of imports, retrieved 29 July 2026"
Guinea,2023,1.0,Other,"SIPRI Arms Transfers Database, TIV of imports, retrieved 29 July 2026"
Somalia,2023,4.0,Other,"SIPRI Arms Transfers Database, TIV of imports, retrieved 29 July 2026"
African Union**,2023,6.0,Other,"SIPRI Arms Transfers Database, TIV of imports, retrieved 29 July 2026"
Guyana,2023,5.0,Other,"SIPRI Arms Transfers Database, TIV of imports, retrieved 29 July 2026"
Moldova,2023,13.0,Other,"SIPRI Arms Transfers Database, TIV of imports, retrieved 29 July 2026"
Zimbabwe,2023,20.0,Other,"SIPRI Arms Transfers Database, TIV of imports, retrieved 29 July 2026"
North Macedonia,2023,5.0,NATO Europe,"SIPRI Arms Transfers Database, TIV of imports, retrieved 29 July 2026"
Liberia,2023,14.0,Other,"SIPRI Arms Transfers Database, TIV of imports, retrieved 29 July 2026"
Palestine,2023,2.0,Other,"SIPRI Arms Transfers Database, TIV of imports, retrieved 29 July 2026"
Belize,2023,1.0,Other,"SIPRI Arms Transfers Database, TIV of imports, retrieved 29 July 2026"
Gambia,2023,0.0,Other,"SIPRI Arms Transfers Database, TIV of imports, retrieved 29 July 2026"
Hezbollah (Lebanon)*,2023,1.0,Other,"SIPRI Arms Transfers Database, TIV of imports, retrieved 29 July 2026"
Antigua and Barbuda,2023,0.0,Other,"SIPRI Arms Transfers Database, TIV of imports, retrieved 29 July 2026"
Total world import,2023,29527.0,World,"SIPRI Arms Transfers Database, TIV of imports, retrieved 29 July 2026"
India,2024,1603.0,Other,"SIPRI Arms Transfers Database, TIV of imports, retrieved 29 July 2026"
Saudi Arabia,2024,1238.0,Other,"SIPRI Arms Transfers Database, TIV of imports, retrieved 29 July 2026"
United Arab Emirates,2024,1086.0,Other,"SIPRI Arms Transfers Database, TIV of imports, retrieved 29 July 2026"
Australia,2024,1077.0,Indo-Pacific allies,"SIPRI Arms Transfers Database, TIV of imports, retrieved 29 July 2026"
Qatar,2024,1194.0,Other,"SIPRI Arms Transfers Database, TIV of imports, retrieved 29 July 2026"
Egypt,2024,128.0,Other,"SIPRI Arms Transfers Database, TIV of imports, retrieved 29 July 2026"
China,2024,71.0,Other,"SIPRI Arms Transfers Database, TIV of imports, retrieved 29 July 2026"
Pakistan,2024,1068.0,Other,"SIPRI Arms Transfers Database, TIV of imports, retrieved 29 July 2026"
Ukraine,2024,5341.0,Other,"SIPRI Arms Transfers Database, TIV of imports, retrieved 29 July 2026"
South Korea,2024,1031.0,Indo-Pacific allies,"SIPRI Arms Transfers Database, TIV of imports, retrieved 29 July 2026"
United States,2024,1053.0,Other,"SIPRI Arms Transfers Database, TIV of imports, retrieved 29 July 2026"
Algeria,2024,205.0,Other,"SIPRI Arms Transfers Database, TIV of imports, retrieved 29 July 2026"
Japan,2024,1043.0,Indo-Pacific allies,"SIPRI Arms Transfers Database, TIV of imports, retrieved 29 July 2026"
Turkiye,2024,381.0,NATO Europe,"SIPRI Arms Transfers Database, TIV of imports, retrieved 29 July 2026"
United Kingdom,2024,486.0,NATO Europe,"SIPRI Arms Transfers Database, TIV of imports, retrieved 29 July 2026"
Indonesia,2024,185.0,Other,"SIPRI Arms Transfers Database, TIV of imports, retrieved 29 July 2026"
Viet Nam,2024,58.0,Other,"SIPRI Arms Transfers Database, TIV of imports, retrieved 29 July 2026"
Iraq,2024,80.0,Other,"SIPRI Arms Transfers Database, TIV of imports, retrieved 29 July 2026"
Israel,2024,237.0,Other,"SIPRI Arms Transfers Database, TIV of imports, retrieved 29 July 2026"
Poland,2024,1542.0,NATO Europe,"SIPRI Arms Transfers Database, TIV of imports, retrieved 29 July 2026"
Singapore,2024,378.0,Other,"SIPRI Arms Transfers Database, TIV of imports, retrieved 29 July 2026"
Kuwait,2024,388.0,Other,"SIPRI Arms Transfers Database, TIV of imports, retrieved 29 July 2026"
Morocco,2024,130.0,Other,"SIPRI Arms Transfers Database, TIV of imports, retrieved 29 July 2026"
Norway,2024,379.0,NATO Europe,"SIPRI Arms Transfers Database, TIV of imports, retrieved 29 July 2026"
Taiwan,2024,367.0,Indo-Pacific allies,"SIPRI Arms Transfers Database, TIV of imports, retrieved 29 July 2026"
Italy,2024,494.0,NATO Europe,"SIPRI Arms Transfers Database, TIV of imports, retrieved 29 July 2026"
Netherlands,2024,333.0,NATO Europe,"SIPRI Arms Transfers Database, TIV of imports, retrieved 29 July 2026"
Bangladesh,2024,70.0,Other,"SIPRI Arms Transfers Database, TIV of imports, retrieved 29 July 2026"
Azerbaijan,2024,75.0,Other,"SIPRI Arms Transfers Database, TIV of imports, retrieved 29 July 2026"
Greece,2024,631.0,NATO Europe,"SIPRI Arms Transfers Database, TIV of imports, retrieved 29 July 2026"
Thailand,2024,73.0,Indo-Pacific allies,"SIPRI Arms Transfers Database, TIV of imports, retrieved 29 July 2026"
Brazil,2024,450.0,Other,"SIPRI Arms Transfers Database, TIV of imports, retrieved 29 July 2026"
Canada,2024,198.0,Other,"SIPRI Arms Transfers Database, TIV of imports, retrieved 29 July 2026"
Myanmar,2024,222.0,Other,"SIPRI Arms Transfers Database, TIV of imports, retrieved 29 July 2026"
Germany,2024,240.0,NATO Europe,"SIPRI Arms Transfers Database, TIV of imports, retrieved 29 July 2026"
Philippines,2024,305.0,Indo-Pacific allies,"SIPRI Arms Transfers Database, TIV of imports, retrieved 29 July 2026"
Kazakhstan,2024,460.0,Other,"SIPRI Arms Transfers Database, TIV of imports, retrieved 29 July 2026"
Belarus,2024,399.0,Other,"SIPRI Arms Transfers Database, TIV of imports, retrieved 29 July 2026"
Jordan,2024,34.0,Other,"SIPRI Arms Transfers Database, TIV of imports, retrieved 29 July 2026"
Denmark,2024,440.0,NATO Europe,"SIPRI Arms Transfers Database, TIV of imports, retrieved 29 July 2026"
Spain,2024,159.0,NATO Europe,"SIPRI Arms Transfers Database, TIV of imports, retrieved 29 July 2026"
Romania,2024,320.0,NATO Europe,"SIPRI Arms Transfers Database, TIV of imports, retrieved 29 July 2026"
Bahrain,2024,850.0,Other,"SIPRI Arms Transfers Database, TIV of imports, retrieved 29 July 2026"
Mexico,2024,46.0,Other,"SIPRI Arms Transfers Database, TIV of imports, retrieved 29 July 2026"
Belgium,2024,508.0,NATO Europe,"SIPRI Arms Transfers Database, TIV of imports, retrieved 29 July 2026"
France,2024,183.0,NATO Europe,"SIPRI Arms Transfers Database, TIV of imports, retrieved 29 July 2026"
Chile,2024,14.0,Other,"SIPRI Arms Transfers Database, TIV of imports, retrieved 29 July 2026"
Russia,2024,315.0,Other,"SIPRI Arms Transfers Database, TIV of imports, retrieved 29 July 2026"
Finland,2024,105.0,NATO Europe,"SIPRI Arms Transfers Database, TIV of imports, retrieved 29 July 2026"
Hungary,2024,581.0,NATO Europe,"SIPRI Arms Transfers Database, TIV of imports, retrieved 29 July 2026"
Sweden,2024,56.0,NATO Europe,"SIPRI Arms Transfers Database, TIV of imports, retrieved 29 July 2026"
NATO**,2024,120.0,Other,"SIPRI Arms Transfers Database, TIV of imports, retrieved 29 July 2026"
Nigeria,2024,93.0,Other,"SIPRI Arms Transfers Database, TIV of imports, retrieved 29 July 2026"
Serbia,2024,155.0,Other,"SIPRI Arms Transfers Database, TIV of imports, retrieved 29 July 2026"
Colombia,2024,12.0,Other,"SIPRI Arms Transfers Database, TIV of imports, retrieved 29 July 2026"
New Zealand,2024,200.0,Indo-Pacific allies,"SIPRI Arms Transfers Database, TIV of imports, retrieved 29 July 2026"
Malaysia,2024,7.0,Other,"SIPRI Arms Transfers Database, TIV of imports, retrieved 29 July 2026"
Sudan,2024,50.0,Other,"SIPRI Arms Transfers Database, TIV of imports, retrieved 29 July 2026"
Angola,2024,16.0,Other,"SIPRI Arms Transfers Database, TIV of imports, retrieved 29 July 2026"
Peru,2024,1.0,Other,"SIPRI Arms Transfers Database, TIV of imports, retrieved 29 July 2026"
Ethiopia,2024,48.0,Other,"SIPRI Arms Transfers Database, TIV of imports, retrieved 29 July 2026"
Slovakia,2024,181.0,NATO Europe,"SIPRI Arms Transfers Database, TIV of imports, retrieved 29 July 2026"
Lithuania,2024,77.0,NATO Europe,"SIPRI Arms Transfers Database, TIV of imports, retrieved 29 July 2026"
Iran,2024,42.0,Other,"SIPRI Arms Transfers Database, TIV of imports, retrieved 29 July 2026"
Tunisia,2024,78.0,Other,"SIPRI Arms Transfers Database, TIV of imports, retrieved 29 July 2026"
Uzbekistan,2024,47.0,Other,"SIPRI Arms Transfers Database, TIV of imports, retrieved 29 July 2026"
Portugal,2024,61.0,NATO Europe,"SIPRI Arms Transfers Database, TIV of imports, retrieved 29 July 2026"
Armenia,2024,32.0,Other,"SIPRI Arms Transfers Database, TIV of imports, retrieved 29 July 2026"
Estonia,2024,115.0,NATO Europe,"SIPRI Arms Transfers Database, TIV of imports, retrieved 29 July 2026"
Czechia,2024,58.0,NATO Europe,"SIPRI Arms Transfers Database, TIV of imports, retrieved 29 July 2026"
Senegal,2024,79.0,Other,"SIPRI Arms Transfers Database, TIV of imports, retrieved 29 July 2026"
Argentina,2024,45.0,Other,"SIPRI Arms Transfers Database, TIV of imports, retrieved 29 July 2026"
Croatia,2024,90.0,NATO Europe,"SIPRI Arms Transfers Database, TIV of imports, retrieved 29 July 2026"
Brunei,2024,28.0,Other,"SIPRI Arms Transfers Database, TIV of imports, retrieved 29 July 2026"
Mali,2024,25.0,Other,"SIPRI Arms Transfers Database, TIV of imports, retrieved 29 July 2026"
Lebanon,2024,9.0,Other,"SIPRI Arms Transfers Database, TIV of imports, retrieved 29 July 2026"
Kenya,2024,19.0,Other,"SIPRI Arms Transfers Database, TIV of imports, retrieved 29 July 2026"
House of Representatives (Libya)*,2024,8.0,Other,"SIPRI Arms Transfers Database, TIV of imports, retrieved 29 July 2026"
Ecuador,2024,19.0,Other,"SIPRI Arms Transfers Database, TIV of imports, retrieved 29 July 2026"
Sri Lanka,2024,9.0,Other,"SIPRI Arms Transfers Database, TIV of imports, retrieved 29 July 2026"
Ghana,2024,11.0,Other,"SIPRI Arms Transfers Database, TIV of imports, retrieved 29 July 2026"
Cyprus,2024,120.0,Other,"SIPRI Arms Transfers Database, TIV of imports, retrieved 29 July 2026"
Latvia,2024,19.0,NATO Europe,"SIPRI Arms Transfers Database, TIV of imports, retrieved 29 July 2026"
Libya,2024,5.0,Other,"SIPRI Arms Transfers Database, TIV of imports, retrieved 29 July 2026"
Laos,2024,7.0,Other,"SIPRI Arms Transfers Database, TIV of imports, retrieved 29 July 2026"
Equatorial Guinea,2024,12.0,Other,"SIPRI Arms Transfers Database, TIV of imports, retrieved 29 July 2026"
Chad,2024,10.0,Other,"SIPRI Arms Transfers Database, TIV of imports, retrieved 29 July 2026"
Zambia,2024,1.0,Other,"SIPRI Arms Transfers Database, TIV of imports, retrieved 29 July 2026"
Mauritania,2024,126.0,Other,"SIPRI Arms Transfers Database, TIV of imports, retrieved 29 July 2026"
Burkina Faso,2024,37.0,Other,"SIPRI Arms Transfers Database, TIV of imports, retrieved 29 July 2026"
DR Congo,2024,40.0,Other,"SIPRI Arms Transfers Database, TIV of imports, retrieved 29 July 2026"
Bolivia,2024,0.0,Other,"SIPRI Arms Transfers Database, TIV of imports, retrieved 29 July 2026"
Cote d'Ivoire,2024,7.0,Other,"SIPRI Arms Transfers Database, TIV of imports, retrieved 29 July 2026"
Austria,2024,13.0,Other,"SIPRI Arms Transfers Database, TIV of imports, retrieved 29 July 2026"
Namibia,2024,56.0,Other,"SIPRI Arms Transfers Database, TIV of imports, retrieved 29 July 2026"
Botswana,2024,11.0,Other,"SIPRI Arms Transfers Database, TIV of imports, retrieved 29 July 2026"
Mozambique,2024,1.0,Other,"SIPRI Arms Transfers Database, TIV of imports, retrieved 29 July 2026"
Niger,2024,4.0,Other,"SIPRI Arms Transfers Database, TIV of imports, retrieved 29 July 2026"
Albania,2024,38.0,NATO Europe,"SIPRI Arms Transfers Database, TIV of imports, retrieved 29 July 2026"
Tajikistan,2024,0.0,Other,"SIPRI Arms Transfers Database, TIV of imports, retrieved 29 July 2026"
Luxembourg,2024,3.0,NATO Europe,"SIPRI Arms Transfers Database, TIV of imports, retrieved 29 July 2026"
Jamaica,2024,10.0,Other,"SIPRI Arms Transfers Database, TIV of imports, retrieved 29 July 2026"
Togo,2024,1.0,Other,"SIPRI Arms Transfers Database, TIV of imports, retrieved 29 July 2026"
Georgia,2024,15.0,Other,"SIPRI Arms Transfers Database, TIV of imports, retrieved 29 July 2026"
Congo,2024,9.0,Other,"SIPRI Arms Transfers Database, TIV of imports, retrieved 29 July 2026"
Uruguay,2024,13.0,Other,"SIPRI Arms Transfers Database, TIV of imports, retrieved 29 July 2026"
Honduras,2024,7.0,Other,"SIPRI Arms Transfers Database, TIV of imports, retrieved 29 July 2026"
Houthi rebels (Yemen)*,2024,1.0,Other,"SIPRI Arms Transfers Database, TIV of imports, retrieved 29 July 2026"
Slovenia,2024,19.0,NATO Europe,"SIPRI Arms Transfers Database, TIV of imports, retrieved 29 July 2026"
Gabon,2024,6.0,Other,"SIPRI Arms Transfers Database, TIV of imports, retrieved 29 July 2026"
El Salvador,2024,0.0,Other,"SIPRI Arms Transfers Database, TIV of imports, retrieved 29 July 2026"
Dominican Republic,2024,10.0,Other,"SIPRI Arms Transfers Database, TIV of imports, retrieved 29 July 2026"
Benin,2024,7.0,Other,"SIPRI Arms Transfers Database, TIV of imports, retrieved 29 July 2026"
United Nations**,2024,4.0,Other,"SIPRI Arms Transfers Database, TIV of imports, retrieved 29 July 2026"
Guinea,2024,6.0,Other,"SIPRI Arms Transfers Database, TIV of imports, retrieved 29 July 2026"
Montenegro,2024,6.0,NATO Europe,"SIPRI Arms Transfers Database, TIV of imports, retrieved 29 July 2026"
Malawi,2024,2.0,Other,"SIPRI Arms Transfers Database, TIV of imports, retrieved 29 July 2026"
Somalia,2024,4.0,Other,"SIPRI Arms Transfers Database, TIV of imports, retrieved 29 July 2026"
Maldives,2024,7.0,Other,"SIPRI Arms Transfers Database, TIV of imports, retrieved 29 July 2026"
Guyana,2024,9.0,Other,"SIPRI Arms Transfers Database, TIV of imports, retrieved 29 July 2026"
Fiji,2024,16.0,Other,"SIPRI Arms Transfers Database, TIV of imports, retrieved 29 July 2026"
Suriname,2024,12.0,Other,"SIPRI Arms Transfers Database, TIV of imports, retrieved 29 July 2026"
Moldova,2024,4.0,Other,"SIPRI Arms Transfers Database, TIV of imports, retrieved 29 July 2026"
RSF (Sudan)*,2024,2.0,Other,"SIPRI Arms Transfers Database, TIV of imports, retrieved 29 July 2026"
North Macedonia,2024,1.0,NATO Europe,"SIPRI Arms Transfers Database, TIV of imports, retrieved 29 July 2026"
Total world import,2024,30721.0,World,"SIPRI Arms Transfers Database, TIV of imports, retrieved 29 July 2026"
India,2025,2863.0,Other,"SIPRI Arms Transfers Database, TIV of imports, retrieved 29 July 2026"
Saudi Arabia,2025,3042.0,Other,"SIPRI Arms Transfers Database, TIV of imports, retrieved 29 July 2026"
United Arab Emirates,2025,868.0,Other,"SIPRI Arms Transfers Database, TIV of imports, retrieved 29 July 2026"
Australia,2025,826.0,Indo-Pacific allies,"SIPRI Arms Transfers Database, TIV of imports, retrieved 29 July 2026"
Qatar,2025,1054.0,Other,"SIPRI Arms Transfers Database, TIV of imports, retrieved 29 July 2026"
Egypt,2025,697.0,Other,"SIPRI Arms Transfers Database, TIV of imports, retrieved 29 July 2026"
China,2025,207.0,Other,"SIPRI Arms Transfers Database, TIV of imports, retrieved 29 July 2026"
Pakistan,2025,706.0,Other,"SIPRI Arms Transfers Database, TIV of imports, retrieved 29 July 2026"
Ukraine,2025,2264.0,Other,"SIPRI Arms Transfers Database, TIV of imports, retrieved 29 July 2026"
South Korea,2025,222.0,Indo-Pacific allies,"SIPRI Arms Transfers Database, TIV of imports, retrieved 29 July 2026"
United States,2025,745.0,Other,"SIPRI Arms Transfers Database, TIV of imports, retrieved 29 July 2026"
Algeria,2025,108.0,Other,"SIPRI Arms Transfers Database, TIV of imports, retrieved 29 July 2026"
Japan,2025,1715.0,Indo-Pacific allies,"SIPRI Arms Transfers Database, TIV of imports, retrieved 29 July 2026"
Turkiye,2025,381.0,NATO Europe,"SIPRI Arms Transfers Database, TIV of imports, retrieved 29 July 2026"
United Kingdom,2025,609.0,NATO Europe,"SIPRI Arms Transfers Database, TIV of imports, retrieved 29 July 2026"
Indonesia,2025,1277.0,Other,"SIPRI Arms Transfers Database, TIV of imports, retrieved 29 July 2026"
Viet Nam,2025,177.0,Other,"SIPRI Arms Transfers Database, TIV of imports, retrieved 29 July 2026"
Iraq,2025,55.0,Other,"SIPRI Arms Transfers Database, TIV of imports, retrieved 29 July 2026"
Israel,2025,537.0,Other,"SIPRI Arms Transfers Database, TIV of imports, retrieved 29 July 2026"
Poland,2025,2169.0,NATO Europe,"SIPRI Arms Transfers Database, TIV of imports, retrieved 29 July 2026"
Singapore,2025,57.0,Other,"SIPRI Arms Transfers Database, TIV of imports, retrieved 29 July 2026"
Kuwait,2025,311.0,Other,"SIPRI Arms Transfers Database, TIV of imports, retrieved 29 July 2026"
Morocco,2025,392.0,Other,"SIPRI Arms Transfers Database, TIV of imports, retrieved 29 July 2026"
Norway,2025,407.0,NATO Europe,"SIPRI Arms Transfers Database, TIV of imports, retrieved 29 July 2026"
Taiwan,2025,398.0,Indo-Pacific allies,"SIPRI Arms Transfers Database, TIV of imports, retrieved 29 July 2026"
Italy,2025,566.0,NATO Europe,"SIPRI Arms Transfers Database, TIV of imports, retrieved 29 July 2026"
Netherlands,2025,824.0,NATO Europe,"SIPRI Arms Transfers Database, TIV of imports, retrieved 29 July 2026"
Bangladesh,2025,32.0,Other,"SIPRI Arms Transfers Database, TIV of imports, retrieved 29 July 2026"
Azerbaijan,2025,463.0,Other,"SIPRI Arms Transfers Database, TIV of imports, retrieved 29 July 2026"
Greece,2025,574.0,NATO Europe,"SIPRI Arms Transfers Database, TIV of imports, retrieved 29 July 2026"
Thailand,2025,33.0,Indo-Pacific allies,"SIPRI Arms Transfers Database, TIV of imports, retrieved 29 July 2026"
Brazil,2025,462.0,Other,"SIPRI Arms Transfers Database, TIV of imports, retrieved 29 July 2026"
Canada,2025,83.0,Other,"SIPRI Arms Transfers Database, TIV of imports, retrieved 29 July 2026"
Myanmar,2025,70.0,Other,"SIPRI Arms Transfers Database, TIV of imports, retrieved 29 July 2026"
Germany,2025,1632.0,NATO Europe,"SIPRI Arms Transfers Database, TIV of imports, retrieved 29 July 2026"
Philippines,2025,846.0,Indo-Pacific allies,"SIPRI Arms Transfers Database, TIV of imports, retrieved 29 July 2026"
Kazakhstan,2025,18.0,Other,"SIPRI Arms Transfers Database, TIV of imports, retrieved 29 July 2026"
Belarus,2025,466.0,Other,"SIPRI Arms Transfers Database, TIV of imports, retrieved 29 July 2026"
Denmark,2025,278.0,NATO Europe,"SIPRI Arms Transfers Database, TIV of imports, retrieved 29 July 2026"
Spain,2025,237.0,NATO Europe,"SIPRI Arms Transfers Database, TIV of imports, retrieved 29 July 2026"
Romania,2025,421.0,NATO Europe,"SIPRI Arms Transfers Database, TIV of imports, retrieved 29 July 2026"
Syria,2025,2.0,Other,"SIPRI Arms Transfers Database, TIV of imports, retrieved 29 July 2026"
Bahrain,2025,30.0,Other,"SIPRI Arms Transfers Database, TIV of imports, retrieved 29 July 2026"
Mexico,2025,9.0,Other,"SIPRI Arms Transfers Database, TIV of imports, retrieved 29 July 2026"
Belgium,2025,430.0,NATO Europe,"SIPRI Arms Transfers Database, TIV of imports, retrieved 29 July 2026"
France,2025,236.0,NATO Europe,"SIPRI Arms Transfers Database, TIV of imports, retrieved 29 July 2026"
Chile,2025,14.0,Other,"SIPRI Arms Transfers Database, TIV of imports, retrieved 29 July 2026"
Russia,2025,129.0,Other,"SIPRI Arms Transfers Database, TIV of imports, retrieved 29 July 2026"
Finland,2025,51.0,NATO Europe,"SIPRI Arms Transfers Database, TIV of imports, retrieved 29 July 2026"
Hungary,2025,402.0,NATO Europe,"SIPRI Arms Transfers Database, TIV of imports, retrieved 29 July 2026"
Sweden,2025,146.0,NATO Europe,"SIPRI Arms Transfers Database, TIV of imports, retrieved 29 July 2026"
NATO**,2025,120.0,Other,"SIPRI Arms Transfers Database, TIV of imports, retrieved 29 July 2026"
Nigeria,2025,21.0,Other,"SIPRI Arms Transfers Database, TIV of imports, retrieved 29 July 2026"
Serbia,2025,146.0,Other,"SIPRI Arms Transfers Database, TIV of imports, retrieved 29 July 2026"
Colombia,2025,22.0,Other,"SIPRI Arms Transfers Database, TIV of imports, retrieved 29 July 2026"
Sudan,2025,57.0,Other,"SIPRI Arms Transfers Database, TIV of imports, retrieved 29 July 2026"
Angola,2025,84.0,Other,"SIPRI Arms Transfers Database, TIV of imports, retrieved 29 July 2026"
Peru,2025,90.0,Other,"SIPRI Arms Transfers Database, TIV of imports, retrieved 29 July 2026"
Uganda,2025,2.0,Other,"SIPRI Arms Transfers Database, TIV of imports, retrieved 29 July 2026"
Ethiopia,2025,63.0,Other,"SIPRI Arms Transfers Database, TIV of imports, retrieved 29 July 2026"
Slovakia,2025,445.0,NATO Europe,"SIPRI Arms Transfers Database, TIV of imports, retrieved 29 July 2026"
Lithuania,2025,29.0,NATO Europe,"SIPRI Arms Transfers Database, TIV of imports, retrieved 29 July 2026"
Tunisia,2025,7.0,Other,"SIPRI Arms Transfers Database, TIV of imports, retrieved 29 July 2026"
Bulgaria,2025,540.0,NATO Europe,"SIPRI Arms Transfers Database, TIV of imports, retrieved 29 July 2026"
Uzbekistan,2025,32.0,Other,"SIPRI Arms Transfers Database, TIV of imports, retrieved 29 July 2026"
Portugal,2025,90.0,NATO Europe,"SIPRI Arms Transfers Database, TIV of imports, retrieved 29 July 2026"
Armenia,2025,21.0,Other,"SIPRI Arms Transfers Database, TIV of imports, retrieved 29 July 2026"
Estonia,2025,204.0,NATO Europe,"SIPRI Arms Transfers Database, TIV of imports, retrieved 29 July 2026"
Czechia,2025,19.0,NATO Europe,"SIPRI Arms Transfers Database, TIV of imports, retrieved 29 July 2026"
Argentina,2025,108.0,Other,"SIPRI Arms Transfers Database, TIV of imports, retrieved 29 July 2026"
South Africa,2025,30.0,Other,"SIPRI Arms Transfers Database, TIV of imports, retrieved 29 July 2026"
Croatia,2025,141.0,NATO Europe,"SIPRI Arms Transfers Database, TIV of imports, retrieved 29 July 2026"
Tanzania,2025,4.0,Other,"SIPRI Arms Transfers Database, TIV of imports, retrieved 29 July 2026"
Mali,2025,64.0,Other,"SIPRI Arms Transfers Database, TIV of imports, retrieved 29 July 2026"
Kenya,2025,117.0,Other,"SIPRI Arms Transfers Database, TIV of imports, retrieved 29 July 2026"
House of Representatives (Libya)*,2025,70.0,Other,"SIPRI Arms Transfers Database, TIV of imports, retrieved 29 July 2026"
Ecuador,2025,30.0,Other,"SIPRI Arms Transfers Database, TIV of imports, retrieved 29 July 2026"
Sri Lanka,2025,11.0,Other,"SIPRI Arms Transfers Database, TIV of imports, retrieved 29 July 2026"
Ghana,2025,5.0,Other,"SIPRI Arms Transfers Database, TIV of imports, retrieved 29 July 2026"
Cyprus,2025,28.0,Other,"SIPRI Arms Transfers Database, TIV of imports, retrieved 29 July 2026"
Ireland,2025,14.0,Other,"SIPRI Arms Transfers Database, TIV of imports, retrieved 29 July 2026"
Chad,2025,4.0,Other,"SIPRI Arms Transfers Database, TIV of imports, retrieved 29 July 2026"
Burkina Faso,2025,34.0,Other,"SIPRI Arms Transfers Database, TIV of imports, retrieved 29 July 2026"
DR Congo,2025,44.0,Other,"SIPRI Arms Transfers Database, TIV of imports, retrieved 29 July 2026"
Cote d'Ivoire,2025,15.0,Other,"SIPRI Arms Transfers Database, TIV of imports, retrieved 29 July 2026"
Austria,2025,29.0,Other,"SIPRI Arms Transfers Database, TIV of imports, retrieved 29 July 2026"
Namibia,2025,0.0,Other,"SIPRI Arms Transfers Database, TIV of imports, retrieved 29 July 2026"
Mozambique,2025,14.0,Other,"SIPRI Arms Transfers Database, TIV of imports, retrieved 29 July 2026"
Niger,2025,4.0,Other,"SIPRI Arms Transfers Database, TIV of imports, retrieved 29 July 2026"
Albania,2025,23.0,NATO Europe,"SIPRI Arms Transfers Database, TIV of imports, retrieved 29 July 2026"
Tajikistan,2025,75.0,Other,"SIPRI Arms Transfers Database, TIV of imports, retrieved 29 July 2026"
Luxembourg,2025,11.0,NATO Europe,"SIPRI Arms Transfers Database, TIV of imports, retrieved 29 July 2026"
Togo,2025,5.0,Other,"SIPRI Arms Transfers Database, TIV of imports, retrieved 29 July 2026"
Uruguay,2025,1.0,Other,"SIPRI Arms Transfers Database, TIV of imports, retrieved 29 July 2026"
Nepal,2025,6.0,Other,"SIPRI Arms Transfers Database, TIV of imports, retrieved 29 July 2026"
El Salvador,2025,3.0,Other,"SIPRI Arms Transfers Database, TIV of imports, retrieved 29 July 2026"
Dominican Republic,2025,13.0,Other,"SIPRI Arms Transfers Database, TIV of imports, retrieved 29 July 2026"
Benin,2025,4.0,Other,"SIPRI Arms Transfers Database, TIV of imports, retrieved 29 July 2026"
Paraguay,2025,24.0,Other,"SIPRI Arms Transfers Database, TIV of imports, retrieved 29 July 2026"
Kosovo,2025,8.0,Other,"SIPRI Arms Transfers Database, TIV of imports, retrieved 29 July 2026"
Guinea,2025,6.0,Other,"SIPRI Arms Transfers Database, TIV of imports, retrieved 29 July 2026"
Montenegro,2025,1.0,NATO Europe,"SIPRI Arms Transfers Database, TIV of imports, retrieved 29 July 2026"
Somalia,2025,2.0,Other,"SIPRI Arms Transfers Database, TIV of imports, retrieved 29 July 2026"
Maldives,2025,11.0,Other,"SIPRI Arms Transfers Database, TIV of imports, retrieved 29 July 2026"
Guyana,2025,5.0,Other,"SIPRI Arms Transfers Database, TIV of imports, retrieved 29 July 2026"
Moldova,2025,5.0,Other,"SIPRI Arms Transfers Database, TIV of imports, retrieved 29 July 2026"
RSF (Sudan)*,2025,17.0,Other,"SIPRI Arms Transfers Database, TIV of imports, retrieved 29 July 2026"
North Macedonia,2025,9.0,NATO Europe,"SIPRI Arms Transfers Database, TIV of imports, retrieved 29 July 2026"
Liberia,2025,0.0,Other,"SIPRI Arms Transfers Database, TIV of imports, retrieved 29 July 2026"
Bosnia-Herzegovina,2025,1.0,Other,"SIPRI Arms Transfers Database, TIV of imports, retrieved 29 July 2026"
Madagascar,2025,3.0,Other,"SIPRI Arms Transfers Database, TIV of imports, retrieved 29 July 2026"
Gambia,2025,1.0,Other,"SIPRI Arms Transfers Database, TIV of imports, retrieved 29 July 2026"
Comoros,2025,0.0,Other,"SIPRI Arms Transfers Database, TIV of imports, retrieved 29 July 2026"
Haiti,2025,1.0,Other,"SIPRI Arms Transfers Database, TIV of imports, retrieved 29 July 2026"
Total world import,2025,33535.0,World,"SIPRI Arms Transfers Database, TIV of imports, retrieved 29 July 2026"
