ccy,measure,quarter,value,date,source
CHF,claims_usd_m,1999-Q1,3571.27628978701,1999-03-31,"IMF COFER (IMF.STA COFER 7.0.1, retrieved 2026-07-24)"
CHF,share_pct,1999-Q1,0.288142224166944,1999-03-31,"IMF COFER (IMF.STA COFER 7.0.1, retrieved 2026-07-24)"
EUR,claims_usd_m,1999-Q1,224608.50443104,1999-03-31,"IMF COFER (IMF.STA COFER 7.0.1, retrieved 2026-07-24)"
EUR,share_pct,1999-Q1,18.1221470370837,1999-03-31,"IMF COFER (IMF.STA COFER 7.0.1, retrieved 2026-07-24)"
GBP,claims_usd_m,1999-Q1,34014.7018887905,1999-03-31,"IMF COFER (IMF.STA COFER 7.0.1, retrieved 2026-07-24)"
GBP,share_pct,1999-Q1,2.74441713866842,1999-03-31,"IMF COFER (IMF.STA COFER 7.0.1, retrieved 2026-07-24)"
JPY,claims_usd_m,1999-Q1,74773.4976301907,1999-03-31,"IMF COFER (IMF.STA COFER 7.0.1, retrieved 2026-07-24)"
JPY,share_pct,1999-Q1,6.03296977540481,1999-03-31,"IMF COFER (IMF.STA COFER 7.0.1, retrieved 2026-07-24)"
OTHER,claims_usd_m,1999-Q1,20121.3334343273,1999-03-31,"IMF COFER (IMF.STA COFER 7.0.1, retrieved 2026-07-24)"
OTHER,share_pct,1999-Q1,1.62345483757504,1999-03-31,"IMF COFER (IMF.STA COFER 7.0.1, retrieved 2026-07-24)"
TOTAL,claims_usd_m,1999-Q1,1239414.42463423,1999-03-31,"IMF COFER (IMF.STA COFER 7.0.1, retrieved 2026-07-24)"
TOTAL,share_pct,1999-Q1,77.1780443178892,1999-03-31,"IMF COFER (IMF.STA COFER 7.0.1, retrieved 2026-07-24)"
USD,claims_usd_m,1999-Q1,882325.110960097,1999-03-31,"IMF COFER (IMF.STA COFER 7.0.1, retrieved 2026-07-24)"
USD,share_pct,1999-Q1,71.1888689871011,1999-03-31,"IMF COFER (IMF.STA COFER 7.0.1, retrieved 2026-07-24)"
CHF,claims_usd_m,1999-Q2,3092.35676834092,1999-06-30,"IMF COFER (IMF.STA COFER 7.0.1, retrieved 2026-07-24)"
CHF,share_pct,1999-Q2,0.242780802330429,1999-06-30,"IMF COFER (IMF.STA COFER 7.0.1, retrieved 2026-07-24)"
EUR,claims_usd_m,1999-Q2,223853.6556624,1999-06-30,"IMF COFER (IMF.STA COFER 7.0.1, retrieved 2026-07-24)"
EUR,share_pct,1999-Q2,17.5747412726491,1999-06-30,"IMF COFER (IMF.STA COFER 7.0.1, retrieved 2026-07-24)"
GBP,claims_usd_m,1999-Q2,35573.7423480157,1999-06-30,"IMF COFER (IMF.STA COFER 7.0.1, retrieved 2026-07-24)"
GBP,share_pct,1999-Q2,2.79289304441442,1999-06-30,"IMF COFER (IMF.STA COFER 7.0.1, retrieved 2026-07-24)"
JPY,claims_usd_m,1999-Q2,71673.7449810355,1999-06-30,"IMF COFER (IMF.STA COFER 7.0.1, retrieved 2026-07-24)"
JPY,share_pct,1999-Q2,5.62710276209759,1999-06-30,"IMF COFER (IMF.STA COFER 7.0.1, retrieved 2026-07-24)"
OTHER,claims_usd_m,1999-Q2,20845.13022835,1999-06-30,"IMF COFER (IMF.STA COFER 7.0.1, retrieved 2026-07-24)"
OTHER,share_pct,1999-Q2,1.63655031441804,1999-06-30,"IMF COFER (IMF.STA COFER 7.0.1, retrieved 2026-07-24)"
TOTAL,claims_usd_m,1999-Q2,1273723.76178746,1999-06-30,"IMF COFER (IMF.STA COFER 7.0.1, retrieved 2026-07-24)"
TOTAL,share_pct,1999-Q2,77.3485464051613,1999-06-30,"IMF COFER (IMF.STA COFER 7.0.1, retrieved 2026-07-24)"
USD,claims_usd_m,1999-Q2,918685.131799318,1999-06-30,"IMF COFER (IMF.STA COFER 7.0.1, retrieved 2026-07-24)"
USD,share_pct,1999-Q2,72.1259318040904,1999-06-30,"IMF COFER (IMF.STA COFER 7.0.1, retrieved 2026-07-24)"
CHF,claims_usd_m,1999-Q3,3193.2782022,1999-09-30,"IMF COFER (IMF.STA COFER 7.0.1, retrieved 2026-07-24)"
CHF,share_pct,1999-Q3,0.241139623481688,1999-09-30,"IMF COFER (IMF.STA COFER 7.0.1, retrieved 2026-07-24)"
EUR,claims_usd_m,1999-Q3,242702.35503122,1999-09-30,"IMF COFER (IMF.STA COFER 7.0.1, retrieved 2026-07-24)"
EUR,share_pct,1999-Q3,18.3276090601898,1999-09-30,"IMF COFER (IMF.STA COFER 7.0.1, retrieved 2026-07-24)"
GBP,claims_usd_m,1999-Q3,37029.31361806,1999-09-30,"IMF COFER (IMF.STA COFER 7.0.1, retrieved 2026-07-24)"
GBP,share_pct,1999-Q3,2.79625957346672,1999-09-30,"IMF COFER (IMF.STA COFER 7.0.1, retrieved 2026-07-24)"
JPY,claims_usd_m,1999-Q3,82726.0303669,1999-09-30,"IMF COFER (IMF.STA COFER 7.0.1, retrieved 2026-07-24)"
JPY,share_pct,1999-Q3,6.24703597734313,1999-09-30,"IMF COFER (IMF.STA COFER 7.0.1, retrieved 2026-07-24)"
OTHER,claims_usd_m,1999-Q3,22554.52612399,1999-09-30,"IMF COFER (IMF.STA COFER 7.0.1, retrieved 2026-07-24)"
OTHER,share_pct,1999-Q3,1.70319953131544,1999-09-30,"IMF COFER (IMF.STA COFER 7.0.1, retrieved 2026-07-24)"
TOTAL,claims_usd_m,1999-Q3,1324244.50038278,1999-09-30,"IMF COFER (IMF.STA COFER 7.0.1, retrieved 2026-07-24)"
TOTAL,share_pct,1999-Q3,77.2564503148857,1999-09-30,"IMF COFER (IMF.STA COFER 7.0.1, retrieved 2026-07-24)"
USD,claims_usd_m,1999-Q3,936038.99704041,1999-09-30,"IMF COFER (IMF.STA COFER 7.0.1, retrieved 2026-07-24)"
USD,share_pct,1999-Q3,70.6847562342032,1999-09-30,"IMF COFER (IMF.STA COFER 7.0.1, retrieved 2026-07-24)"
CHF,claims_usd_m,1999-Q4,3171.86456429576,1999-12-31,"IMF COFER (IMF.STA COFER 7.0.1, retrieved 2026-07-24)"
CHF,share_pct,1999-Q4,0.229894413428983,1999-12-31,"IMF COFER (IMF.STA COFER 7.0.1, retrieved 2026-07-24)"
EUR,claims_usd_m,1999-Q4,246950.496655992,1999-12-31,"IMF COFER (IMF.STA COFER 7.0.1, retrieved 2026-07-24)"
EUR,share_pct,1999-Q4,17.8987905769332,1999-12-31,"IMF COFER (IMF.STA COFER 7.0.1, retrieved 2026-07-24)"
GBP,claims_usd_m,1999-Q4,39827.3708920595,1999-12-31,"IMF COFER (IMF.STA COFER 7.0.1, retrieved 2026-07-24)"
GBP,share_pct,1999-Q4,2.88665858331864,1999-12-31,"IMF COFER (IMF.STA COFER 7.0.1, retrieved 2026-07-24)"
JPY,claims_usd_m,1999-Q4,87938.6948982778,1999-12-31,"IMF COFER (IMF.STA COFER 7.0.1, retrieved 2026-07-24)"
JPY,share_pct,1999-Q4,6.3737320025953,1999-12-31,"IMF COFER (IMF.STA COFER 7.0.1, retrieved 2026-07-24)"
OTHER,claims_usd_m,1999-Q4,22033.7905259205,1999-12-31,"IMF COFER (IMF.STA COFER 7.0.1, retrieved 2026-07-24)"
OTHER,share_pct,1999-Q4,1.59699295032739,1999-12-31,"IMF COFER (IMF.STA COFER 7.0.1, retrieved 2026-07-24)"
TOTAL,claims_usd_m,1999-Q4,1379704.9336632,1999-12-31,"IMF COFER (IMF.STA COFER 7.0.1, retrieved 2026-07-24)"
TOTAL,share_pct,1999-Q4,77.3938524700262,1999-12-31,"IMF COFER (IMF.STA COFER 7.0.1, retrieved 2026-07-24)"
USD,claims_usd_m,1999-Q4,979782.716126656,1999-12-31,"IMF COFER (IMF.STA COFER 7.0.1, retrieved 2026-07-24)"
USD,share_pct,1999-Q4,71.0139314733965,1999-12-31,"IMF COFER (IMF.STA COFER 7.0.1, retrieved 2026-07-24)"
CHF,claims_usd_m,2000-Q1,5505.95802504969,2000-03-31,"IMF COFER (IMF.STA COFER 7.0.1, retrieved 2026-07-24)"
CHF,share_pct,2000-Q1,0.305566067237065,2000-03-31,"IMF COFER (IMF.STA COFER 7.0.1, retrieved 2026-07-24)"
EUR,claims_usd_m,2000-Q1,297939.516535156,2000-03-31,"IMF COFER (IMF.STA COFER 7.0.1, retrieved 2026-07-24)"
EUR,share_pct,2000-Q1,16.534852958916,2000-03-31,"IMF COFER (IMF.STA COFER 7.0.1, retrieved 2026-07-24)"
GBP,claims_usd_m,2000-Q1,68573.6930232167,2000-03-31,"IMF COFER (IMF.STA COFER 7.0.1, retrieved 2026-07-24)"
GBP,share_pct,2000-Q1,3.80565808850985,2000-03-31,"IMF COFER (IMF.STA COFER 7.0.1, retrieved 2026-07-24)"
JPY,claims_usd_m,2000-Q1,108165.729207653,2000-03-31,"IMF COFER (IMF.STA COFER 7.0.1, retrieved 2026-07-24)"
JPY,share_pct,2000-Q1,6.0029110889405,2000-03-31,"IMF COFER (IMF.STA COFER 7.0.1, retrieved 2026-07-24)"
OTHER,claims_usd_m,2000-Q1,46028.4867531814,2000-03-31,"IMF COFER (IMF.STA COFER 7.0.1, retrieved 2026-07-24)"
OTHER,share_pct,2000-Q1,2.55445893594803,2000-03-31,"IMF COFER (IMF.STA COFER 7.0.1, retrieved 2026-07-24)"
TOTAL,claims_usd_m,2000-Q1,1801887.91079935,2000-03-31,"IMF COFER (IMF.STA COFER 7.0.1, retrieved 2026-07-24)"
TOTAL,share_pct,2000-Q1,100.0,2000-03-31,"IMF COFER (IMF.STA COFER 7.0.1, retrieved 2026-07-24)"
USD,claims_usd_m,2000-Q1,1275674.5272551,2000-03-31,"IMF COFER (IMF.STA COFER 7.0.1, retrieved 2026-07-24)"
USD,share_pct,2000-Q1,70.7965528604486,2000-03-31,"IMF COFER (IMF.STA COFER 7.0.1, retrieved 2026-07-24)"
CHF,claims_usd_m,2000-Q2,3849.3588473527,2000-06-30,"IMF COFER (IMF.STA COFER 7.0.1, retrieved 2026-07-24)"
CHF,share_pct,2000-Q2,0.208569363826617,2000-06-30,"IMF COFER (IMF.STA COFER 7.0.1, retrieved 2026-07-24)"
EUR,claims_usd_m,2000-Q2,309563.569010718,2000-06-30,"IMF COFER (IMF.STA COFER 7.0.1, retrieved 2026-07-24)"
EUR,share_pct,2000-Q2,16.7730469443933,2000-06-30,"IMF COFER (IMF.STA COFER 7.0.1, retrieved 2026-07-24)"
GBP,claims_usd_m,2000-Q2,60518.5901475367,2000-06-30,"IMF COFER (IMF.STA COFER 7.0.1, retrieved 2026-07-24)"
GBP,share_pct,2000-Q2,3.27907174864619,2000-06-30,"IMF COFER (IMF.STA COFER 7.0.1, retrieved 2026-07-24)"
JPY,claims_usd_m,2000-Q2,125902.307026585,2000-06-30,"IMF COFER (IMF.STA COFER 7.0.1, retrieved 2026-07-24)"
JPY,share_pct,2000-Q2,6.82175009453778,2000-06-30,"IMF COFER (IMF.STA COFER 7.0.1, retrieved 2026-07-24)"
OTHER,claims_usd_m,2000-Q2,41376.3047418623,2000-06-30,"IMF COFER (IMF.STA COFER 7.0.1, retrieved 2026-07-24)"
OTHER,share_pct,2000-Q2,2.24188751938297,2000-06-30,"IMF COFER (IMF.STA COFER 7.0.1, retrieved 2026-07-24)"
TOTAL,claims_usd_m,2000-Q2,1845601.27946339,2000-06-30,"IMF COFER (IMF.STA COFER 7.0.1, retrieved 2026-07-24)"
TOTAL,share_pct,2000-Q2,100.0,2000-06-30,"IMF COFER (IMF.STA COFER 7.0.1, retrieved 2026-07-24)"
USD,claims_usd_m,2000-Q2,1304391.14968934,2000-06-30,"IMF COFER (IMF.STA COFER 7.0.1, retrieved 2026-07-24)"
USD,share_pct,2000-Q2,70.6756743292132,2000-06-30,"IMF COFER (IMF.STA COFER 7.0.1, retrieved 2026-07-24)"
CHF,claims_usd_m,2000-Q3,4262.41654373772,2000-09-30,"IMF COFER (IMF.STA COFER 7.0.1, retrieved 2026-07-24)"
CHF,share_pct,2000-Q3,0.228059718582468,2000-09-30,"IMF COFER (IMF.STA COFER 7.0.1, retrieved 2026-07-24)"
EUR,claims_usd_m,2000-Q3,306925.068641001,2000-09-30,"IMF COFER (IMF.STA COFER 7.0.1, retrieved 2026-07-24)"
EUR,share_pct,2000-Q3,16.4219625327352,2000-09-30,"IMF COFER (IMF.STA COFER 7.0.1, retrieved 2026-07-24)"
GBP,claims_usd_m,2000-Q3,61863.6041543938,2000-09-30,"IMF COFER (IMF.STA COFER 7.0.1, retrieved 2026-07-24)"
GBP,share_pct,2000-Q3,3.30999938865111,2000-09-30,"IMF COFER (IMF.STA COFER 7.0.1, retrieved 2026-07-24)"
JPY,claims_usd_m,2000-Q3,131825.065379723,2000-09-30,"IMF COFER (IMF.STA COFER 7.0.1, retrieved 2026-07-24)"
JPY,share_pct,2000-Q3,7.05327295071261,2000-09-30,"IMF COFER (IMF.STA COFER 7.0.1, retrieved 2026-07-24)"
OTHER,claims_usd_m,2000-Q3,43800.2361504766,2000-09-30,"IMF COFER (IMF.STA COFER 7.0.1, retrieved 2026-07-24)"
OTHER,share_pct,2000-Q3,2.3435226069116,2000-09-30,"IMF COFER (IMF.STA COFER 7.0.1, retrieved 2026-07-24)"
TOTAL,claims_usd_m,2000-Q3,1868991.40726441,2000-09-30,"IMF COFER (IMF.STA COFER 7.0.1, retrieved 2026-07-24)"
TOTAL,share_pct,2000-Q3,100.0,2000-09-30,"IMF COFER (IMF.STA COFER 7.0.1, retrieved 2026-07-24)"
USD,claims_usd_m,2000-Q3,1320315.01639508,2000-09-30,"IMF COFER (IMF.STA COFER 7.0.1, retrieved 2026-07-24)"
USD,share_pct,2000-Q3,70.643182802407,2000-09-30,"IMF COFER (IMF.STA COFER 7.0.1, retrieved 2026-07-24)"
CHF,claims_usd_m,2000-Q4,5806.16765540092,2000-12-31,"IMF COFER (IMF.STA COFER 7.0.1, retrieved 2026-07-24)"
CHF,share_pct,2000-Q4,0.300435722773635,2000-12-31,"IMF COFER (IMF.STA COFER 7.0.1, retrieved 2026-07-24)"
EUR,claims_usd_m,2000-Q4,338918.134136294,2000-12-31,"IMF COFER (IMF.STA COFER 7.0.1, retrieved 2026-07-24)"
EUR,share_pct,2000-Q4,17.5370606971042,2000-12-31,"IMF COFER (IMF.STA COFER 7.0.1, retrieved 2026-07-24)"
GBP,claims_usd_m,2000-Q4,65957.7566074026,2000-12-31,"IMF COFER (IMF.STA COFER 7.0.1, retrieved 2026-07-24)"
GBP,share_pct,2000-Q4,3.41293387565885,2000-12-31,"IMF COFER (IMF.STA COFER 7.0.1, retrieved 2026-07-24)"
JPY,claims_usd_m,2000-Q4,126811.28126999,2000-12-31,"IMF COFER (IMF.STA COFER 7.0.1, retrieved 2026-07-24)"
JPY,share_pct,2000-Q4,6.56175315722423,2000-12-31,"IMF COFER (IMF.STA COFER 7.0.1, retrieved 2026-07-24)"
OTHER,claims_usd_m,2000-Q4,47299.7475381753,2000-12-31,"IMF COFER (IMF.STA COFER 7.0.1, retrieved 2026-07-24)"
OTHER,share_pct,2000-Q4,2.44748940816813,2000-12-31,"IMF COFER (IMF.STA COFER 7.0.1, retrieved 2026-07-24)"
TOTAL,claims_usd_m,2000-Q4,1932582.31804066,2000-12-31,"IMF COFER (IMF.STA COFER 7.0.1, retrieved 2026-07-24)"
TOTAL,share_pct,2000-Q4,100.0,2000-12-31,"IMF COFER (IMF.STA COFER 7.0.1, retrieved 2026-07-24)"
USD,claims_usd_m,2000-Q4,1347789.23083339,2000-12-31,"IMF COFER (IMF.STA COFER 7.0.1, retrieved 2026-07-24)"
USD,share_pct,2000-Q4,69.7403271390709,2000-12-31,"IMF COFER (IMF.STA COFER 7.0.1, retrieved 2026-07-24)"
CHF,claims_usd_m,2001-Q1,5363.80520457341,2001-03-31,"IMF COFER (IMF.STA COFER 7.0.1, retrieved 2026-07-24)"
CHF,share_pct,2001-Q1,0.277286854191542,2001-03-31,"IMF COFER (IMF.STA COFER 7.0.1, retrieved 2026-07-24)"
EUR,claims_usd_m,2001-Q1,333212.584650388,2001-03-31,"IMF COFER (IMF.STA COFER 7.0.1, retrieved 2026-07-24)"
EUR,share_pct,2001-Q1,17.225731705536,2001-03-31,"IMF COFER (IMF.STA COFER 7.0.1, retrieved 2026-07-24)"
GBP,claims_usd_m,2001-Q1,65532.5392668371,2001-03-31,"IMF COFER (IMF.STA COFER 7.0.1, retrieved 2026-07-24)"
GBP,share_pct,2001-Q1,3.38776502267296,2001-03-31,"IMF COFER (IMF.STA COFER 7.0.1, retrieved 2026-07-24)"
JPY,claims_usd_m,2001-Q1,114931.212391529,2001-03-31,"IMF COFER (IMF.STA COFER 7.0.1, retrieved 2026-07-24)"
JPY,share_pct,2001-Q1,5.94147496357515,2001-03-31,"IMF COFER (IMF.STA COFER 7.0.1, retrieved 2026-07-24)"
OTHER,claims_usd_m,2001-Q1,48701.3353953054,2001-03-31,"IMF COFER (IMF.STA COFER 7.0.1, retrieved 2026-07-24)"
OTHER,share_pct,2001-Q1,2.51766042420354,2001-03-31,"IMF COFER (IMF.STA COFER 7.0.1, retrieved 2026-07-24)"
TOTAL,claims_usd_m,2001-Q1,1934388.56674693,2001-03-31,"IMF COFER (IMF.STA COFER 7.0.1, retrieved 2026-07-24)"
TOTAL,share_pct,2001-Q1,100.0,2001-03-31,"IMF COFER (IMF.STA COFER 7.0.1, retrieved 2026-07-24)"
USD,claims_usd_m,2001-Q1,1366647.08983829,2001-03-31,"IMF COFER (IMF.STA COFER 7.0.1, retrieved 2026-07-24)"
USD,share_pct,2001-Q1,70.6500810298208,2001-03-31,"IMF COFER (IMF.STA COFER 7.0.1, retrieved 2026-07-24)"
CHF,claims_usd_m,2001-Q2,5292.35764133826,2001-06-30,"IMF COFER (IMF.STA COFER 7.0.1, retrieved 2026-07-24)"
CHF,share_pct,2001-Q2,0.272253200877856,2001-06-30,"IMF COFER (IMF.STA COFER 7.0.1, retrieved 2026-07-24)"
EUR,claims_usd_m,2001-Q2,333446.213309199,2001-06-30,"IMF COFER (IMF.STA COFER 7.0.1, retrieved 2026-07-24)"
EUR,share_pct,2001-Q2,17.1533756874137,2001-06-30,"IMF COFER (IMF.STA COFER 7.0.1, retrieved 2026-07-24)"
GBP,claims_usd_m,2001-Q2,60775.3384401922,2001-06-30,"IMF COFER (IMF.STA COFER 7.0.1, retrieved 2026-07-24)"
GBP,share_pct,2001-Q2,3.12644789829308,2001-06-30,"IMF COFER (IMF.STA COFER 7.0.1, retrieved 2026-07-24)"
JPY,claims_usd_m,2001-Q2,112683.345072741,2001-06-30,"IMF COFER (IMF.STA COFER 7.0.1, retrieved 2026-07-24)"
JPY,share_pct,2001-Q2,5.79673624889796,2001-06-30,"IMF COFER (IMF.STA COFER 7.0.1, retrieved 2026-07-24)"
OTHER,claims_usd_m,2001-Q2,43755.0103995463,2001-06-30,"IMF COFER (IMF.STA COFER 7.0.1, retrieved 2026-07-24)"
OTHER,share_pct,2001-Q2,2.25087615823107,2001-06-30,"IMF COFER (IMF.STA COFER 7.0.1, retrieved 2026-07-24)"
TOTAL,claims_usd_m,2001-Q2,1943910.16313988,2001-06-30,"IMF COFER (IMF.STA COFER 7.0.1, retrieved 2026-07-24)"
TOTAL,share_pct,2001-Q2,100.0,2001-06-30,"IMF COFER (IMF.STA COFER 7.0.1, retrieved 2026-07-24)"
USD,claims_usd_m,2001-Q2,1387957.89827686,2001-06-30,"IMF COFER (IMF.STA COFER 7.0.1, retrieved 2026-07-24)"
USD,share_pct,2001-Q2,71.4003108062864,2001-06-30,"IMF COFER (IMF.STA COFER 7.0.1, retrieved 2026-07-24)"
CHF,claims_usd_m,2001-Q3,5174.59758430435,2001-09-30,"IMF COFER (IMF.STA COFER 7.0.1, retrieved 2026-07-24)"
CHF,share_pct,2001-Q3,0.25357370651392,2001-09-30,"IMF COFER (IMF.STA COFER 7.0.1, retrieved 2026-07-24)"
EUR,claims_usd_m,2001-Q3,366636.564870473,2001-09-30,"IMF COFER (IMF.STA COFER 7.0.1, retrieved 2026-07-24)"
EUR,share_pct,2001-Q3,17.9664971397453,2001-09-30,"IMF COFER (IMF.STA COFER 7.0.1, retrieved 2026-07-24)"
GBP,claims_usd_m,2001-Q3,62633.8363684895,2001-09-30,"IMF COFER (IMF.STA COFER 7.0.1, retrieved 2026-07-24)"
GBP,share_pct,2001-Q3,3.06928099864589,2001-09-30,"IMF COFER (IMF.STA COFER 7.0.1, retrieved 2026-07-24)"
JPY,claims_usd_m,2001-Q3,116793.592349466,2001-09-30,"IMF COFER (IMF.STA COFER 7.0.1, retrieved 2026-07-24)"
JPY,share_pct,2001-Q3,5.72330188514773,2001-09-30,"IMF COFER (IMF.STA COFER 7.0.1, retrieved 2026-07-24)"
OTHER,claims_usd_m,2001-Q3,45384.1541097889,2001-09-30,"IMF COFER (IMF.STA COFER 7.0.1, retrieved 2026-07-24)"
OTHER,share_pct,2001-Q3,2.22398514804804,2001-09-30,"IMF COFER (IMF.STA COFER 7.0.1, retrieved 2026-07-24)"
TOTAL,claims_usd_m,2001-Q3,2040668.03906591,2001-09-30,"IMF COFER (IMF.STA COFER 7.0.1, retrieved 2026-07-24)"
TOTAL,share_pct,2001-Q3,100.0,2001-09-30,"IMF COFER (IMF.STA COFER 7.0.1, retrieved 2026-07-24)"
USD,claims_usd_m,2001-Q3,1444045.29378339,2001-09-30,"IMF COFER (IMF.STA COFER 7.0.1, retrieved 2026-07-24)"
USD,share_pct,2001-Q3,70.7633611218991,2001-09-30,"IMF COFER (IMF.STA COFER 7.0.1, retrieved 2026-07-24)"
CHF,claims_usd_m,2001-Q4,5020.05168398395,2001-12-31,"IMF COFER (IMF.STA COFER 7.0.1, retrieved 2026-07-24)"
CHF,share_pct,2001-Q4,0.243598164527768,2001-12-31,"IMF COFER (IMF.STA COFER 7.0.1, retrieved 2026-07-24)"
EUR,claims_usd_m,2001-Q4,379290.717048307,2001-12-31,"IMF COFER (IMF.STA COFER 7.0.1, retrieved 2026-07-24)"
EUR,share_pct,2001-Q4,18.405093873867,2001-12-31,"IMF COFER (IMF.STA COFER 7.0.1, retrieved 2026-07-24)"
GBP,claims_usd_m,2001-Q4,64033.9035902878,2001-12-31,"IMF COFER (IMF.STA COFER 7.0.1, retrieved 2026-07-24)"
GBP,share_pct,2001-Q4,3.10724716877079,2001-12-31,"IMF COFER (IMF.STA COFER 7.0.1, retrieved 2026-07-24)"
JPY,claims_usd_m,2001-Q4,111184.156932065,2001-12-31,"IMF COFER (IMF.STA COFER 7.0.1, retrieved 2026-07-24)"
JPY,share_pct,2001-Q4,5.39521468267518,2001-12-31,"IMF COFER (IMF.STA COFER 7.0.1, retrieved 2026-07-24)"
OTHER,claims_usd_m,2001-Q4,42559.0917853752,2001-12-31,"IMF COFER (IMF.STA COFER 7.0.1, retrieved 2026-07-24)"
OTHER,share_pct,2001-Q4,2.06518125619349,2001-12-31,"IMF COFER (IMF.STA COFER 7.0.1, retrieved 2026-07-24)"
TOTAL,claims_usd_m,2001-Q4,2060792.08097305,2001-12-31,"IMF COFER (IMF.STA COFER 7.0.1, retrieved 2026-07-24)"
TOTAL,share_pct,2001-Q4,100.0,2001-12-31,"IMF COFER (IMF.STA COFER 7.0.1, retrieved 2026-07-24)"
USD,claims_usd_m,2001-Q4,1458704.15993303,2001-12-31,"IMF COFER (IMF.STA COFER 7.0.1, retrieved 2026-07-24)"
USD,share_pct,2001-Q4,70.7836648539658,2001-12-31,"IMF COFER (IMF.STA COFER 7.0.1, retrieved 2026-07-24)"
CHF,claims_usd_m,2002-Q1,6199.58231944258,2002-03-31,"IMF COFER (IMF.STA COFER 7.0.1, retrieved 2026-07-24)"
CHF,share_pct,2002-Q1,0.296080925755089,2002-03-31,"IMF COFER (IMF.STA COFER 7.0.1, retrieved 2026-07-24)"
EUR,claims_usd_m,2002-Q1,398762.149987151,2002-03-31,"IMF COFER (IMF.STA COFER 7.0.1, retrieved 2026-07-24)"
EUR,share_pct,2002-Q1,19.0441646615479,2002-03-31,"IMF COFER (IMF.STA COFER 7.0.1, retrieved 2026-07-24)"
GBP,claims_usd_m,2002-Q1,68925.2189911017,2002-03-31,"IMF COFER (IMF.STA COFER 7.0.1, retrieved 2026-07-24)"
GBP,share_pct,2002-Q1,3.29174476524937,2002-03-31,"IMF COFER (IMF.STA COFER 7.0.1, retrieved 2026-07-24)"
JPY,claims_usd_m,2002-Q1,98221.8901884839,2002-03-31,"IMF COFER (IMF.STA COFER 7.0.1, retrieved 2026-07-24)"
JPY,share_pct,2002-Q1,4.69090120558893,2002-03-31,"IMF COFER (IMF.STA COFER 7.0.1, retrieved 2026-07-24)"
OTHER,claims_usd_m,2002-Q1,45297.0984177641,2002-03-31,"IMF COFER (IMF.STA COFER 7.0.1, retrieved 2026-07-24)"
OTHER,share_pct,2002-Q1,2.16330812988654,2002-03-31,"IMF COFER (IMF.STA COFER 7.0.1, retrieved 2026-07-24)"
TOTAL,claims_usd_m,2002-Q1,2093881.02378831,2002-03-31,"IMF COFER (IMF.STA COFER 7.0.1, retrieved 2026-07-24)"
TOTAL,share_pct,2002-Q1,100.0,2002-03-31,"IMF COFER (IMF.STA COFER 7.0.1, retrieved 2026-07-24)"
USD,claims_usd_m,2002-Q1,1476475.08388437,2002-03-31,"IMF COFER (IMF.STA COFER 7.0.1, retrieved 2026-07-24)"
USD,share_pct,2002-Q1,70.5138003119722,2002-03-31,"IMF COFER (IMF.STA COFER 7.0.1, retrieved 2026-07-24)"
CHF,claims_usd_m,2002-Q2,6443.96816049239,2002-06-30,"IMF COFER (IMF.STA COFER 7.0.1, retrieved 2026-07-24)"
CHF,share_pct,2002-Q2,0.286419187296188,2002-06-30,"IMF COFER (IMF.STA COFER 7.0.1, retrieved 2026-07-24)"
EUR,claims_usd_m,2002-Q2,451908.274940802,2002-06-30,"IMF COFER (IMF.STA COFER 7.0.1, retrieved 2026-07-24)"
EUR,share_pct,2002-Q2,20.086257041822,2002-06-30,"IMF COFER (IMF.STA COFER 7.0.1, retrieved 2026-07-24)"
GBP,claims_usd_m,2002-Q2,73237.2813144827,2002-06-30,"IMF COFER (IMF.STA COFER 7.0.1, retrieved 2026-07-24)"
GBP,share_pct,2002-Q2,3.25522443181557,2002-06-30,"IMF COFER (IMF.STA COFER 7.0.1, retrieved 2026-07-24)"
JPY,claims_usd_m,2002-Q2,139764.855075613,2002-06-30,"IMF COFER (IMF.STA COFER 7.0.1, retrieved 2026-07-24)"
JPY,share_pct,2002-Q2,6.21221818704142,2002-06-30,"IMF COFER (IMF.STA COFER 7.0.1, retrieved 2026-07-24)"
OTHER,claims_usd_m,2002-Q2,52967.0831849283,2002-06-30,"IMF COFER (IMF.STA COFER 7.0.1, retrieved 2026-07-24)"
OTHER,share_pct,2002-Q2,2.35426193013926,2002-06-30,"IMF COFER (IMF.STA COFER 7.0.1, retrieved 2026-07-24)"
TOTAL,claims_usd_m,2002-Q2,2249838.15551038,2002-06-30,"IMF COFER (IMF.STA COFER 7.0.1, retrieved 2026-07-24)"
TOTAL,share_pct,2002-Q2,100.0,2002-06-30,"IMF COFER (IMF.STA COFER 7.0.1, retrieved 2026-07-24)"
USD,claims_usd_m,2002-Q2,1525516.69283406,2002-06-30,"IMF COFER (IMF.STA COFER 7.0.1, retrieved 2026-07-24)"
USD,share_pct,2002-Q2,67.8056192218856,2002-06-30,"IMF COFER (IMF.STA COFER 7.0.1, retrieved 2026-07-24)"
CHF,claims_usd_m,2002-Q3,7048.92990942075,2002-09-30,"IMF COFER (IMF.STA COFER 7.0.1, retrieved 2026-07-24)"
CHF,share_pct,2002-Q3,0.303467291983549,2002-09-30,"IMF COFER (IMF.STA COFER 7.0.1, retrieved 2026-07-24)"
EUR,claims_usd_m,2002-Q3,491325.616506282,2002-09-30,"IMF COFER (IMF.STA COFER 7.0.1, retrieved 2026-07-24)"
EUR,share_pct,2002-Q3,21.152324713009,2002-09-30,"IMF COFER (IMF.STA COFER 7.0.1, retrieved 2026-07-24)"
GBP,claims_usd_m,2002-Q3,83328.140527503,2002-09-30,"IMF COFER (IMF.STA COFER 7.0.1, retrieved 2026-07-24)"
GBP,share_pct,2002-Q3,3.58740482269655,2002-09-30,"IMF COFER (IMF.STA COFER 7.0.1, retrieved 2026-07-24)"
JPY,claims_usd_m,2002-Q3,134236.541537514,2002-09-30,"IMF COFER (IMF.STA COFER 7.0.1, retrieved 2026-07-24)"
JPY,share_pct,2002-Q3,5.779089914227,2002-09-30,"IMF COFER (IMF.STA COFER 7.0.1, retrieved 2026-07-24)"
OTHER,claims_usd_m,2002-Q3,57699.6766397359,2002-09-30,"IMF COFER (IMF.STA COFER 7.0.1, retrieved 2026-07-24)"
OTHER,share_pct,2002-Q3,2.48405996983817,2002-09-30,"IMF COFER (IMF.STA COFER 7.0.1, retrieved 2026-07-24)"
TOTAL,claims_usd_m,2002-Q3,2322797.24887217,2002-09-30,"IMF COFER (IMF.STA COFER 7.0.1, retrieved 2026-07-24)"
TOTAL,share_pct,2002-Q3,100.0,2002-09-30,"IMF COFER (IMF.STA COFER 7.0.1, retrieved 2026-07-24)"
USD,claims_usd_m,2002-Q3,1549158.34375172,2002-09-30,"IMF COFER (IMF.STA COFER 7.0.1, retrieved 2026-07-24)"
USD,share_pct,2002-Q3,66.6936532882457,2002-09-30,"IMF COFER (IMF.STA COFER 7.0.1, retrieved 2026-07-24)"
CHF,claims_usd_m,2002-Q4,9477.39943161201,2002-12-31,"IMF COFER (IMF.STA COFER 7.0.1, retrieved 2026-07-24)"
CHF,share_pct,2002-Q4,0.391308283066066,2002-12-31,"IMF COFER (IMF.STA COFER 7.0.1, retrieved 2026-07-24)"
EUR,claims_usd_m,2002-Q4,555199.436111847,2002-12-31,"IMF COFER (IMF.STA COFER 7.0.1, retrieved 2026-07-24)"
EUR,share_pct,2002-Q4,22.923391556076,2002-12-31,"IMF COFER (IMF.STA COFER 7.0.1, retrieved 2026-07-24)"
GBP,claims_usd_m,2002-Q4,88953.5969515296,2002-12-31,"IMF COFER (IMF.STA COFER 7.0.1, retrieved 2026-07-24)"
GBP,share_pct,2002-Q4,3.67276693852855,2002-12-31,"IMF COFER (IMF.STA COFER 7.0.1, retrieved 2026-07-24)"
JPY,claims_usd_m,2002-Q4,135716.1455675,2002-12-31,"IMF COFER (IMF.STA COFER 7.0.1, retrieved 2026-07-24)"
JPY,share_pct,2002-Q4,5.60352576564664,2002-12-31,"IMF COFER (IMF.STA COFER 7.0.1, retrieved 2026-07-24)"
OTHER,claims_usd_m,2002-Q4,59818.5021705968,2002-12-31,"IMF COFER (IMF.STA COFER 7.0.1, retrieved 2026-07-24)"
OTHER,share_pct,2002-Q4,2.46982049758122,2002-12-31,"IMF COFER (IMF.STA COFER 7.0.1, retrieved 2026-07-24)"
TOTAL,claims_usd_m,2002-Q4,2421977.71980511,2002-12-31,"IMF COFER (IMF.STA COFER 7.0.1, retrieved 2026-07-24)"
TOTAL,share_pct,2002-Q4,100.0,2002-12-31,"IMF COFER (IMF.STA COFER 7.0.1, retrieved 2026-07-24)"
USD,claims_usd_m,2002-Q4,1572812.63957202,2002-12-31,"IMF COFER (IMF.STA COFER 7.0.1, retrieved 2026-07-24)"
USD,share_pct,2002-Q4,64.9391869591015,2002-12-31,"IMF COFER (IMF.STA COFER 7.0.1, retrieved 2026-07-24)"
CHF,claims_usd_m,2003-Q1,6167.69850343234,2003-03-31,"IMF COFER (IMF.STA COFER 7.0.1, retrieved 2026-07-24)"
CHF,share_pct,2003-Q1,0.244837072749828,2003-03-31,"IMF COFER (IMF.STA COFER 7.0.1, retrieved 2026-07-24)"
EUR,claims_usd_m,2003-Q1,570737.030409681,2003-03-31,"IMF COFER (IMF.STA COFER 7.0.1, retrieved 2026-07-24)"
EUR,share_pct,2003-Q1,22.6563577577068,2003-03-31,"IMF COFER (IMF.STA COFER 7.0.1, retrieved 2026-07-24)"
GBP,claims_usd_m,2003-Q1,87936.9409220147,2003-03-31,"IMF COFER (IMF.STA COFER 7.0.1, retrieved 2026-07-24)"
GBP,share_pct,2003-Q1,3.49080344798615,2003-03-31,"IMF COFER (IMF.STA COFER 7.0.1, retrieved 2026-07-24)"
JPY,claims_usd_m,2003-Q1,153393.567539557,2003-03-31,"IMF COFER (IMF.STA COFER 7.0.1, retrieved 2026-07-24)"
JPY,share_pct,2003-Q1,6.08921334824294,2003-03-31,"IMF COFER (IMF.STA COFER 7.0.1, retrieved 2026-07-24)"
OTHER,claims_usd_m,2003-Q1,73120.2777106207,2003-03-31,"IMF COFER (IMF.STA COFER 7.0.1, retrieved 2026-07-24)"
OTHER,share_pct,2003-Q1,2.90263130458794,2003-03-31,"IMF COFER (IMF.STA COFER 7.0.1, retrieved 2026-07-24)"
TOTAL,claims_usd_m,2003-Q1,2519103.1873406,2003-03-31,"IMF COFER (IMF.STA COFER 7.0.1, retrieved 2026-07-24)"
TOTAL,share_pct,2003-Q1,100.0,2003-03-31,"IMF COFER (IMF.STA COFER 7.0.1, retrieved 2026-07-24)"
USD,claims_usd_m,2003-Q1,1627747.67225529,2003-03-31,"IMF COFER (IMF.STA COFER 7.0.1, retrieved 2026-07-24)"
USD,share_pct,2003-Q1,64.6161570687263,2003-03-31,"IMF COFER (IMF.STA COFER 7.0.1, retrieved 2026-07-24)"
CHF,claims_usd_m,2003-Q2,5949.63160857969,2003-06-30,"IMF COFER (IMF.STA COFER 7.0.1, retrieved 2026-07-24)"
CHF,share_pct,2003-Q2,0.221573258514436,2003-06-30,"IMF COFER (IMF.STA COFER 7.0.1, retrieved 2026-07-24)"
EUR,claims_usd_m,2003-Q2,620966.591215667,2003-06-30,"IMF COFER (IMF.STA COFER 7.0.1, retrieved 2026-07-24)"
EUR,share_pct,2003-Q2,23.1257328345919,2003-06-30,"IMF COFER (IMF.STA COFER 7.0.1, retrieved 2026-07-24)"
GBP,claims_usd_m,2003-Q2,94091.0973593271,2003-06-30,"IMF COFER (IMF.STA COFER 7.0.1, retrieved 2026-07-24)"
GBP,share_pct,2003-Q2,3.50409443990468,2003-06-30,"IMF COFER (IMF.STA COFER 7.0.1, retrieved 2026-07-24)"
JPY,claims_usd_m,2003-Q2,147962.505911623,2003-06-30,"IMF COFER (IMF.STA COFER 7.0.1, retrieved 2026-07-24)"
JPY,share_pct,2003-Q2,5.51034698106732,2003-06-30,"IMF COFER (IMF.STA COFER 7.0.1, retrieved 2026-07-24)"
OTHER,claims_usd_m,2003-Q2,80189.1255073293,2003-06-30,"IMF COFER (IMF.STA COFER 7.0.1, retrieved 2026-07-24)"
OTHER,share_pct,2003-Q2,2.98636403142339,2003-06-30,"IMF COFER (IMF.STA COFER 7.0.1, retrieved 2026-07-24)"
TOTAL,claims_usd_m,2003-Q2,2685175.8413762,2003-06-30,"IMF COFER (IMF.STA COFER 7.0.1, retrieved 2026-07-24)"
TOTAL,share_pct,2003-Q2,100.0,2003-06-30,"IMF COFER (IMF.STA COFER 7.0.1, retrieved 2026-07-24)"
USD,claims_usd_m,2003-Q2,1736016.88977368,2003-06-30,"IMF COFER (IMF.STA COFER 7.0.1, retrieved 2026-07-24)"
USD,share_pct,2003-Q2,64.6518884544982,2003-06-30,"IMF COFER (IMF.STA COFER 7.0.1, retrieved 2026-07-24)"
CHF,claims_usd_m,2003-Q3,6735.56965736241,2003-09-30,"IMF COFER (IMF.STA COFER 7.0.1, retrieved 2026-07-24)"
CHF,share_pct,2003-Q3,0.236427540020288,2003-09-30,"IMF COFER (IMF.STA COFER 7.0.1, retrieved 2026-07-24)"
EUR,claims_usd_m,2003-Q3,646324.137805873,2003-09-30,"IMF COFER (IMF.STA COFER 7.0.1, retrieved 2026-07-24)"
EUR,share_pct,2003-Q3,22.6868451713132,2003-09-30,"IMF COFER (IMF.STA COFER 7.0.1, retrieved 2026-07-24)"
GBP,claims_usd_m,2003-Q3,99374.1056212703,2003-09-30,"IMF COFER (IMF.STA COFER 7.0.1, retrieved 2026-07-24)"
GBP,share_pct,2003-Q3,3.4881645545855,2003-09-30,"IMF COFER (IMF.STA COFER 7.0.1, retrieved 2026-07-24)"
JPY,claims_usd_m,2003-Q3,161007.941773682,2003-09-30,"IMF COFER (IMF.STA COFER 7.0.1, retrieved 2026-07-24)"
JPY,share_pct,2003-Q3,5.65159497024458,2003-09-30,"IMF COFER (IMF.STA COFER 7.0.1, retrieved 2026-07-24)"
OTHER,claims_usd_m,2003-Q3,86286.5571954784,2003-09-30,"IMF COFER (IMF.STA COFER 7.0.1, retrieved 2026-07-24)"
OTHER,share_pct,2003-Q3,3.02877402986216,2003-09-30,"IMF COFER (IMF.STA COFER 7.0.1, retrieved 2026-07-24)"
TOTAL,claims_usd_m,2003-Q3,2848893.8542373,2003-09-30,"IMF COFER (IMF.STA COFER 7.0.1, retrieved 2026-07-24)"
TOTAL,share_pct,2003-Q3,100.0,2003-09-30,"IMF COFER (IMF.STA COFER 7.0.1, retrieved 2026-07-24)"
USD,claims_usd_m,2003-Q3,1849165.54218363,2003-09-30,"IMF COFER (IMF.STA COFER 7.0.1, retrieved 2026-07-24)"
USD,share_pct,2003-Q3,64.9081937339743,2003-09-30,"IMF COFER (IMF.STA COFER 7.0.1, retrieved 2026-07-24)"
CHF,claims_usd_m,2003-Q4,7082.82155894507,2003-12-31,"IMF COFER (IMF.STA COFER 7.0.1, retrieved 2026-07-24)"
CHF,share_pct,2003-Q4,0.232921630795454,2003-12-31,"IMF COFER (IMF.STA COFER 7.0.1, retrieved 2026-07-24)"
EUR,claims_usd_m,2003-Q4,703419.798770967,2003-12-31,"IMF COFER (IMF.STA COFER 7.0.1, retrieved 2026-07-24)"
EUR,share_pct,2003-Q4,23.1322623759487,2003-12-31,"IMF COFER (IMF.STA COFER 7.0.1, retrieved 2026-07-24)"
GBP,claims_usd_m,2003-Q4,117685.678123387,2003-12-31,"IMF COFER (IMF.STA COFER 7.0.1, retrieved 2026-07-24)"
GBP,share_pct,2003-Q4,3.87014410029142,2003-12-31,"IMF COFER (IMF.STA COFER 7.0.1, retrieved 2026-07-24)"
JPY,claims_usd_m,2003-Q4,186424.310260811,2003-12-31,"IMF COFER (IMF.STA COFER 7.0.1, retrieved 2026-07-24)"
JPY,share_pct,2003-Q4,6.13064355843143,2003-12-31,"IMF COFER (IMF.STA COFER 7.0.1, retrieved 2026-07-24)"
OTHER,claims_usd_m,2003-Q4,94239.6465859528,2003-12-31,"IMF COFER (IMF.STA COFER 7.0.1, retrieved 2026-07-24)"
OTHER,share_pct,2003-Q4,3.09911127729395,2003-12-31,"IMF COFER (IMF.STA COFER 7.0.1, retrieved 2026-07-24)"
TOTAL,claims_usd_m,2003-Q4,3040860.36782261,2003-12-31,"IMF COFER (IMF.STA COFER 7.0.1, retrieved 2026-07-24)"
TOTAL,share_pct,2003-Q4,100.0,2003-12-31,"IMF COFER (IMF.STA COFER 7.0.1, retrieved 2026-07-24)"
USD,claims_usd_m,2003-Q4,1932008.11252255,2003-12-31,"IMF COFER (IMF.STA COFER 7.0.1, retrieved 2026-07-24)"
USD,share_pct,2003-Q4,63.534917057239,2003-12-31,"IMF COFER (IMF.STA COFER 7.0.1, retrieved 2026-07-24)"
CHF,claims_usd_m,2004-Q1,7926.34231816913,2004-03-31,"IMF COFER (IMF.STA COFER 7.0.1, retrieved 2026-07-24)"
CHF,share_pct,2004-Q1,0.238947430591396,2004-03-31,"IMF COFER (IMF.STA COFER 7.0.1, retrieved 2026-07-24)"
EUR,claims_usd_m,2004-Q1,722712.013001865,2004-03-31,"IMF COFER (IMF.STA COFER 7.0.1, retrieved 2026-07-24)"
EUR,share_pct,2004-Q1,21.7868685999698,2004-03-31,"IMF COFER (IMF.STA COFER 7.0.1, retrieved 2026-07-24)"
GBP,claims_usd_m,2004-Q1,132882.640946671,2004-03-31,"IMF COFER (IMF.STA COFER 7.0.1, retrieved 2026-07-24)"
GBP,share_pct,2004-Q1,4.00587867011783,2004-03-31,"IMF COFER (IMF.STA COFER 7.0.1, retrieved 2026-07-24)"
JPY,claims_usd_m,2004-Q1,211191.244697164,2004-03-31,"IMF COFER (IMF.STA COFER 7.0.1, retrieved 2026-07-24)"
JPY,share_pct,2004-Q1,6.36656899968995,2004-03-31,"IMF COFER (IMF.STA COFER 7.0.1, retrieved 2026-07-24)"
OTHER,claims_usd_m,2004-Q1,97343.2530962382,2004-03-31,"IMF COFER (IMF.STA COFER 7.0.1, retrieved 2026-07-24)"
OTHER,share_pct,2004-Q1,2.93450866478938,2004-03-31,"IMF COFER (IMF.STA COFER 7.0.1, retrieved 2026-07-24)"
TOTAL,claims_usd_m,2004-Q1,3317190.85597673,2004-03-31,"IMF COFER (IMF.STA COFER 7.0.1, retrieved 2026-07-24)"
TOTAL,share_pct,2004-Q1,100.0,2004-03-31,"IMF COFER (IMF.STA COFER 7.0.1, retrieved 2026-07-24)"
USD,claims_usd_m,2004-Q1,2145135.36191662,2004-03-31,"IMF COFER (IMF.STA COFER 7.0.1, retrieved 2026-07-24)"
USD,share_pct,2004-Q1,64.6672276348416,2004-03-31,"IMF COFER (IMF.STA COFER 7.0.1, retrieved 2026-07-24)"
CHF,claims_usd_m,2004-Q2,8290.1287843105,2004-06-30,"IMF COFER (IMF.STA COFER 7.0.1, retrieved 2026-07-24)"
CHF,share_pct,2004-Q2,0.246531866286037,2004-06-30,"IMF COFER (IMF.STA COFER 7.0.1, retrieved 2026-07-24)"
EUR,claims_usd_m,2004-Q2,732038.131765513,2004-06-30,"IMF COFER (IMF.STA COFER 7.0.1, retrieved 2026-07-24)"
EUR,share_pct,2004-Q2,21.7693514192742,2004-06-30,"IMF COFER (IMF.STA COFER 7.0.1, retrieved 2026-07-24)"
GBP,claims_usd_m,2004-Q2,136872.338060935,2004-06-30,"IMF COFER (IMF.STA COFER 7.0.1, retrieved 2026-07-24)"
GBP,share_pct,2004-Q2,4.07030986164614,2004-06-30,"IMF COFER (IMF.STA COFER 7.0.1, retrieved 2026-07-24)"
JPY,claims_usd_m,2004-Q2,204530.462073763,2004-06-30,"IMF COFER (IMF.STA COFER 7.0.1, retrieved 2026-07-24)"
JPY,share_pct,2004-Q2,6.08232728818627,2004-06-30,"IMF COFER (IMF.STA COFER 7.0.1, retrieved 2026-07-24)"
OTHER,claims_usd_m,2004-Q2,100091.887194518,2004-06-30,"IMF COFER (IMF.STA COFER 7.0.1, retrieved 2026-07-24)"
OTHER,share_pct,2004-Q2,2.97653274058376,2004-06-30,"IMF COFER (IMF.STA COFER 7.0.1, retrieved 2026-07-24)"
TOTAL,claims_usd_m,2004-Q2,3362700.69634403,2004-06-30,"IMF COFER (IMF.STA COFER 7.0.1, retrieved 2026-07-24)"
TOTAL,share_pct,2004-Q2,100.0,2004-06-30,"IMF COFER (IMF.STA COFER 7.0.1, retrieved 2026-07-24)"
USD,claims_usd_m,2004-Q2,2180877.748465,2004-06-30,"IMF COFER (IMF.STA COFER 7.0.1, retrieved 2026-07-24)"
USD,share_pct,2004-Q2,64.8549468240236,2004-06-30,"IMF COFER (IMF.STA COFER 7.0.1, retrieved 2026-07-24)"
CHF,claims_usd_m,2004-Q3,6911.94402667281,2004-09-30,"IMF COFER (IMF.STA COFER 7.0.1, retrieved 2026-07-24)"
CHF,share_pct,2004-Q3,0.199459623001186,2004-09-30,"IMF COFER (IMF.STA COFER 7.0.1, retrieved 2026-07-24)"
EUR,claims_usd_m,2004-Q3,769093.272112551,2004-09-30,"IMF COFER (IMF.STA COFER 7.0.1, retrieved 2026-07-24)"
EUR,share_pct,2004-Q3,22.1939086191011,2004-09-30,"IMF COFER (IMF.STA COFER 7.0.1, retrieved 2026-07-24)"
GBP,claims_usd_m,2004-Q3,150107.471527791,2004-09-30,"IMF COFER (IMF.STA COFER 7.0.1, retrieved 2026-07-24)"
GBP,share_pct,2004-Q3,4.33168723083639,2004-09-30,"IMF COFER (IMF.STA COFER 7.0.1, retrieved 2026-07-24)"
JPY,claims_usd_m,2004-Q3,200995.852237126,2004-09-30,"IMF COFER (IMF.STA COFER 7.0.1, retrieved 2026-07-24)"
JPY,share_pct,2004-Q3,5.80018541199292,2004-09-30,"IMF COFER (IMF.STA COFER 7.0.1, retrieved 2026-07-24)"
OTHER,claims_usd_m,2004-Q3,105152.557369296,2004-09-30,"IMF COFER (IMF.STA COFER 7.0.1, retrieved 2026-07-24)"
OTHER,share_pct,2004-Q3,3.03441251398362,2004-09-30,"IMF COFER (IMF.STA COFER 7.0.1, retrieved 2026-07-24)"
TOTAL,claims_usd_m,2004-Q3,3465334.94983679,2004-09-30,"IMF COFER (IMF.STA COFER 7.0.1, retrieved 2026-07-24)"
TOTAL,share_pct,2004-Q3,100.0,2004-09-30,"IMF COFER (IMF.STA COFER 7.0.1, retrieved 2026-07-24)"
USD,claims_usd_m,2004-Q3,2233073.85256335,2004-09-30,"IMF COFER (IMF.STA COFER 7.0.1, retrieved 2026-07-24)"
USD,share_pct,2004-Q3,64.4403466010848,2004-09-30,"IMF COFER (IMF.STA COFER 7.0.1, retrieved 2026-07-24)"
CHF,claims_usd_m,2004-Q4,7886.06279159622,2004-12-31,"IMF COFER (IMF.STA COFER 7.0.1, retrieved 2026-07-24)"
CHF,share_pct,2004-Q4,0.208960983814368,2004-12-31,"IMF COFER (IMF.STA COFER 7.0.1, retrieved 2026-07-24)"
EUR,claims_usd_m,2004-Q4,873466.113066413,2004-12-31,"IMF COFER (IMF.STA COFER 7.0.1, retrieved 2026-07-24)"
EUR,share_pct,2004-Q4,23.1446722069437,2004-12-31,"IMF COFER (IMF.STA COFER 7.0.1, retrieved 2026-07-24)"
GBP,claims_usd_m,2004-Q4,173075.454830532,2004-12-31,"IMF COFER (IMF.STA COFER 7.0.1, retrieved 2026-07-24)"
GBP,share_pct,2004-Q4,4.58606763238653,2004-12-31,"IMF COFER (IMF.STA COFER 7.0.1, retrieved 2026-07-24)"
JPY,claims_usd_m,2004-Q4,213297.41098339,2004-12-31,"IMF COFER (IMF.STA COFER 7.0.1, retrieved 2026-07-24)"
JPY,share_pct,2004-Q4,5.65184909403001,2004-12-31,"IMF COFER (IMF.STA COFER 7.0.1, retrieved 2026-07-24)"
OTHER,claims_usd_m,2004-Q4,116446.267104915,2004-12-31,"IMF COFER (IMF.STA COFER 7.0.1, retrieved 2026-07-24)"
OTHER,share_pct,2004-Q4,3.08553547933754,2004-12-31,"IMF COFER (IMF.STA COFER 7.0.1, retrieved 2026-07-24)"
TOTAL,claims_usd_m,2004-Q4,3773940.30581415,2004-12-31,"IMF COFER (IMF.STA COFER 7.0.1, retrieved 2026-07-24)"
TOTAL,share_pct,2004-Q4,100.0,2004-12-31,"IMF COFER (IMF.STA COFER 7.0.1, retrieved 2026-07-24)"
USD,claims_usd_m,2004-Q4,2389768.9970373,2004-12-31,"IMF COFER (IMF.STA COFER 7.0.1, retrieved 2026-07-24)"
USD,share_pct,2004-Q4,63.3229146034879,2004-12-31,"IMF COFER (IMF.STA COFER 7.0.1, retrieved 2026-07-24)"
CHF,claims_usd_m,2005-Q1,8028.55912452228,2005-03-31,"IMF COFER (IMF.STA COFER 7.0.1, retrieved 2026-07-24)"
CHF,share_pct,2005-Q1,0.202516690650509,2005-03-31,"IMF COFER (IMF.STA COFER 7.0.1, retrieved 2026-07-24)"
EUR,claims_usd_m,2005-Q1,915696.130476652,2005-03-31,"IMF COFER (IMF.STA COFER 7.0.1, retrieved 2026-07-24)"
EUR,share_pct,2005-Q1,23.0980113753154,2005-03-31,"IMF COFER (IMF.STA COFER 7.0.1, retrieved 2026-07-24)"
GBP,claims_usd_m,2005-Q1,185579.048638512,2005-03-31,"IMF COFER (IMF.STA COFER 7.0.1, retrieved 2026-07-24)"
GBP,share_pct,2005-Q1,4.68114567027959,2005-03-31,"IMF COFER (IMF.STA COFER 7.0.1, retrieved 2026-07-24)"
JPY,claims_usd_m,2005-Q1,191705.924710653,2005-03-31,"IMF COFER (IMF.STA COFER 7.0.1, retrieved 2026-07-24)"
JPY,share_pct,2005-Q1,4.83569328547569,2005-03-31,"IMF COFER (IMF.STA COFER 7.0.1, retrieved 2026-07-24)"
OTHER,claims_usd_m,2005-Q1,118035.549677623,2005-03-31,"IMF COFER (IMF.STA COFER 7.0.1, retrieved 2026-07-24)"
OTHER,share_pct,2005-Q1,2.97739214833872,2005-03-31,"IMF COFER (IMF.STA COFER 7.0.1, retrieved 2026-07-24)"
TOTAL,claims_usd_m,2005-Q1,3964393.79822648,2005-03-31,"IMF COFER (IMF.STA COFER 7.0.1, retrieved 2026-07-24)"
TOTAL,share_pct,2005-Q1,100.0,2005-03-31,"IMF COFER (IMF.STA COFER 7.0.1, retrieved 2026-07-24)"
USD,claims_usd_m,2005-Q1,2545348.58559852,2005-03-31,"IMF COFER (IMF.STA COFER 7.0.1, retrieved 2026-07-24)"
USD,share_pct,2005-Q1,64.2052408299401,2005-03-31,"IMF COFER (IMF.STA COFER 7.0.1, retrieved 2026-07-24)"
CHF,claims_usd_m,2005-Q2,7240.64941268405,2005-06-30,"IMF COFER (IMF.STA COFER 7.0.1, retrieved 2026-07-24)"
CHF,share_pct,2005-Q2,0.177872000382408,2005-06-30,"IMF COFER (IMF.STA COFER 7.0.1, retrieved 2026-07-24)"
EUR,claims_usd_m,2005-Q2,924033.886815286,2005-06-30,"IMF COFER (IMF.STA COFER 7.0.1, retrieved 2026-07-24)"
EUR,share_pct,2005-Q2,22.6995876338169,2005-06-30,"IMF COFER (IMF.STA COFER 7.0.1, retrieved 2026-07-24)"
GBP,claims_usd_m,2005-Q2,189393.859712293,2005-06-30,"IMF COFER (IMF.STA COFER 7.0.1, retrieved 2026-07-24)"
GBP,share_pct,2005-Q2,4.65260265580003,2005-06-30,"IMF COFER (IMF.STA COFER 7.0.1, retrieved 2026-07-24)"
JPY,claims_usd_m,2005-Q2,192329.635421261,2005-06-30,"IMF COFER (IMF.STA COFER 7.0.1, retrieved 2026-07-24)"
JPY,share_pct,2005-Q2,4.7247221948449,2005-06-30,"IMF COFER (IMF.STA COFER 7.0.1, retrieved 2026-07-24)"
OTHER,claims_usd_m,2005-Q2,124658.771316821,2005-06-30,"IMF COFER (IMF.STA COFER 7.0.1, retrieved 2026-07-24)"
OTHER,share_pct,2005-Q2,3.06233650540975,2005-06-30,"IMF COFER (IMF.STA COFER 7.0.1, retrieved 2026-07-24)"
TOTAL,claims_usd_m,2005-Q2,4070707.81073881,2005-06-30,"IMF COFER (IMF.STA COFER 7.0.1, retrieved 2026-07-24)"
TOTAL,share_pct,2005-Q2,100.0,2005-06-30,"IMF COFER (IMF.STA COFER 7.0.1, retrieved 2026-07-24)"
USD,claims_usd_m,2005-Q2,2633051.00806047,2005-06-30,"IMF COFER (IMF.STA COFER 7.0.1, retrieved 2026-07-24)"
USD,share_pct,2005-Q2,64.682879009746,2005-06-30,"IMF COFER (IMF.STA COFER 7.0.1, retrieved 2026-07-24)"
CHF,claims_usd_m,2005-Q3,8043.72962142567,2005-09-30,"IMF COFER (IMF.STA COFER 7.0.1, retrieved 2026-07-24)"
CHF,share_pct,2005-Q3,0.191638504945211,2005-09-30,"IMF COFER (IMF.STA COFER 7.0.1, retrieved 2026-07-24)"
EUR,claims_usd_m,2005-Q3,937573.247947718,2005-09-30,"IMF COFER (IMF.STA COFER 7.0.1, retrieved 2026-07-24)"
EUR,share_pct,2005-Q3,22.3372917750411,2005-09-30,"IMF COFER (IMF.STA COFER 7.0.1, retrieved 2026-07-24)"
GBP,claims_usd_m,2005-Q3,195203.677297143,2005-09-30,"IMF COFER (IMF.STA COFER 7.0.1, retrieved 2026-07-24)"
GBP,share_pct,2005-Q3,4.65064623472533,2005-09-30,"IMF COFER (IMF.STA COFER 7.0.1, retrieved 2026-07-24)"
JPY,claims_usd_m,2005-Q3,192874.937425496,2005-09-30,"IMF COFER (IMF.STA COFER 7.0.1, retrieved 2026-07-24)"
JPY,share_pct,2005-Q3,4.59516497809283,2005-09-30,"IMF COFER (IMF.STA COFER 7.0.1, retrieved 2026-07-24)"
OTHER,claims_usd_m,2005-Q3,134891.703349423,2005-09-30,"IMF COFER (IMF.STA COFER 7.0.1, retrieved 2026-07-24)"
OTHER,share_pct,2005-Q3,3.21373859839095,2005-09-30,"IMF COFER (IMF.STA COFER 7.0.1, retrieved 2026-07-24)"
TOTAL,claims_usd_m,2005-Q3,4197345.21709265,2005-09-30,"IMF COFER (IMF.STA COFER 7.0.1, retrieved 2026-07-24)"
TOTAL,share_pct,2005-Q3,100.0,2005-09-30,"IMF COFER (IMF.STA COFER 7.0.1, retrieved 2026-07-24)"
USD,claims_usd_m,2005-Q3,2728757.92145144,2005-09-30,"IMF COFER (IMF.STA COFER 7.0.1, retrieved 2026-07-24)"
USD,share_pct,2005-Q3,65.0115199088046,2005-09-30,"IMF COFER (IMF.STA COFER 7.0.1, retrieved 2026-07-24)"
CHF,claims_usd_m,2005-Q4,8945.55077687147,2005-12-31,"IMF COFER (IMF.STA COFER 7.0.1, retrieved 2026-07-24)"
CHF,share_pct,2005-Q4,0.205158020437379,2005-12-31,"IMF COFER (IMF.STA COFER 7.0.1, retrieved 2026-07-24)"
EUR,claims_usd_m,2005-Q4,954441.095801478,2005-12-31,"IMF COFER (IMF.STA COFER 7.0.1, retrieved 2026-07-24)"
EUR,share_pct,2005-Q4,21.8892330637684,2005-12-31,"IMF COFER (IMF.STA COFER 7.0.1, retrieved 2026-07-24)"
GBP,claims_usd_m,2005-Q4,206977.277283394,2005-12-31,"IMF COFER (IMF.STA COFER 7.0.1, retrieved 2026-07-24)"
GBP,share_pct,2005-Q4,4.74683443670868,2005-12-31,"IMF COFER (IMF.STA COFER 7.0.1, retrieved 2026-07-24)"
JPY,claims_usd_m,2005-Q4,209245.182787813,2005-12-31,"IMF COFER (IMF.STA COFER 7.0.1, retrieved 2026-07-24)"
JPY,share_pct,2005-Q4,4.79884677395107,2005-12-31,"IMF COFER (IMF.STA COFER 7.0.1, retrieved 2026-07-24)"
OTHER,claims_usd_m,2005-Q4,151386.178421871,2005-12-31,"IMF COFER (IMF.STA COFER 7.0.1, retrieved 2026-07-24)"
OTHER,share_pct,2005-Q4,3.47190345919347,2005-12-31,"IMF COFER (IMF.STA COFER 7.0.1, retrieved 2026-07-24)"
TOTAL,claims_usd_m,2005-Q4,4360322.23249198,2005-12-31,"IMF COFER (IMF.STA COFER 7.0.1, retrieved 2026-07-24)"
TOTAL,share_pct,2005-Q4,100.0,2005-12-31,"IMF COFER (IMF.STA COFER 7.0.1, retrieved 2026-07-24)"
USD,claims_usd_m,2005-Q4,2829326.94742055,2005-12-31,"IMF COFER (IMF.STA COFER 7.0.1, retrieved 2026-07-24)"
USD,share_pct,2005-Q4,64.888024245941,2005-12-31,"IMF COFER (IMF.STA COFER 7.0.1, retrieved 2026-07-24)"
CHF,claims_usd_m,2006-Q1,9638.8497131958,2006-03-31,"IMF COFER (IMF.STA COFER 7.0.1, retrieved 2026-07-24)"
CHF,share_pct,2006-Q1,0.21106655629837,2006-03-31,"IMF COFER (IMF.STA COFER 7.0.1, retrieved 2026-07-24)"
EUR,claims_usd_m,2006-Q1,1010690.50950648,2006-03-31,"IMF COFER (IMF.STA COFER 7.0.1, retrieved 2026-07-24)"
EUR,share_pct,2006-Q1,22.1315791481771,2006-03-31,"IMF COFER (IMF.STA COFER 7.0.1, retrieved 2026-07-24)"
GBP,claims_usd_m,2006-Q1,230054.94254095,2006-03-31,"IMF COFER (IMF.STA COFER 7.0.1, retrieved 2026-07-24)"
GBP,share_pct,2006-Q1,5.03762439776006,2006-03-31,"IMF COFER (IMF.STA COFER 7.0.1, retrieved 2026-07-24)"
JPY,claims_usd_m,2006-Q1,199057.662170575,2006-03-31,"IMF COFER (IMF.STA COFER 7.0.1, retrieved 2026-07-24)"
JPY,share_pct,2006-Q1,4.35886195026249,2006-03-31,"IMF COFER (IMF.STA COFER 7.0.1, retrieved 2026-07-24)"
OTHER,claims_usd_m,2006-Q1,154229.233418234,2006-03-31,"IMF COFER (IMF.STA COFER 7.0.1, retrieved 2026-07-24)"
OTHER,share_pct,2006-Q1,3.37723215391135,2006-03-31,"IMF COFER (IMF.STA COFER 7.0.1, retrieved 2026-07-24)"
TOTAL,claims_usd_m,2006-Q1,4566734.72208928,2006-03-31,"IMF COFER (IMF.STA COFER 7.0.1, retrieved 2026-07-24)"
TOTAL,share_pct,2006-Q1,100.0,2006-03-31,"IMF COFER (IMF.STA COFER 7.0.1, retrieved 2026-07-24)"
USD,claims_usd_m,2006-Q1,2963063.52473985,2006-03-31,"IMF COFER (IMF.STA COFER 7.0.1, retrieved 2026-07-24)"
USD,share_pct,2006-Q1,64.8836357935906,2006-03-31,"IMF COFER (IMF.STA COFER 7.0.1, retrieved 2026-07-24)"
CHF,claims_usd_m,2006-Q2,9623.0355447033,2006-06-30,"IMF COFER (IMF.STA COFER 7.0.1, retrieved 2026-07-24)"
CHF,share_pct,2006-Q2,0.200388394432645,2006-06-30,"IMF COFER (IMF.STA COFER 7.0.1, retrieved 2026-07-24)"
EUR,claims_usd_m,2006-Q2,1078474.28099275,2006-06-30,"IMF COFER (IMF.STA COFER 7.0.1, retrieved 2026-07-24)"
EUR,share_pct,2006-Q2,22.4579581568719,2006-06-30,"IMF COFER (IMF.STA COFER 7.0.1, retrieved 2026-07-24)"
GBP,claims_usd_m,2006-Q2,250025.290910004,2006-06-30,"IMF COFER (IMF.STA COFER 7.0.1, retrieved 2026-07-24)"
GBP,share_pct,2006-Q2,5.20648254703661,2006-06-30,"IMF COFER (IMF.STA COFER 7.0.1, retrieved 2026-07-24)"
JPY,claims_usd_m,2006-Q2,212969.121249774,2006-06-30,"IMF COFER (IMF.STA COFER 7.0.1, retrieved 2026-07-24)"
JPY,share_pct,2006-Q2,4.43483140769063,2006-06-30,"IMF COFER (IMF.STA COFER 7.0.1, retrieved 2026-07-24)"
OTHER,claims_usd_m,2006-Q2,172360.938067918,2006-06-30,"IMF COFER (IMF.STA COFER 7.0.1, retrieved 2026-07-24)"
OTHER,share_pct,2006-Q2,3.58921376543659,2006-06-30,"IMF COFER (IMF.STA COFER 7.0.1, retrieved 2026-07-24)"
TOTAL,claims_usd_m,2006-Q2,4802192.0490699,2006-06-30,"IMF COFER (IMF.STA COFER 7.0.1, retrieved 2026-07-24)"
TOTAL,share_pct,2006-Q2,100.0,2006-06-30,"IMF COFER (IMF.STA COFER 7.0.1, retrieved 2026-07-24)"
USD,claims_usd_m,2006-Q2,3078739.38230475,2006-06-30,"IMF COFER (IMF.STA COFER 7.0.1, retrieved 2026-07-24)"
USD,share_pct,2006-Q2,64.1111257285317,2006-06-30,"IMF COFER (IMF.STA COFER 7.0.1, retrieved 2026-07-24)"
CHF,claims_usd_m,2006-Q3,10182.6458690438,2006-09-30,"IMF COFER (IMF.STA COFER 7.0.1, retrieved 2026-07-24)"
CHF,share_pct,2006-Q3,0.20390240977639,2006-09-30,"IMF COFER (IMF.STA COFER 7.0.1, retrieved 2026-07-24)"
EUR,claims_usd_m,2006-Q3,1103026.011838,2006-09-30,"IMF COFER (IMF.STA COFER 7.0.1, retrieved 2026-07-24)"
EUR,share_pct,2006-Q3,22.0875462774912,2006-09-30,"IMF COFER (IMF.STA COFER 7.0.1, retrieved 2026-07-24)"
GBP,claims_usd_m,2006-Q3,261078.470655512,2006-09-30,"IMF COFER (IMF.STA COFER 7.0.1, retrieved 2026-07-24)"
GBP,share_pct,2006-Q3,5.22796628617241,2006-09-30,"IMF COFER (IMF.STA COFER 7.0.1, retrieved 2026-07-24)"
JPY,claims_usd_m,2006-Q3,217011.323679292,2006-09-30,"IMF COFER (IMF.STA COFER 7.0.1, retrieved 2026-07-24)"
JPY,share_pct,2006-Q3,4.34554362550244,2006-09-30,"IMF COFER (IMF.STA COFER 7.0.1, retrieved 2026-07-24)"
OTHER,claims_usd_m,2006-Q3,177025.871447793,2006-09-30,"IMF COFER (IMF.STA COFER 7.0.1, retrieved 2026-07-24)"
OTHER,share_pct,2006-Q3,3.54485486829174,2006-09-30,"IMF COFER (IMF.STA COFER 7.0.1, retrieved 2026-07-24)"
TOTAL,claims_usd_m,2006-Q3,4993882.06358648,2006-09-30,"IMF COFER (IMF.STA COFER 7.0.1, retrieved 2026-07-24)"
TOTAL,share_pct,2006-Q3,100.0,2006-09-30,"IMF COFER (IMF.STA COFER 7.0.1, retrieved 2026-07-24)"
USD,claims_usd_m,2006-Q3,3225557.74009684,2006-09-30,"IMF COFER (IMF.STA COFER 7.0.1, retrieved 2026-07-24)"
USD,share_pct,2006-Q3,64.5901865327659,2006-09-30,"IMF COFER (IMF.STA COFER 7.0.1, retrieved 2026-07-24)"
CHF,claims_usd_m,2006-Q4,11327.7208771503,2006-12-31,"IMF COFER (IMF.STA COFER 7.0.1, retrieved 2026-07-24)"
CHF,share_pct,2006-Q4,0.213938298852018,2006-12-31,"IMF COFER (IMF.STA COFER 7.0.1, retrieved 2026-07-24)"
EUR,claims_usd_m,2006-Q4,1197834.91911186,2006-12-31,"IMF COFER (IMF.STA COFER 7.0.1, retrieved 2026-07-24)"
EUR,share_pct,2006-Q4,22.6226235338528,2006-12-31,"IMF COFER (IMF.STA COFER 7.0.1, retrieved 2026-07-24)"
GBP,claims_usd_m,2006-Q4,280865.662495402,2006-12-31,"IMF COFER (IMF.STA COFER 7.0.1, retrieved 2026-07-24)"
GBP,share_pct,2006-Q4,5.30450235240327,2006-12-31,"IMF COFER (IMF.STA COFER 7.0.1, retrieved 2026-07-24)"
JPY,claims_usd_m,2006-Q4,238286.045532662,2006-12-31,"IMF COFER (IMF.STA COFER 7.0.1, retrieved 2026-07-24)"
JPY,share_pct,2006-Q4,4.50033257124684,2006-12-31,"IMF COFER (IMF.STA COFER 7.0.1, retrieved 2026-07-24)"
OTHER,claims_usd_m,2006-Q4,195451.144234597,2006-12-31,"IMF COFER (IMF.STA COFER 7.0.1, retrieved 2026-07-24)"
OTHER,share_pct,2006-Q4,3.69134142337283,2006-12-31,"IMF COFER (IMF.STA COFER 7.0.1, retrieved 2026-07-24)"
TOTAL,claims_usd_m,2006-Q4,5294854.14156056,2006-12-31,"IMF COFER (IMF.STA COFER 7.0.1, retrieved 2026-07-24)"
TOTAL,share_pct,2006-Q4,100.0,2006-12-31,"IMF COFER (IMF.STA COFER 7.0.1, retrieved 2026-07-24)"
USD,claims_usd_m,2006-Q4,3371088.64930889,2006-12-31,"IMF COFER (IMF.STA COFER 7.0.1, retrieved 2026-07-24)"
USD,share_pct,2006-Q4,63.6672618202723,2006-12-31,"IMF COFER (IMF.STA COFER 7.0.1, retrieved 2026-07-24)"
CHF,claims_usd_m,2007-Q1,13604.3553716278,2007-03-31,"IMF COFER (IMF.STA COFER 7.0.1, retrieved 2026-07-24)"
CHF,share_pct,2007-Q1,0.241546638622463,2007-03-31,"IMF COFER (IMF.STA COFER 7.0.1, retrieved 2026-07-24)"
EUR,claims_usd_m,2007-Q1,1311661.01085389,2007-03-31,"IMF COFER (IMF.STA COFER 7.0.1, retrieved 2026-07-24)"
EUR,share_pct,2007-Q1,23.2886674545895,2007-03-31,"IMF COFER (IMF.STA COFER 7.0.1, retrieved 2026-07-24)"
GBP,claims_usd_m,2007-Q1,287691.643583762,2007-03-31,"IMF COFER (IMF.STA COFER 7.0.1, retrieved 2026-07-24)"
GBP,share_pct,2007-Q1,5.10799281326877,2007-03-31,"IMF COFER (IMF.STA COFER 7.0.1, retrieved 2026-07-24)"
JPY,claims_usd_m,2007-Q1,217883.188861106,2007-03-31,"IMF COFER (IMF.STA COFER 7.0.1, retrieved 2026-07-24)"
JPY,share_pct,2007-Q1,3.86853698275938,2007-03-31,"IMF COFER (IMF.STA COFER 7.0.1, retrieved 2026-07-24)"
OTHER,claims_usd_m,2007-Q1,216108.492372167,2007-03-31,"IMF COFER (IMF.STA COFER 7.0.1, retrieved 2026-07-24)"
OTHER,share_pct,2007-Q1,3.83702707583852,2007-03-31,"IMF COFER (IMF.STA COFER 7.0.1, retrieved 2026-07-24)"
TOTAL,claims_usd_m,2007-Q1,5632185.75477319,2007-03-31,"IMF COFER (IMF.STA COFER 7.0.1, retrieved 2026-07-24)"
TOTAL,share_pct,2007-Q1,100.0,2007-03-31,"IMF COFER (IMF.STA COFER 7.0.1, retrieved 2026-07-24)"
USD,claims_usd_m,2007-Q1,3585237.06373064,2007-03-31,"IMF COFER (IMF.STA COFER 7.0.1, retrieved 2026-07-24)"
USD,share_pct,2007-Q1,63.6562290349214,2007-03-31,"IMF COFER (IMF.STA COFER 7.0.1, retrieved 2026-07-24)"
CHF,claims_usd_m,2007-Q2,12375.1017133154,2007-06-30,"IMF COFER (IMF.STA COFER 7.0.1, retrieved 2026-07-24)"
CHF,share_pct,2007-Q2,0.207525482289555,2007-06-30,"IMF COFER (IMF.STA COFER 7.0.1, retrieved 2026-07-24)"
EUR,claims_usd_m,2007-Q2,1366544.71137303,2007-06-30,"IMF COFER (IMF.STA COFER 7.0.1, retrieved 2026-07-24)"
EUR,share_pct,2007-Q2,22.9164056076231,2007-06-30,"IMF COFER (IMF.STA COFER 7.0.1, retrieved 2026-07-24)"
GBP,claims_usd_m,2007-Q2,326516.437451256,2007-06-30,"IMF COFER (IMF.STA COFER 7.0.1, retrieved 2026-07-24)"
GBP,share_pct,2007-Q2,5.4755494320204,2007-06-30,"IMF COFER (IMF.STA COFER 7.0.1, retrieved 2026-07-24)"
JPY,claims_usd_m,2007-Q2,238501.000315828,2007-06-30,"IMF COFER (IMF.STA COFER 7.0.1, retrieved 2026-07-24)"
JPY,share_pct,2007-Q2,3.99956592387661,2007-06-30,"IMF COFER (IMF.STA COFER 7.0.1, retrieved 2026-07-24)"
OTHER,claims_usd_m,2007-Q2,238665.215061935,2007-06-30,"IMF COFER (IMF.STA COFER 7.0.1, retrieved 2026-07-24)"
OTHER,share_pct,2007-Q2,4.00231973917239,2007-06-30,"IMF COFER (IMF.STA COFER 7.0.1, retrieved 2026-07-24)"
TOTAL,claims_usd_m,2007-Q2,5963172.12555554,2007-06-30,"IMF COFER (IMF.STA COFER 7.0.1, retrieved 2026-07-24)"
TOTAL,share_pct,2007-Q2,100.0,2007-06-30,"IMF COFER (IMF.STA COFER 7.0.1, retrieved 2026-07-24)"
USD,claims_usd_m,2007-Q2,3780569.65964018,2007-06-30,"IMF COFER (IMF.STA COFER 7.0.1, retrieved 2026-07-24)"
USD,share_pct,2007-Q2,63.3986338150179,2007-06-30,"IMF COFER (IMF.STA COFER 7.0.1, retrieved 2026-07-24)"
CHF,claims_usd_m,2007-Q3,14785.2923755277,2007-09-30,"IMF COFER (IMF.STA COFER 7.0.1, retrieved 2026-07-24)"
CHF,share_pct,2007-Q3,0.23457377501697,2007-09-30,"IMF COFER (IMF.STA COFER 7.0.1, retrieved 2026-07-24)"
EUR,claims_usd_m,2007-Q3,1498286.83827128,2007-09-30,"IMF COFER (IMF.STA COFER 7.0.1, retrieved 2026-07-24)"
EUR,share_pct,2007-Q3,23.7708386675709,2007-09-30,"IMF COFER (IMF.STA COFER 7.0.1, retrieved 2026-07-24)"
GBP,claims_usd_m,2007-Q3,336513.772974167,2007-09-30,"IMF COFER (IMF.STA COFER 7.0.1, retrieved 2026-07-24)"
GBP,share_pct,2007-Q3,5.33890734568154,2007-09-30,"IMF COFER (IMF.STA COFER 7.0.1, retrieved 2026-07-24)"
JPY,claims_usd_m,2007-Q3,241839.10742071,2007-09-30,"IMF COFER (IMF.STA COFER 7.0.1, retrieved 2026-07-24)"
JPY,share_pct,2007-Q3,3.83686104634003,2007-09-30,"IMF COFER (IMF.STA COFER 7.0.1, retrieved 2026-07-24)"
OTHER,claims_usd_m,2007-Q3,258784.765059882,2007-09-30,"IMF COFER (IMF.STA COFER 7.0.1, retrieved 2026-07-24)"
OTHER,share_pct,2007-Q3,4.10570976313274,2007-09-30,"IMF COFER (IMF.STA COFER 7.0.1, retrieved 2026-07-24)"
TOTAL,claims_usd_m,2007-Q3,6303045.75797446,2007-09-30,"IMF COFER (IMF.STA COFER 7.0.1, retrieved 2026-07-24)"
TOTAL,share_pct,2007-Q3,100.0,2007-09-30,"IMF COFER (IMF.STA COFER 7.0.1, retrieved 2026-07-24)"
USD,claims_usd_m,2007-Q3,3952835.9818729,2007-09-30,"IMF COFER (IMF.STA COFER 7.0.1, retrieved 2026-07-24)"
USD,share_pct,2007-Q3,62.7131094022578,2007-09-30,"IMF COFER (IMF.STA COFER 7.0.1, retrieved 2026-07-24)"
CHF,claims_usd_m,2007-Q4,14413.9570234176,2007-12-31,"IMF COFER (IMF.STA COFER 7.0.1, retrieved 2026-07-24)"
CHF,share_pct,2007-Q4,0.214808160996282,2007-12-31,"IMF COFER (IMF.STA COFER 7.0.1, retrieved 2026-07-24)"
EUR,claims_usd_m,2007-Q4,1564998.52268673,2007-12-31,"IMF COFER (IMF.STA COFER 7.0.1, retrieved 2026-07-24)"
EUR,share_pct,2007-Q4,23.3228428580763,2007-12-31,"IMF COFER (IMF.STA COFER 7.0.1, retrieved 2026-07-24)"
GBP,claims_usd_m,2007-Q4,380072.104454347,2007-12-31,"IMF COFER (IMF.STA COFER 7.0.1, retrieved 2026-07-24)"
GBP,share_pct,2007-Q4,5.66413439912333,2007-12-31,"IMF COFER (IMF.STA COFER 7.0.1, retrieved 2026-07-24)"
JPY,claims_usd_m,2007-Q4,279915.171339934,2007-12-31,"IMF COFER (IMF.STA COFER 7.0.1, retrieved 2026-07-24)"
JPY,share_pct,2007-Q4,4.17151675232578,2007-12-31,"IMF COFER (IMF.STA COFER 7.0.1, retrieved 2026-07-24)"
OTHER,claims_usd_m,2007-Q4,270088.080714233,2007-12-31,"IMF COFER (IMF.STA COFER 7.0.1, retrieved 2026-07-24)"
OTHER,share_pct,2007-Q4,4.02506569368718,2007-12-31,"IMF COFER (IMF.STA COFER 7.0.1, retrieved 2026-07-24)"
TOTAL,claims_usd_m,2007-Q4,6710153.35570379,2007-12-31,"IMF COFER (IMF.STA COFER 7.0.1, retrieved 2026-07-24)"
TOTAL,share_pct,2007-Q4,100.0,2007-12-31,"IMF COFER (IMF.STA COFER 7.0.1, retrieved 2026-07-24)"
USD,claims_usd_m,2007-Q4,4200665.51948513,2007-12-31,"IMF COFER (IMF.STA COFER 7.0.1, retrieved 2026-07-24)"
USD,share_pct,2007-Q4,62.6016321357911,2007-12-31,"IMF COFER (IMF.STA COFER 7.0.1, retrieved 2026-07-24)"
CHF,claims_usd_m,2008-Q1,16600.1909223376,2008-03-31,"IMF COFER (IMF.STA COFER 7.0.1, retrieved 2026-07-24)"
CHF,share_pct,2008-Q1,0.229035772252225,2008-03-31,"IMF COFER (IMF.STA COFER 7.0.1, retrieved 2026-07-24)"
EUR,claims_usd_m,2008-Q1,1686303.00026637,2008-03-31,"IMF COFER (IMF.STA COFER 7.0.1, retrieved 2026-07-24)"
EUR,share_pct,2008-Q1,23.2662209563831,2008-03-31,"IMF COFER (IMF.STA COFER 7.0.1, retrieved 2026-07-24)"
GBP,claims_usd_m,2008-Q1,379024.149659545,2008-03-31,"IMF COFER (IMF.STA COFER 7.0.1, retrieved 2026-07-24)"
GBP,share_pct,2008-Q1,5.22946327699782,2008-03-31,"IMF COFER (IMF.STA COFER 7.0.1, retrieved 2026-07-24)"
JPY,claims_usd_m,2008-Q1,310518.508812509,2008-03-31,"IMF COFER (IMF.STA COFER 7.0.1, retrieved 2026-07-24)"
JPY,share_pct,2008-Q1,4.28427882529844,2008-03-31,"IMF COFER (IMF.STA COFER 7.0.1, retrieved 2026-07-24)"
OTHER,claims_usd_m,2008-Q1,285199.022054175,2008-03-31,"IMF COFER (IMF.STA COFER 7.0.1, retrieved 2026-07-24)"
OTHER,share_pct,2008-Q1,3.93494138515361,2008-03-31,"IMF COFER (IMF.STA COFER 7.0.1, retrieved 2026-07-24)"
TOTAL,claims_usd_m,2008-Q1,7247859.47587988,2008-03-31,"IMF COFER (IMF.STA COFER 7.0.1, retrieved 2026-07-24)"
TOTAL,share_pct,2008-Q1,100.0,2008-03-31,"IMF COFER (IMF.STA COFER 7.0.1, retrieved 2026-07-24)"
USD,claims_usd_m,2008-Q1,4570214.60416495,2008-03-31,"IMF COFER (IMF.STA COFER 7.0.1, retrieved 2026-07-24)"
USD,share_pct,2008-Q1,63.0560597839148,2008-03-31,"IMF COFER (IMF.STA COFER 7.0.1, retrieved 2026-07-24)"
CHF,claims_usd_m,2008-Q2,18303.3606552099,2008-06-30,"IMF COFER (IMF.STA COFER 7.0.1, retrieved 2026-07-24)"
CHF,share_pct,2008-Q2,0.245143513084014,2008-06-30,"IMF COFER (IMF.STA COFER 7.0.1, retrieved 2026-07-24)"
EUR,claims_usd_m,2008-Q2,1740384.49306573,2008-06-30,"IMF COFER (IMF.STA COFER 7.0.1, retrieved 2026-07-24)"
EUR,share_pct,2008-Q2,23.3095974440975,2008-06-30,"IMF COFER (IMF.STA COFER 7.0.1, retrieved 2026-07-24)"
GBP,claims_usd_m,2008-Q2,398043.096867129,2008-06-30,"IMF COFER (IMF.STA COFER 7.0.1, retrieved 2026-07-24)"
GBP,share_pct,2008-Q2,5.33113480977463,2008-06-30,"IMF COFER (IMF.STA COFER 7.0.1, retrieved 2026-07-24)"
JPY,claims_usd_m,2008-Q2,329008.076084684,2008-06-30,"IMF COFER (IMF.STA COFER 7.0.1, retrieved 2026-07-24)"
JPY,share_pct,2008-Q2,4.40652386868937,2008-06-30,"IMF COFER (IMF.STA COFER 7.0.1, retrieved 2026-07-24)"
OTHER,claims_usd_m,2008-Q2,299523.600045943,2008-06-30,"IMF COFER (IMF.STA COFER 7.0.1, retrieved 2026-07-24)"
OTHER,share_pct,2008-Q2,4.01162764314179,2008-06-30,"IMF COFER (IMF.STA COFER 7.0.1, retrieved 2026-07-24)"
TOTAL,claims_usd_m,2008-Q2,7466385.88349553,2008-06-30,"IMF COFER (IMF.STA COFER 7.0.1, retrieved 2026-07-24)"
TOTAL,share_pct,2008-Q2,100.0,2008-06-30,"IMF COFER (IMF.STA COFER 7.0.1, retrieved 2026-07-24)"
USD,claims_usd_m,2008-Q2,4681123.25677683,2008-06-30,"IMF COFER (IMF.STA COFER 7.0.1, retrieved 2026-07-24)"
USD,share_pct,2008-Q2,62.6959727212127,2008-06-30,"IMF COFER (IMF.STA COFER 7.0.1, retrieved 2026-07-24)"
CHF,claims_usd_m,2008-Q3,18529.9097638284,2008-09-30,"IMF COFER (IMF.STA COFER 7.0.1, retrieved 2026-07-24)"
CHF,share_pct,2008-Q3,0.246914547932734,2008-09-30,"IMF COFER (IMF.STA COFER 7.0.1, retrieved 2026-07-24)"
EUR,claims_usd_m,2008-Q3,1667604.88316784,2008-09-30,"IMF COFER (IMF.STA COFER 7.0.1, retrieved 2026-07-24)"
EUR,share_pct,2008-Q3,22.2211500814526,2008-09-30,"IMF COFER (IMF.STA COFER 7.0.1, retrieved 2026-07-24)"
GBP,claims_usd_m,2008-Q3,392619.194792917,2008-09-30,"IMF COFER (IMF.STA COFER 7.0.1, retrieved 2026-07-24)"
GBP,share_pct,2008-Q3,5.2317249370122,2008-09-30,"IMF COFER (IMF.STA COFER 7.0.1, retrieved 2026-07-24)"
JPY,claims_usd_m,2008-Q3,328034.17483067,2008-09-30,"IMF COFER (IMF.STA COFER 7.0.1, retrieved 2026-07-24)"
JPY,share_pct,2008-Q3,4.37111734580125,2008-09-30,"IMF COFER (IMF.STA COFER 7.0.1, retrieved 2026-07-24)"
OTHER,claims_usd_m,2008-Q3,299744.282163837,2008-09-30,"IMF COFER (IMF.STA COFER 7.0.1, retrieved 2026-07-24)"
OTHER,share_pct,2008-Q3,3.99414918200952,2008-09-30,"IMF COFER (IMF.STA COFER 7.0.1, retrieved 2026-07-24)"
TOTAL,claims_usd_m,2008-Q3,7504584.04292828,2008-09-30,"IMF COFER (IMF.STA COFER 7.0.1, retrieved 2026-07-24)"
TOTAL,share_pct,2008-Q3,100.0,2008-09-30,"IMF COFER (IMF.STA COFER 7.0.1, retrieved 2026-07-24)"
USD,claims_usd_m,2008-Q3,4798051.59820918,2008-09-30,"IMF COFER (IMF.STA COFER 7.0.1, retrieved 2026-07-24)"
USD,share_pct,2008-Q3,63.9349439057916,2008-09-30,"IMF COFER (IMF.STA COFER 7.0.1, retrieved 2026-07-24)"
CHF,claims_usd_m,2008-Q4,16773.4860160933,2008-12-31,"IMF COFER (IMF.STA COFER 7.0.1, retrieved 2026-07-24)"
CHF,share_pct,2008-Q4,0.22809669263497,2008-12-31,"IMF COFER (IMF.STA COFER 7.0.1, retrieved 2026-07-24)"
EUR,claims_usd_m,2008-Q4,1722013.96237798,2008-12-31,"IMF COFER (IMF.STA COFER 7.0.1, retrieved 2026-07-24)"
EUR,share_pct,2008-Q4,23.4170576773844,2008-12-31,"IMF COFER (IMF.STA COFER 7.0.1, retrieved 2026-07-24)"
GBP,claims_usd_m,2008-Q4,361010.830753903,2008-12-31,"IMF COFER (IMF.STA COFER 7.0.1, retrieved 2026-07-24)"
GBP,share_pct,2008-Q4,4.90925836295223,2008-12-31,"IMF COFER (IMF.STA COFER 7.0.1, retrieved 2026-07-24)"
JPY,claims_usd_m,2008-Q4,313291.761522495,2008-12-31,"IMF COFER (IMF.STA COFER 7.0.1, retrieved 2026-07-24)"
JPY,share_pct,2008-Q4,4.2603436497638,2008-12-31,"IMF COFER (IMF.STA COFER 7.0.1, retrieved 2026-07-24)"
OTHER,claims_usd_m,2008-Q4,317467.120742873,2008-12-31,"IMF COFER (IMF.STA COFER 7.0.1, retrieved 2026-07-24)"
OTHER,share_pct,2008-Q4,4.31712288025992,2008-12-31,"IMF COFER (IMF.STA COFER 7.0.1, retrieved 2026-07-24)"
TOTAL,claims_usd_m,2008-Q4,7353673.48922345,2008-12-31,"IMF COFER (IMF.STA COFER 7.0.1, retrieved 2026-07-24)"
TOTAL,share_pct,2008-Q4,100.0,2008-12-31,"IMF COFER (IMF.STA COFER 7.0.1, retrieved 2026-07-24)"
USD,claims_usd_m,2008-Q4,4623116.3278101,2008-12-31,"IMF COFER (IMF.STA COFER 7.0.1, retrieved 2026-07-24)"
USD,share_pct,2008-Q4,62.8681207370047,2008-12-31,"IMF COFER (IMF.STA COFER 7.0.1, retrieved 2026-07-24)"
CHF,claims_usd_m,2009-Q1,16855.0186398419,2009-03-31,"IMF COFER (IMF.STA COFER 7.0.1, retrieved 2026-07-24)"
CHF,share_pct,2009-Q1,0.234961904516255,2009-03-31,"IMF COFER (IMF.STA COFER 7.0.1, retrieved 2026-07-24)"
EUR,claims_usd_m,2009-Q1,1668005.68280888,2009-03-31,"IMF COFER (IMF.STA COFER 7.0.1, retrieved 2026-07-24)"
EUR,share_pct,2009-Q1,23.2522906293496,2009-03-31,"IMF COFER (IMF.STA COFER 7.0.1, retrieved 2026-07-24)"
GBP,claims_usd_m,2009-Q1,340730.327036259,2009-03-31,"IMF COFER (IMF.STA COFER 7.0.1, retrieved 2026-07-24)"
GBP,share_pct,2009-Q1,4.74984028659825,2009-03-31,"IMF COFER (IMF.STA COFER 7.0.1, retrieved 2026-07-24)"
JPY,claims_usd_m,2009-Q1,260532.538138216,2009-03-31,"IMF COFER (IMF.STA COFER 7.0.1, retrieved 2026-07-24)"
JPY,share_pct,2009-Q1,3.63186909830574,2009-03-31,"IMF COFER (IMF.STA COFER 7.0.1, retrieved 2026-07-24)"
OTHER,claims_usd_m,2009-Q1,310508.185103306,2009-03-31,"IMF COFER (IMF.STA COFER 7.0.1, retrieved 2026-07-24)"
OTHER,share_pct,2009-Q1,4.32853834805625,2009-03-31,"IMF COFER (IMF.STA COFER 7.0.1, retrieved 2026-07-24)"
TOTAL,claims_usd_m,2009-Q1,7173511.24410719,2009-03-31,"IMF COFER (IMF.STA COFER 7.0.1, retrieved 2026-07-24)"
TOTAL,share_pct,2009-Q1,100.0,2009-03-31,"IMF COFER (IMF.STA COFER 7.0.1, retrieved 2026-07-24)"
USD,claims_usd_m,2009-Q1,4576879.49238069,2009-03-31,"IMF COFER (IMF.STA COFER 7.0.1, retrieved 2026-07-24)"
USD,share_pct,2009-Q1,63.8024997331739,2009-03-31,"IMF COFER (IMF.STA COFER 7.0.1, retrieved 2026-07-24)"
CHF,claims_usd_m,2009-Q2,16312.9472252859,2009-06-30,"IMF COFER (IMF.STA COFER 7.0.1, retrieved 2026-07-24)"
CHF,share_pct,2009-Q2,0.215394737627666,2009-06-30,"IMF COFER (IMF.STA COFER 7.0.1, retrieved 2026-07-24)"
EUR,claims_usd_m,2009-Q2,1823545.37037966,2009-06-30,"IMF COFER (IMF.STA COFER 7.0.1, retrieved 2026-07-24)"
EUR,share_pct,2009-Q2,24.0779346111192,2009-06-30,"IMF COFER (IMF.STA COFER 7.0.1, retrieved 2026-07-24)"
GBP,claims_usd_m,2009-Q2,386890.144112852,2009-06-30,"IMF COFER (IMF.STA COFER 7.0.1, retrieved 2026-07-24)"
GBP,share_pct,2009-Q2,5.10846384353806,2009-06-30,"IMF COFER (IMF.STA COFER 7.0.1, retrieved 2026-07-24)"
JPY,claims_usd_m,2009-Q2,263391.918687121,2009-06-30,"IMF COFER (IMF.STA COFER 7.0.1, retrieved 2026-07-24)"
JPY,share_pct,2009-Q2,3.47780400655747,2009-06-30,"IMF COFER (IMF.STA COFER 7.0.1, retrieved 2026-07-24)"
OTHER,claims_usd_m,2009-Q2,361109.215293752,2009-06-30,"IMF COFER (IMF.STA COFER 7.0.1, retrieved 2026-07-24)"
OTHER,share_pct,2009-Q2,4.76805469967838,2009-06-30,"IMF COFER (IMF.STA COFER 7.0.1, retrieved 2026-07-24)"
TOTAL,claims_usd_m,2009-Q2,7573512.42883412,2009-06-30,"IMF COFER (IMF.STA COFER 7.0.1, retrieved 2026-07-24)"
TOTAL,share_pct,2009-Q2,100.0,2009-06-30,"IMF COFER (IMF.STA COFER 7.0.1, retrieved 2026-07-24)"
USD,claims_usd_m,2009-Q2,4722262.83313545,2009-06-30,"IMF COFER (IMF.STA COFER 7.0.1, retrieved 2026-07-24)"
USD,share_pct,2009-Q2,62.3523481014793,2009-06-30,"IMF COFER (IMF.STA COFER 7.0.1, retrieved 2026-07-24)"
CHF,claims_usd_m,2009-Q3,16518.3679675953,2009-09-30,"IMF COFER (IMF.STA COFER 7.0.1, retrieved 2026-07-24)"
CHF,share_pct,2009-Q3,0.209416894152011,2009-09-30,"IMF COFER (IMF.STA COFER 7.0.1, retrieved 2026-07-24)"
EUR,claims_usd_m,2009-Q3,1907563.4612337,2009-09-30,"IMF COFER (IMF.STA COFER 7.0.1, retrieved 2026-07-24)"
EUR,share_pct,2009-Q3,24.1837460112942,2009-09-30,"IMF COFER (IMF.STA COFER 7.0.1, retrieved 2026-07-24)"
GBP,claims_usd_m,2009-Q3,406420.771269756,2009-09-30,"IMF COFER (IMF.STA COFER 7.0.1, retrieved 2026-07-24)"
GBP,share_pct,2009-Q3,5.15252934219309,2009-09-30,"IMF COFER (IMF.STA COFER 7.0.1, retrieved 2026-07-24)"
JPY,claims_usd_m,2009-Q3,276506.336479485,2009-09-30,"IMF COFER (IMF.STA COFER 7.0.1, retrieved 2026-07-24)"
JPY,share_pct,2009-Q3,3.50549753537876,2009-09-30,"IMF COFER (IMF.STA COFER 7.0.1, retrieved 2026-07-24)"
OTHER,claims_usd_m,2009-Q3,444008.082354335,2009-09-30,"IMF COFER (IMF.STA COFER 7.0.1, retrieved 2026-07-24)"
OTHER,share_pct,2009-Q3,5.62905450268714,2009-09-30,"IMF COFER (IMF.STA COFER 7.0.1, retrieved 2026-07-24)"
TOTAL,claims_usd_m,2009-Q3,7887791.49575438,2009-09-30,"IMF COFER (IMF.STA COFER 7.0.1, retrieved 2026-07-24)"
TOTAL,share_pct,2009-Q3,100.0,2009-09-30,"IMF COFER (IMF.STA COFER 7.0.1, retrieved 2026-07-24)"
USD,claims_usd_m,2009-Q3,4836774.4764495,2009-09-30,"IMF COFER (IMF.STA COFER 7.0.1, retrieved 2026-07-24)"
USD,share_pct,2009-Q3,61.3197557142948,2009-09-30,"IMF COFER (IMF.STA COFER 7.0.1, retrieved 2026-07-24)"
CHF,claims_usd_m,2009-Q4,17112.5311866067,2009-12-31,"IMF COFER (IMF.STA COFER 7.0.1, retrieved 2026-07-24)"
CHF,share_pct,2009-Q4,0.209285240041787,2009-12-31,"IMF COFER (IMF.STA COFER 7.0.1, retrieved 2026-07-24)"
EUR,claims_usd_m,2009-Q4,1966218.23918837,2009-12-31,"IMF COFER (IMF.STA COFER 7.0.1, retrieved 2026-07-24)"
EUR,share_pct,2009-Q4,24.0467322850019,2009-12-31,"IMF COFER (IMF.STA COFER 7.0.1, retrieved 2026-07-24)"
GBP,claims_usd_m,2009-Q4,408822.582590539,2009-12-31,"IMF COFER (IMF.STA COFER 7.0.1, retrieved 2026-07-24)"
GBP,share_pct,2009-Q4,4.99987590374293,2009-12-31,"IMF COFER (IMF.STA COFER 7.0.1, retrieved 2026-07-24)"
JPY,claims_usd_m,2009-Q4,273775.167501283,2009-12-31,"IMF COFER (IMF.STA COFER 7.0.1, retrieved 2026-07-24)"
JPY,share_pct,2009-Q4,3.3482540381186,2009-12-31,"IMF COFER (IMF.STA COFER 7.0.1, retrieved 2026-07-24)"
OTHER,claims_usd_m,2009-Q4,425842.840204983,2009-12-31,"IMF COFER (IMF.STA COFER 7.0.1, retrieved 2026-07-24)"
OTHER,share_pct,2009-Q4,5.2080326434776,2009-12-31,"IMF COFER (IMF.STA COFER 7.0.1, retrieved 2026-07-24)"
TOTAL,claims_usd_m,2009-Q4,8176654.59025679,2009-12-31,"IMF COFER (IMF.STA COFER 7.0.1, retrieved 2026-07-24)"
TOTAL,share_pct,2009-Q4,100.0,2009-12-31,"IMF COFER (IMF.STA COFER 7.0.1, retrieved 2026-07-24)"
USD,claims_usd_m,2009-Q4,5084883.22958501,2009-12-31,"IMF COFER (IMF.STA COFER 7.0.1, retrieved 2026-07-24)"
USD,share_pct,2009-Q4,62.1878198896172,2009-12-31,"IMF COFER (IMF.STA COFER 7.0.1, retrieved 2026-07-24)"
CHF,claims_usd_m,2010-Q1,17515.7470394204,2010-03-31,"IMF COFER (IMF.STA COFER 7.0.1, retrieved 2026-07-24)"
CHF,share_pct,2010-Q1,0.210800107010814,2010-03-31,"IMF COFER (IMF.STA COFER 7.0.1, retrieved 2026-07-24)"
EUR,claims_usd_m,2010-Q1,1978259.69121269,2010-03-31,"IMF COFER (IMF.STA COFER 7.0.1, retrieved 2026-07-24)"
EUR,share_pct,2010-Q1,23.8081398220863,2010-03-31,"IMF COFER (IMF.STA COFER 7.0.1, retrieved 2026-07-24)"
GBP,claims_usd_m,2010-Q1,421291.571841998,2010-03-31,"IMF COFER (IMF.STA COFER 7.0.1, retrieved 2026-07-24)"
GBP,share_pct,2010-Q1,5.07019816095642,2010-03-31,"IMF COFER (IMF.STA COFER 7.0.1, retrieved 2026-07-24)"
JPY,claims_usd_m,2010-Q1,300157.534699017,2010-03-31,"IMF COFER (IMF.STA COFER 7.0.1, retrieved 2026-07-24)"
JPY,share_pct,2010-Q1,3.6123632233472,2010-03-31,"IMF COFER (IMF.STA COFER 7.0.1, retrieved 2026-07-24)"
OTHER,claims_usd_m,2010-Q1,457991.752898804,2010-03-31,"IMF COFER (IMF.STA COFER 7.0.1, retrieved 2026-07-24)"
OTHER,share_pct,2010-Q1,5.51188084092889,2010-03-31,"IMF COFER (IMF.STA COFER 7.0.1, retrieved 2026-07-24)"
TOTAL,claims_usd_m,2010-Q1,8309173.69435768,2010-03-31,"IMF COFER (IMF.STA COFER 7.0.1, retrieved 2026-07-24)"
TOTAL,share_pct,2010-Q1,100.0,2010-03-31,"IMF COFER (IMF.STA COFER 7.0.1, retrieved 2026-07-24)"
USD,claims_usd_m,2010-Q1,5133957.39666575,2010-03-31,"IMF COFER (IMF.STA COFER 7.0.1, retrieved 2026-07-24)"
USD,share_pct,2010-Q1,61.7866178456704,2010-03-31,"IMF COFER (IMF.STA COFER 7.0.1, retrieved 2026-07-24)"
CHF,claims_usd_m,2010-Q2,18580.0537282552,2010-06-30,"IMF COFER (IMF.STA COFER 7.0.1, retrieved 2026-07-24)"
CHF,share_pct,2010-Q2,0.220102547137286,2010-06-30,"IMF COFER (IMF.STA COFER 7.0.1, retrieved 2026-07-24)"
EUR,claims_usd_m,2010-Q2,1939181.69587421,2010-06-30,"IMF COFER (IMF.STA COFER 7.0.1, retrieved 2026-07-24)"
EUR,share_pct,2010-Q2,22.9718835513829,2010-06-30,"IMF COFER (IMF.STA COFER 7.0.1, retrieved 2026-07-24)"
GBP,claims_usd_m,2010-Q2,413435.564360753,2010-06-30,"IMF COFER (IMF.STA COFER 7.0.1, retrieved 2026-07-24)"
GBP,share_pct,2010-Q2,4.89762958298445,2010-06-30,"IMF COFER (IMF.STA COFER 7.0.1, retrieved 2026-07-24)"
JPY,claims_usd_m,2010-Q2,321491.860119659,2010-06-30,"IMF COFER (IMF.STA COFER 7.0.1, retrieved 2026-07-24)"
JPY,share_pct,2010-Q2,3.80844847550858,2010-06-30,"IMF COFER (IMF.STA COFER 7.0.1, retrieved 2026-07-24)"
OTHER,claims_usd_m,2010-Q2,467576.556372808,2010-06-30,"IMF COFER (IMF.STA COFER 7.0.1, retrieved 2026-07-24)"
OTHER,share_pct,2010-Q2,5.5389931883152,2010-06-30,"IMF COFER (IMF.STA COFER 7.0.1, retrieved 2026-07-24)"
TOTAL,claims_usd_m,2010-Q2,8441544.16653166,2010-06-30,"IMF COFER (IMF.STA COFER 7.0.1, retrieved 2026-07-24)"
TOTAL,share_pct,2010-Q2,100.0,2010-06-30,"IMF COFER (IMF.STA COFER 7.0.1, retrieved 2026-07-24)"
USD,claims_usd_m,2010-Q2,5281278.43607598,2010-06-30,"IMF COFER (IMF.STA COFER 7.0.1, retrieved 2026-07-24)"
USD,share_pct,2010-Q2,62.5629426546716,2010-06-30,"IMF COFER (IMF.STA COFER 7.0.1, retrieved 2026-07-24)"
CHF,claims_usd_m,2010-Q3,19424.8511344053,2010-09-30,"IMF COFER (IMF.STA COFER 7.0.1, retrieved 2026-07-24)"
CHF,share_pct,2010-Q3,0.215641695679924,2010-09-30,"IMF COFER (IMF.STA COFER 7.0.1, retrieved 2026-07-24)"
EUR,claims_usd_m,2010-Q3,2101771.10762003,2010-09-30,"IMF COFER (IMF.STA COFER 7.0.1, retrieved 2026-07-24)"
EUR,share_pct,2010-Q3,23.3324560606541,2010-09-30,"IMF COFER (IMF.STA COFER 7.0.1, retrieved 2026-07-24)"
GBP,claims_usd_m,2010-Q3,433932.051409169,2010-09-30,"IMF COFER (IMF.STA COFER 7.0.1, retrieved 2026-07-24)"
GBP,share_pct,2010-Q3,4.81722319148194,2010-09-30,"IMF COFER (IMF.STA COFER 7.0.1, retrieved 2026-07-24)"
JPY,claims_usd_m,2010-Q3,359791.076925298,2010-09-30,"IMF COFER (IMF.STA COFER 7.0.1, retrieved 2026-07-24)"
JPY,share_pct,2010-Q3,3.99415971745891,2010-09-30,"IMF COFER (IMF.STA COFER 7.0.1, retrieved 2026-07-24)"
OTHER,claims_usd_m,2010-Q3,524158.288250812,2010-09-30,"IMF COFER (IMF.STA COFER 7.0.1, retrieved 2026-07-24)"
OTHER,share_pct,2010-Q3,5.81885448187001,2010-09-30,"IMF COFER (IMF.STA COFER 7.0.1, retrieved 2026-07-24)"
TOTAL,claims_usd_m,2010-Q3,9007929.13594847,2010-09-30,"IMF COFER (IMF.STA COFER 7.0.1, retrieved 2026-07-24)"
TOTAL,share_pct,2010-Q3,100.0,2010-09-30,"IMF COFER (IMF.STA COFER 7.0.1, retrieved 2026-07-24)"
USD,claims_usd_m,2010-Q3,5568851.76060876,2010-09-30,"IMF COFER (IMF.STA COFER 7.0.1, retrieved 2026-07-24)"
USD,share_pct,2010-Q3,61.8216648528552,2010-09-30,"IMF COFER (IMF.STA COFER 7.0.1, retrieved 2026-07-24)"
CHF,claims_usd_m,2010-Q4,22245.863512862,2010-12-31,"IMF COFER (IMF.STA COFER 7.0.1, retrieved 2026-07-24)"
CHF,share_pct,2010-Q4,0.239674287124409,2010-12-31,"IMF COFER (IMF.STA COFER 7.0.1, retrieved 2026-07-24)"
EUR,claims_usd_m,2010-Q4,2126737.78567578,2010-12-31,"IMF COFER (IMF.STA COFER 7.0.1, retrieved 2026-07-24)"
EUR,share_pct,2010-Q4,22.9132199065987,2010-12-31,"IMF COFER (IMF.STA COFER 7.0.1, retrieved 2026-07-24)"
GBP,claims_usd_m,2010-Q4,443683.151338129,2010-12-31,"IMF COFER (IMF.STA COFER 7.0.1, retrieved 2026-07-24)"
GBP,share_pct,2010-Q4,4.78018949206419,2010-12-31,"IMF COFER (IMF.STA COFER 7.0.1, retrieved 2026-07-24)"
JPY,claims_usd_m,2010-Q4,379389.912937874,2010-12-31,"IMF COFER (IMF.STA COFER 7.0.1, retrieved 2026-07-24)"
JPY,share_pct,2010-Q4,4.08750178984974,2010-12-31,"IMF COFER (IMF.STA COFER 7.0.1, retrieved 2026-07-24)"
OTHER,claims_usd_m,2010-Q4,560938.358033258,2010-12-31,"IMF COFER (IMF.STA COFER 7.0.1, retrieved 2026-07-24)"
OTHER,share_pct,2010-Q4,6.0434831403432,2010-12-31,"IMF COFER (IMF.STA COFER 7.0.1, retrieved 2026-07-24)"
TOTAL,claims_usd_m,2010-Q4,9281706.34395785,2010-12-31,"IMF COFER (IMF.STA COFER 7.0.1, retrieved 2026-07-24)"
TOTAL,share_pct,2010-Q4,100.0,2010-12-31,"IMF COFER (IMF.STA COFER 7.0.1, retrieved 2026-07-24)"
USD,claims_usd_m,2010-Q4,5748711.27245995,2010-12-31,"IMF COFER (IMF.STA COFER 7.0.1, retrieved 2026-07-24)"
USD,share_pct,2010-Q4,61.9359313840198,2010-12-31,"IMF COFER (IMF.STA COFER 7.0.1, retrieved 2026-07-24)"
CHF,claims_usd_m,2011-Q1,22143.0795415283,2011-03-31,"IMF COFER (IMF.STA COFER 7.0.1, retrieved 2026-07-24)"
CHF,share_pct,2011-Q1,0.228074575651324,2011-03-31,"IMF COFER (IMF.STA COFER 7.0.1, retrieved 2026-07-24)"
EUR,claims_usd_m,2011-Q1,2208928.45275709,2011-03-31,"IMF COFER (IMF.STA COFER 7.0.1, retrieved 2026-07-24)"
EUR,share_pct,2011-Q1,22.7520484927065,2011-03-31,"IMF COFER (IMF.STA COFER 7.0.1, retrieved 2026-07-24)"
GBP,claims_usd_m,2011-Q1,464067.103374553,2011-03-31,"IMF COFER (IMF.STA COFER 7.0.1, retrieved 2026-07-24)"
GBP,share_pct,2011-Q1,4.77990911234316,2011-03-31,"IMF COFER (IMF.STA COFER 7.0.1, retrieved 2026-07-24)"
JPY,claims_usd_m,2011-Q1,396389.999195402,2011-03-31,"IMF COFER (IMF.STA COFER 7.0.1, retrieved 2026-07-24)"
JPY,share_pct,2011-Q1,4.08283232191651,2011-03-31,"IMF COFER (IMF.STA COFER 7.0.1, retrieved 2026-07-24)"
OTHER,claims_usd_m,2011-Q1,615658.133887174,2011-03-31,"IMF COFER (IMF.STA COFER 7.0.1, retrieved 2026-07-24)"
OTHER,share_pct,2011-Q1,6.34130258933767,2011-03-31,"IMF COFER (IMF.STA COFER 7.0.1, retrieved 2026-07-24)"
TOTAL,claims_usd_m,2011-Q1,9708701.40974423,2011-03-31,"IMF COFER (IMF.STA COFER 7.0.1, retrieved 2026-07-24)"
TOTAL,share_pct,2011-Q1,100.0,2011-03-31,"IMF COFER (IMF.STA COFER 7.0.1, retrieved 2026-07-24)"
USD,claims_usd_m,2011-Q1,6001514.64098848,2011-03-31,"IMF COFER (IMF.STA COFER 7.0.1, retrieved 2026-07-24)"
USD,share_pct,2011-Q1,61.8158329080448,2011-03-31,"IMF COFER (IMF.STA COFER 7.0.1, retrieved 2026-07-24)"
CHF,claims_usd_m,2011-Q2,23141.0880881191,2011-06-30,"IMF COFER (IMF.STA COFER 7.0.1, retrieved 2026-07-24)"
CHF,share_pct,2011-Q2,0.2292027009071,2011-06-30,"IMF COFER (IMF.STA COFER 7.0.1, retrieved 2026-07-24)"
EUR,claims_usd_m,2011-Q2,2310991.51311949,2011-06-30,"IMF COFER (IMF.STA COFER 7.0.1, retrieved 2026-07-24)"
EUR,share_pct,2011-Q2,22.8893945938661,2011-06-30,"IMF COFER (IMF.STA COFER 7.0.1, retrieved 2026-07-24)"
GBP,claims_usd_m,2011-Q2,480823.179612439,2011-06-30,"IMF COFER (IMF.STA COFER 7.0.1, retrieved 2026-07-24)"
GBP,share_pct,2011-Q2,4.76235045673983,2011-06-30,"IMF COFER (IMF.STA COFER 7.0.1, retrieved 2026-07-24)"
JPY,claims_usd_m,2011-Q2,414924.977012117,2011-06-30,"IMF COFER (IMF.STA COFER 7.0.1, retrieved 2026-07-24)"
JPY,share_pct,2011-Q2,4.10965660053902,2011-06-30,"IMF COFER (IMF.STA COFER 7.0.1, retrieved 2026-07-24)"
OTHER,claims_usd_m,2011-Q2,652055.262177323,2011-06-30,"IMF COFER (IMF.STA COFER 7.0.1, retrieved 2026-07-24)"
OTHER,share_pct,2011-Q2,6.45833189271944,2011-06-30,"IMF COFER (IMF.STA COFER 7.0.1, retrieved 2026-07-24)"
TOTAL,claims_usd_m,2011-Q2,10096341.795509,2011-06-30,"IMF COFER (IMF.STA COFER 7.0.1, retrieved 2026-07-24)"
TOTAL,share_pct,2011-Q2,100.0,2011-06-30,"IMF COFER (IMF.STA COFER 7.0.1, retrieved 2026-07-24)"
USD,claims_usd_m,2011-Q2,6214405.77549956,2011-06-30,"IMF COFER (IMF.STA COFER 7.0.1, retrieved 2026-07-24)"
USD,share_pct,2011-Q2,61.5510637552286,2011-06-30,"IMF COFER (IMF.STA COFER 7.0.1, retrieved 2026-07-24)"
CHF,claims_usd_m,2011-Q3,37309.2119165877,2011-09-30,"IMF COFER (IMF.STA COFER 7.0.1, retrieved 2026-07-24)"
CHF,share_pct,2011-Q3,0.366071605932356,2011-09-30,"IMF COFER (IMF.STA COFER 7.0.1, retrieved 2026-07-24)"
EUR,claims_usd_m,2011-Q3,2263955.4122595,2011-09-30,"IMF COFER (IMF.STA COFER 7.0.1, retrieved 2026-07-24)"
EUR,share_pct,2011-Q3,22.2135432766033,2011-09-30,"IMF COFER (IMF.STA COFER 7.0.1, retrieved 2026-07-24)"
GBP,claims_usd_m,2011-Q3,474978.969095303,2011-09-30,"IMF COFER (IMF.STA COFER 7.0.1, retrieved 2026-07-24)"
GBP,share_pct,2011-Q3,4.66041240403438,2011-09-30,"IMF COFER (IMF.STA COFER 7.0.1, retrieved 2026-07-24)"
JPY,claims_usd_m,2011-Q3,419807.475163597,2011-09-30,"IMF COFER (IMF.STA COFER 7.0.1, retrieved 2026-07-24)"
JPY,share_pct,2011-Q3,4.11907914214665,2011-09-30,"IMF COFER (IMF.STA COFER 7.0.1, retrieved 2026-07-24)"
OTHER,claims_usd_m,2011-Q3,651843.800609621,2011-09-30,"IMF COFER (IMF.STA COFER 7.0.1, retrieved 2026-07-24)"
OTHER,share_pct,2011-Q3,6.39577987977074,2011-09-30,"IMF COFER (IMF.STA COFER 7.0.1, retrieved 2026-07-24)"
TOTAL,claims_usd_m,2011-Q3,10191779.7807792,2011-09-30,"IMF COFER (IMF.STA COFER 7.0.1, retrieved 2026-07-24)"
TOTAL,share_pct,2011-Q3,100.0,2011-09-30,"IMF COFER (IMF.STA COFER 7.0.1, retrieved 2026-07-24)"
USD,claims_usd_m,2011-Q3,6343884.91173463,2011-09-30,"IMF COFER (IMF.STA COFER 7.0.1, retrieved 2026-07-24)"
USD,share_pct,2011-Q3,62.2451136915126,2011-09-30,"IMF COFER (IMF.STA COFER 7.0.1, retrieved 2026-07-24)"
CHF,claims_usd_m,2011-Q4,20070.4637731963,2011-12-31,"IMF COFER (IMF.STA COFER 7.0.1, retrieved 2026-07-24)"
CHF,share_pct,2011-Q4,0.196253491055965,2011-12-31,"IMF COFER (IMF.STA COFER 7.0.1, retrieved 2026-07-24)"
EUR,claims_usd_m,2011-Q4,2221784.88753635,2011-12-31,"IMF COFER (IMF.STA COFER 7.0.1, retrieved 2026-07-24)"
EUR,share_pct,2011-Q4,21.7251103652476,2011-12-31,"IMF COFER (IMF.STA COFER 7.0.1, retrieved 2026-07-24)"
GBP,claims_usd_m,2011-Q4,472670.78205891,2011-12-31,"IMF COFER (IMF.STA COFER 7.0.1, retrieved 2026-07-24)"
GBP,share_pct,2011-Q4,4.62188079694987,2011-12-31,"IMF COFER (IMF.STA COFER 7.0.1, retrieved 2026-07-24)"
JPY,claims_usd_m,2011-Q4,418680.127239125,2011-12-31,"IMF COFER (IMF.STA COFER 7.0.1, retrieved 2026-07-24)"
JPY,share_pct,2011-Q4,4.09394807887633,2011-12-31,"IMF COFER (IMF.STA COFER 7.0.1, retrieved 2026-07-24)"
OTHER,claims_usd_m,2011-Q4,700348.378442711,2011-12-31,"IMF COFER (IMF.STA COFER 7.0.1, retrieved 2026-07-24)"
OTHER,share_pct,2011-Q4,6.84816333981889,2011-12-31,"IMF COFER (IMF.STA COFER 7.0.1, retrieved 2026-07-24)"
TOTAL,claims_usd_m,2011-Q4,10226805.987096,2011-12-31,"IMF COFER (IMF.STA COFER 7.0.1, retrieved 2026-07-24)"
TOTAL,share_pct,2011-Q4,100.0,2011-12-31,"IMF COFER (IMF.STA COFER 7.0.1, retrieved 2026-07-24)"
USD,claims_usd_m,2011-Q4,6393251.3480457,2011-12-31,"IMF COFER (IMF.STA COFER 7.0.1, retrieved 2026-07-24)"
USD,share_pct,2011-Q4,62.5146439280514,2011-12-31,"IMF COFER (IMF.STA COFER 7.0.1, retrieved 2026-07-24)"
CHF,claims_usd_m,2012-Q1,35339.1892725818,2012-03-31,"IMF COFER (IMF.STA COFER 7.0.1, retrieved 2026-07-24)"
CHF,share_pct,2012-Q1,0.338050692637345,2012-03-31,"IMF COFER (IMF.STA COFER 7.0.1, retrieved 2026-07-24)"
EUR,claims_usd_m,2012-Q1,2273477.56644408,2012-03-31,"IMF COFER (IMF.STA COFER 7.0.1, retrieved 2026-07-24)"
EUR,share_pct,2012-Q1,21.7478295866898,2012-03-31,"IMF COFER (IMF.STA COFER 7.0.1, retrieved 2026-07-24)"
GBP,claims_usd_m,2012-Q1,494635.899818258,2012-03-31,"IMF COFER (IMF.STA COFER 7.0.1, retrieved 2026-07-24)"
GBP,share_pct,2012-Q1,4.73163114317936,2012-03-31,"IMF COFER (IMF.STA COFER 7.0.1, retrieved 2026-07-24)"
JPY,claims_usd_m,2012-Q1,444857.559157982,2012-03-31,"IMF COFER (IMF.STA COFER 7.0.1, retrieved 2026-07-24)"
JPY,share_pct,2012-Q1,4.25545715942588,2012-03-31,"IMF COFER (IMF.STA COFER 7.0.1, retrieved 2026-07-24)"
OTHER,claims_usd_m,2012-Q1,737452.928109955,2012-03-31,"IMF COFER (IMF.STA COFER 7.0.1, retrieved 2026-07-24)"
OTHER,share_pct,2012-Q1,7.05439140700454,2012-03-31,"IMF COFER (IMF.STA COFER 7.0.1, retrieved 2026-07-24)"
TOTAL,claims_usd_m,2012-Q1,10453813.5972681,2012-03-31,"IMF COFER (IMF.STA COFER 7.0.1, retrieved 2026-07-24)"
TOTAL,share_pct,2012-Q1,100.0,2012-03-31,"IMF COFER (IMF.STA COFER 7.0.1, retrieved 2026-07-24)"
USD,claims_usd_m,2012-Q1,6468050.45446527,2012-03-31,"IMF COFER (IMF.STA COFER 7.0.1, retrieved 2026-07-24)"
USD,share_pct,2012-Q1,61.8726400110631,2012-03-31,"IMF COFER (IMF.STA COFER 7.0.1, retrieved 2026-07-24)"
CHF,claims_usd_m,2012-Q2,32413.0414834962,2012-06-30,"IMF COFER (IMF.STA COFER 7.0.1, retrieved 2026-07-24)"
CHF,share_pct,2012-Q2,0.307287081449729,2012-06-30,"IMF COFER (IMF.STA COFER 7.0.1, retrieved 2026-07-24)"
EUR,claims_usd_m,2012-Q2,2304793.06316597,2012-06-30,"IMF COFER (IMF.STA COFER 7.0.1, retrieved 2026-07-24)"
EUR,share_pct,2012-Q2,21.8502522846078,2012-06-30,"IMF COFER (IMF.STA COFER 7.0.1, retrieved 2026-07-24)"
GBP,claims_usd_m,2012-Q2,487991.190584828,2012-06-30,"IMF COFER (IMF.STA COFER 7.0.1, retrieved 2026-07-24)"
GBP,share_pct,2012-Q2,4.62632884372613,2012-06-30,"IMF COFER (IMF.STA COFER 7.0.1, retrieved 2026-07-24)"
JPY,claims_usd_m,2012-Q2,442345.300662913,2012-06-30,"IMF COFER (IMF.STA COFER 7.0.1, retrieved 2026-07-24)"
JPY,share_pct,2012-Q2,4.19358968527898,2012-06-30,"IMF COFER (IMF.STA COFER 7.0.1, retrieved 2026-07-24)"
OTHER,claims_usd_m,2012-Q2,724894.86322423,2012-06-30,"IMF COFER (IMF.STA COFER 7.0.1, retrieved 2026-07-24)"
OTHER,share_pct,2012-Q2,6.87225933399346,2012-06-30,"IMF COFER (IMF.STA COFER 7.0.1, retrieved 2026-07-24)"
TOTAL,claims_usd_m,2012-Q2,10548130.2144486,2012-06-30,"IMF COFER (IMF.STA COFER 7.0.1, retrieved 2026-07-24)"
TOTAL,share_pct,2012-Q2,100.0,2012-06-30,"IMF COFER (IMF.STA COFER 7.0.1, retrieved 2026-07-24)"
USD,claims_usd_m,2012-Q2,6555692.75532718,2012-06-30,"IMF COFER (IMF.STA COFER 7.0.1, retrieved 2026-07-24)"
USD,share_pct,2012-Q2,62.1502827709439,2012-06-30,"IMF COFER (IMF.STA COFER 7.0.1, retrieved 2026-07-24)"
CHF,claims_usd_m,2012-Q3,37111.6406903958,2012-09-30,"IMF COFER (IMF.STA COFER 7.0.1, retrieved 2026-07-24)"
CHF,share_pct,2012-Q3,0.343405695064437,2012-09-30,"IMF COFER (IMF.STA COFER 7.0.1, retrieved 2026-07-24)"
EUR,claims_usd_m,2012-Q3,2307012.68515417,2012-09-30,"IMF COFER (IMF.STA COFER 7.0.1, retrieved 2026-07-24)"
EUR,share_pct,2012-Q3,21.3475146862172,2012-09-30,"IMF COFER (IMF.STA COFER 7.0.1, retrieved 2026-07-24)"
GBP,claims_usd_m,2012-Q3,518988.722535677,2012-09-30,"IMF COFER (IMF.STA COFER 7.0.1, retrieved 2026-07-24)"
GBP,share_pct,2012-Q3,4.80236604142083,2012-09-30,"IMF COFER (IMF.STA COFER 7.0.1, retrieved 2026-07-24)"
JPY,claims_usd_m,2012-Q3,484243.621916923,2012-09-30,"IMF COFER (IMF.STA COFER 7.0.1, retrieved 2026-07-24)"
JPY,share_pct,2012-Q3,4.48085868669063,2012-09-30,"IMF COFER (IMF.STA COFER 7.0.1, retrieved 2026-07-24)"
OTHER,claims_usd_m,2012-Q3,780355.858132441,2012-09-30,"IMF COFER (IMF.STA COFER 7.0.1, retrieved 2026-07-24)"
OTHER,share_pct,2012-Q3,7.22087843259721,2012-09-30,"IMF COFER (IMF.STA COFER 7.0.1, retrieved 2026-07-24)"
TOTAL,claims_usd_m,2012-Q3,10806938.0396945,2012-09-30,"IMF COFER (IMF.STA COFER 7.0.1, retrieved 2026-07-24)"
TOTAL,share_pct,2012-Q3,100.0,2012-09-30,"IMF COFER (IMF.STA COFER 7.0.1, retrieved 2026-07-24)"
USD,claims_usd_m,2012-Q3,6679225.51126486,2012-09-30,"IMF COFER (IMF.STA COFER 7.0.1, retrieved 2026-07-24)"
USD,share_pct,2012-Q3,61.8049764580097,2012-09-30,"IMF COFER (IMF.STA COFER 7.0.1, retrieved 2026-07-24)"
AUD,claims_usd_m,2012-Q4,183455.430059266,2012-12-31,"IMF COFER (IMF.STA COFER 7.0.1, retrieved 2026-07-24)"
AUD,share_pct,2012-Q4,1.67321946434594,2012-12-31,"IMF COFER (IMF.STA COFER 7.0.1, retrieved 2026-07-24)"
CAD,claims_usd_m,2012-Q4,229640.570244305,2012-12-31,"IMF COFER (IMF.STA COFER 7.0.1, retrieved 2026-07-24)"
CAD,share_pct,2012-Q4,2.09445461391979,2012-12-31,"IMF COFER (IMF.STA COFER 7.0.1, retrieved 2026-07-24)"
CHF,claims_usd_m,2012-Q4,32981.9939489728,2012-12-31,"IMF COFER (IMF.STA COFER 7.0.1, retrieved 2026-07-24)"
CHF,share_pct,2012-Q4,0.300814831321879,2012-12-31,"IMF COFER (IMF.STA COFER 7.0.1, retrieved 2026-07-24)"
EUR,claims_usd_m,2012-Q4,2351759.64792582,2012-12-31,"IMF COFER (IMF.STA COFER 7.0.1, retrieved 2026-07-24)"
EUR,share_pct,2012-Q4,21.449406087907,2012-12-31,"IMF COFER (IMF.STA COFER 7.0.1, retrieved 2026-07-24)"
GBP,claims_usd_m,2012-Q4,518126.806801108,2012-12-31,"IMF COFER (IMF.STA COFER 7.0.1, retrieved 2026-07-24)"
GBP,share_pct,2012-Q4,4.72561568692161,2012-12-31,"IMF COFER (IMF.STA COFER 7.0.1, retrieved 2026-07-24)"
JPY,claims_usd_m,2012-Q4,472856.54065085,2012-12-31,"IMF COFER (IMF.STA COFER 7.0.1, retrieved 2026-07-24)"
JPY,share_pct,2012-Q4,4.31272471686822,2012-12-31,"IMF COFER (IMF.STA COFER 7.0.1, retrieved 2026-07-24)"
OTHER,claims_usd_m,2012-Q4,394659.498886235,2012-12-31,"IMF COFER (IMF.STA COFER 7.0.1, retrieved 2026-07-24)"
OTHER,share_pct,2012-Q4,3.59952253859224,2012-12-31,"IMF COFER (IMF.STA COFER 7.0.1, retrieved 2026-07-24)"
TOTAL,claims_usd_m,2012-Q4,10964218.0221098,2012-12-31,"IMF COFER (IMF.STA COFER 7.0.1, retrieved 2026-07-24)"
TOTAL,share_pct,2012-Q4,100.0,2012-12-31,"IMF COFER (IMF.STA COFER 7.0.1, retrieved 2026-07-24)"
USD,claims_usd_m,2012-Q4,6780737.53359326,2012-12-31,"IMF COFER (IMF.STA COFER 7.0.1, retrieved 2026-07-24)"
USD,share_pct,2012-Q4,61.8442420601233,2012-12-31,"IMF COFER (IMF.STA COFER 7.0.1, retrieved 2026-07-24)"
AUD,claims_usd_m,2013-Q1,199792.746976156,2013-03-31,"IMF COFER (IMF.STA COFER 7.0.1, retrieved 2026-07-24)"
AUD,share_pct,2013-Q1,1.79937310974119,2013-03-31,"IMF COFER (IMF.STA COFER 7.0.1, retrieved 2026-07-24)"
CAD,claims_usd_m,2013-Q1,243970.267350813,2013-03-31,"IMF COFER (IMF.STA COFER 7.0.1, retrieved 2026-07-24)"
CAD,share_pct,2013-Q1,2.19724462119645,2013-03-31,"IMF COFER (IMF.STA COFER 7.0.1, retrieved 2026-07-24)"
CHF,claims_usd_m,2013-Q1,38345.8721536726,2013-03-31,"IMF COFER (IMF.STA COFER 7.0.1, retrieved 2026-07-24)"
CHF,share_pct,2013-Q1,0.345350530823456,2013-03-31,"IMF COFER (IMF.STA COFER 7.0.1, retrieved 2026-07-24)"
EUR,claims_usd_m,2013-Q1,2334010.31148032,2013-03-31,"IMF COFER (IMF.STA COFER 7.0.1, retrieved 2026-07-24)"
EUR,share_pct,2013-Q1,21.0205598346248,2013-03-31,"IMF COFER (IMF.STA COFER 7.0.1, retrieved 2026-07-24)"
GBP,claims_usd_m,2013-Q1,515044.641736371,2013-03-31,"IMF COFER (IMF.STA COFER 7.0.1, retrieved 2026-07-24)"
GBP,share_pct,2013-Q1,4.63859420666213,2013-03-31,"IMF COFER (IMF.STA COFER 7.0.1, retrieved 2026-07-24)"
JPY,claims_usd_m,2013-Q1,469360.054005396,2013-03-31,"IMF COFER (IMF.STA COFER 7.0.1, retrieved 2026-07-24)"
JPY,share_pct,2013-Q1,4.22714974765712,2013-03-31,"IMF COFER (IMF.STA COFER 7.0.1, retrieved 2026-07-24)"
OTHER,claims_usd_m,2013-Q1,409977.114106,2013-03-31,"IMF COFER (IMF.STA COFER 7.0.1, retrieved 2026-07-24)"
OTHER,share_pct,2013-Q1,3.69233521184666,2013-03-31,"IMF COFER (IMF.STA COFER 7.0.1, retrieved 2026-07-24)"
TOTAL,claims_usd_m,2013-Q1,11103464.0839383,2013-03-31,"IMF COFER (IMF.STA COFER 7.0.1, retrieved 2026-07-24)"
TOTAL,share_pct,2013-Q1,100.0,2013-03-31,"IMF COFER (IMF.STA COFER 7.0.1, retrieved 2026-07-24)"
USD,claims_usd_m,2013-Q1,6892963.07612954,2013-03-31,"IMF COFER (IMF.STA COFER 7.0.1, retrieved 2026-07-24)"
USD,share_pct,2013-Q1,62.0793927374482,2013-03-31,"IMF COFER (IMF.STA COFER 7.0.1, retrieved 2026-07-24)"
AUD,claims_usd_m,2013-Q2,201299.827816383,2013-06-30,"IMF COFER (IMF.STA COFER 7.0.1, retrieved 2026-07-24)"
AUD,share_pct,2013-Q2,1.80530204099438,2013-06-30,"IMF COFER (IMF.STA COFER 7.0.1, retrieved 2026-07-24)"
CAD,claims_usd_m,2013-Q2,258107.29077172,2013-06-30,"IMF COFER (IMF.STA COFER 7.0.1, retrieved 2026-07-24)"
CAD,share_pct,2013-Q2,2.31476412016977,2013-06-30,"IMF COFER (IMF.STA COFER 7.0.1, retrieved 2026-07-24)"
CHF,claims_usd_m,2013-Q2,38240.1808583523,2013-06-30,"IMF COFER (IMF.STA COFER 7.0.1, retrieved 2026-07-24)"
CHF,share_pct,2013-Q2,0.342946525590416,2013-06-30,"IMF COFER (IMF.STA COFER 7.0.1, retrieved 2026-07-24)"
EUR,claims_usd_m,2013-Q2,2357139.91506431,2013-06-30,"IMF COFER (IMF.STA COFER 7.0.1, retrieved 2026-07-24)"
EUR,share_pct,2013-Q2,21.1393598580545,2013-06-30,"IMF COFER (IMF.STA COFER 7.0.1, retrieved 2026-07-24)"
GBP,claims_usd_m,2013-Q2,514108.845539109,2013-06-30,"IMF COFER (IMF.STA COFER 7.0.1, retrieved 2026-07-24)"
GBP,share_pct,2013-Q2,4.61064352718478,2013-06-30,"IMF COFER (IMF.STA COFER 7.0.1, retrieved 2026-07-24)"
JPY,claims_usd_m,2013-Q2,478216.682915212,2013-06-30,"IMF COFER (IMF.STA COFER 7.0.1, retrieved 2026-07-24)"
JPY,share_pct,2013-Q2,4.28875455617321,2013-06-30,"IMF COFER (IMF.STA COFER 7.0.1, retrieved 2026-07-24)"
OTHER,claims_usd_m,2013-Q2,385883.388837816,2013-06-30,"IMF COFER (IMF.STA COFER 7.0.1, retrieved 2026-07-24)"
OTHER,share_pct,2013-Q2,3.460688849124,2013-06-30,"IMF COFER (IMF.STA COFER 7.0.1, retrieved 2026-07-24)"
TOTAL,claims_usd_m,2013-Q2,11150479.1577981,2013-06-30,"IMF COFER (IMF.STA COFER 7.0.1, retrieved 2026-07-24)"
TOTAL,share_pct,2013-Q2,100.0,2013-06-30,"IMF COFER (IMF.STA COFER 7.0.1, retrieved 2026-07-24)"
USD,claims_usd_m,2013-Q2,6917483.02599525,2013-06-30,"IMF COFER (IMF.STA COFER 7.0.1, retrieved 2026-07-24)"
USD,share_pct,2013-Q2,62.037540522709,2013-06-30,"IMF COFER (IMF.STA COFER 7.0.1, retrieved 2026-07-24)"
AUD,claims_usd_m,2013-Q3,206599.098771145,2013-09-30,"IMF COFER (IMF.STA COFER 7.0.1, retrieved 2026-07-24)"
AUD,share_pct,2013-Q3,1.80283604241885,2013-09-30,"IMF COFER (IMF.STA COFER 7.0.1, retrieved 2026-07-24)"
CAD,claims_usd_m,2013-Q3,265685.685910559,2013-09-30,"IMF COFER (IMF.STA COFER 7.0.1, retrieved 2026-07-24)"
CAD,share_pct,2013-Q3,2.31844056127716,2013-09-30,"IMF COFER (IMF.STA COFER 7.0.1, retrieved 2026-07-24)"
CHF,claims_usd_m,2013-Q3,39933.4620208985,2013-09-30,"IMF COFER (IMF.STA COFER 7.0.1, retrieved 2026-07-24)"
CHF,share_pct,2013-Q3,0.348469499906138,2013-09-30,"IMF COFER (IMF.STA COFER 7.0.1, retrieved 2026-07-24)"
EUR,claims_usd_m,2013-Q3,2442357.35915244,2013-09-30,"IMF COFER (IMF.STA COFER 7.0.1, retrieved 2026-07-24)"
EUR,share_pct,2013-Q3,21.3126286694233,2013-09-30,"IMF COFER (IMF.STA COFER 7.0.1, retrieved 2026-07-24)"
GBP,claims_usd_m,2013-Q3,538571.006637648,2013-09-30,"IMF COFER (IMF.STA COFER 7.0.1, retrieved 2026-07-24)"
GBP,share_pct,2013-Q3,4.6997069587593,2013-09-30,"IMF COFER (IMF.STA COFER 7.0.1, retrieved 2026-07-24)"
JPY,claims_usd_m,2013-Q3,489624.407668942,2013-09-30,"IMF COFER (IMF.STA COFER 7.0.1, retrieved 2026-07-24)"
JPY,share_pct,2013-Q3,4.27258654391009,2013-09-30,"IMF COFER (IMF.STA COFER 7.0.1, retrieved 2026-07-24)"
OTHER,claims_usd_m,2013-Q3,401454.643273712,2013-09-30,"IMF COFER (IMF.STA COFER 7.0.1, retrieved 2026-07-24)"
OTHER,share_pct,2013-Q3,3.5031948570694,2013-09-30,"IMF COFER (IMF.STA COFER 7.0.1, retrieved 2026-07-24)"
TOTAL,claims_usd_m,2013-Q3,11459672.0894238,2013-09-30,"IMF COFER (IMF.STA COFER 7.0.1, retrieved 2026-07-24)"
TOTAL,share_pct,2013-Q3,100.0,2013-09-30,"IMF COFER (IMF.STA COFER 7.0.1, retrieved 2026-07-24)"
USD,claims_usd_m,2013-Q3,7075446.42598846,2013-09-30,"IMF COFER (IMF.STA COFER 7.0.1, retrieved 2026-07-24)"
USD,share_pct,2013-Q3,61.7421368672357,2013-09-30,"IMF COFER (IMF.STA COFER 7.0.1, retrieved 2026-07-24)"
AUD,claims_usd_m,2013-Q4,222532.504665598,2013-12-31,"IMF COFER (IMF.STA COFER 7.0.1, retrieved 2026-07-24)"
AUD,share_pct,2013-Q4,1.90163878804648,2013-12-31,"IMF COFER (IMF.STA COFER 7.0.1, retrieved 2026-07-24)"
CAD,claims_usd_m,2013-Q4,273662.062798854,2013-12-31,"IMF COFER (IMF.STA COFER 7.0.1, retrieved 2026-07-24)"
CAD,share_pct,2013-Q4,2.33856350206966,2013-12-31,"IMF COFER (IMF.STA COFER 7.0.1, retrieved 2026-07-24)"
CHF,claims_usd_m,2013-Q4,39388.0993428831,2013-12-31,"IMF COFER (IMF.STA COFER 7.0.1, retrieved 2026-07-24)"
CHF,share_pct,2013-Q4,0.336588749631927,2013-12-31,"IMF COFER (IMF.STA COFER 7.0.1, retrieved 2026-07-24)"
EUR,claims_usd_m,2013-Q4,2512914.9698365,2013-12-31,"IMF COFER (IMF.STA COFER 7.0.1, retrieved 2026-07-24)"
EUR,share_pct,2013-Q4,21.4739711166451,2013-12-31,"IMF COFER (IMF.STA COFER 7.0.1, retrieved 2026-07-24)"
GBP,claims_usd_m,2013-Q4,559464.079313448,2013-12-31,"IMF COFER (IMF.STA COFER 7.0.1, retrieved 2026-07-24)"
GBP,share_pct,2013-Q4,4.78086828411831,2013-12-31,"IMF COFER (IMF.STA COFER 7.0.1, retrieved 2026-07-24)"
JPY,claims_usd_m,2013-Q4,478517.933999932,2013-12-31,"IMF COFER (IMF.STA COFER 7.0.1, retrieved 2026-07-24)"
JPY,share_pct,2013-Q4,4.08914763008468,2013-12-31,"IMF COFER (IMF.STA COFER 7.0.1, retrieved 2026-07-24)"
OTHER,claims_usd_m,2013-Q4,393524.413867156,2013-12-31,"IMF COFER (IMF.STA COFER 7.0.1, retrieved 2026-07-24)"
OTHER,share_pct,2013-Q4,3.36284036607408,2013-12-31,"IMF COFER (IMF.STA COFER 7.0.1, retrieved 2026-07-24)"
TOTAL,claims_usd_m,2013-Q4,11702143.7543458,2013-12-31,"IMF COFER (IMF.STA COFER 7.0.1, retrieved 2026-07-24)"
TOTAL,share_pct,2013-Q4,100.0,2013-12-31,"IMF COFER (IMF.STA COFER 7.0.1, retrieved 2026-07-24)"
USD,claims_usd_m,2013-Q4,7222139.69052139,2013-12-31,"IMF COFER (IMF.STA COFER 7.0.1, retrieved 2026-07-24)"
USD,share_pct,2013-Q4,61.7163815633297,2013-12-31,"IMF COFER (IMF.STA COFER 7.0.1, retrieved 2026-07-24)"
AUD,claims_usd_m,2014-Q1,223447.93736148,2014-03-31,"IMF COFER (IMF.STA COFER 7.0.1, retrieved 2026-07-24)"
AUD,share_pct,2014-Q1,1.88516901194059,2014-03-31,"IMF COFER (IMF.STA COFER 7.0.1, retrieved 2026-07-24)"
CAD,claims_usd_m,2014-Q1,272316.180641683,2014-03-31,"IMF COFER (IMF.STA COFER 7.0.1, retrieved 2026-07-24)"
CAD,share_pct,2014-Q1,2.29745698822554,2014-03-31,"IMF COFER (IMF.STA COFER 7.0.1, retrieved 2026-07-24)"
CHF,claims_usd_m,2014-Q1,40242.4630009948,2014-03-31,"IMF COFER (IMF.STA COFER 7.0.1, retrieved 2026-07-24)"
CHF,share_pct,2014-Q1,0.339514631951662,2014-03-31,"IMF COFER (IMF.STA COFER 7.0.1, retrieved 2026-07-24)"
EUR,claims_usd_m,2014-Q1,2581034.21283439,2014-03-31,"IMF COFER (IMF.STA COFER 7.0.1, retrieved 2026-07-24)"
EUR,share_pct,2014-Q1,21.7754783250581,2014-03-31,"IMF COFER (IMF.STA COFER 7.0.1, retrieved 2026-07-24)"
GBP,claims_usd_m,2014-Q1,559491.545356812,2014-03-31,"IMF COFER (IMF.STA COFER 7.0.1, retrieved 2026-07-24)"
GBP,share_pct,2014-Q1,4.72027684034123,2014-03-31,"IMF COFER (IMF.STA COFER 7.0.1, retrieved 2026-07-24)"
JPY,claims_usd_m,2014-Q1,495184.610441439,2014-03-31,"IMF COFER (IMF.STA COFER 7.0.1, retrieved 2026-07-24)"
JPY,share_pct,2014-Q1,4.17773685368105,2014-03-31,"IMF COFER (IMF.STA COFER 7.0.1, retrieved 2026-07-24)"
OTHER,claims_usd_m,2014-Q1,413340.280897193,2014-03-31,"IMF COFER (IMF.STA COFER 7.0.1, retrieved 2026-07-24)"
OTHER,share_pct,2014-Q1,3.48723867463426,2014-03-31,"IMF COFER (IMF.STA COFER 7.0.1, retrieved 2026-07-24)"
TOTAL,claims_usd_m,2014-Q1,11852939.2296484,2014-03-31,"IMF COFER (IMF.STA COFER 7.0.1, retrieved 2026-07-24)"
TOTAL,share_pct,2014-Q1,100.0,2014-03-31,"IMF COFER (IMF.STA COFER 7.0.1, retrieved 2026-07-24)"
USD,claims_usd_m,2014-Q1,7267881.99911438,2014-03-31,"IMF COFER (IMF.STA COFER 7.0.1, retrieved 2026-07-24)"
USD,share_pct,2014-Q1,61.3171286741676,2014-03-31,"IMF COFER (IMF.STA COFER 7.0.1, retrieved 2026-07-24)"
AUD,claims_usd_m,2014-Q2,228686.195536679,2014-06-30,"IMF COFER (IMF.STA COFER 7.0.1, retrieved 2026-07-24)"
AUD,share_pct,2014-Q2,1.90496036246258,2014-06-30,"IMF COFER (IMF.STA COFER 7.0.1, retrieved 2026-07-24)"
CAD,claims_usd_m,2014-Q2,283836.151883837,2014-06-30,"IMF COFER (IMF.STA COFER 7.0.1, retrieved 2026-07-24)"
CAD,share_pct,2014-Q2,2.3643605487586,2014-06-30,"IMF COFER (IMF.STA COFER 7.0.1, retrieved 2026-07-24)"
CHF,claims_usd_m,2014-Q2,41171.9780919608,2014-06-30,"IMF COFER (IMF.STA COFER 7.0.1, retrieved 2026-07-24)"
CHF,share_pct,2014-Q2,0.342963361322714,2014-06-30,"IMF COFER (IMF.STA COFER 7.0.1, retrieved 2026-07-24)"
EUR,claims_usd_m,2014-Q2,2591985.00210929,2014-06-30,"IMF COFER (IMF.STA COFER 7.0.1, retrieved 2026-07-24)"
EUR,share_pct,2014-Q2,21.591284412809,2014-06-30,"IMF COFER (IMF.STA COFER 7.0.1, retrieved 2026-07-24)"
GBP,claims_usd_m,2014-Q2,566540.326673266,2014-06-30,"IMF COFER (IMF.STA COFER 7.0.1, retrieved 2026-07-24)"
GBP,share_pct,2014-Q2,4.71929170677062,2014-06-30,"IMF COFER (IMF.STA COFER 7.0.1, retrieved 2026-07-24)"
JPY,claims_usd_m,2014-Q2,505319.211389898,2014-06-30,"IMF COFER (IMF.STA COFER 7.0.1, retrieved 2026-07-24)"
JPY,share_pct,2014-Q2,4.20931865095553,2014-06-30,"IMF COFER (IMF.STA COFER 7.0.1, retrieved 2026-07-24)"
OTHER,claims_usd_m,2014-Q2,422875.929342116,2014-06-30,"IMF COFER (IMF.STA COFER 7.0.1, retrieved 2026-07-24)"
OTHER,share_pct,2014-Q2,3.52256454197321,2014-06-30,"IMF COFER (IMF.STA COFER 7.0.1, retrieved 2026-07-24)"
TOTAL,claims_usd_m,2014-Q2,12004774.4847064,2014-06-30,"IMF COFER (IMF.STA COFER 7.0.1, retrieved 2026-07-24)"
TOTAL,share_pct,2014-Q2,100.0,2014-06-30,"IMF COFER (IMF.STA COFER 7.0.1, retrieved 2026-07-24)"
USD,claims_usd_m,2014-Q2,7364359.68967938,2014-06-30,"IMF COFER (IMF.STA COFER 7.0.1, retrieved 2026-07-24)"
USD,share_pct,2014-Q2,61.3452564149478,2014-06-30,"IMF COFER (IMF.STA COFER 7.0.1, retrieved 2026-07-24)"
AUD,claims_usd_m,2014-Q3,219055.590898066,2014-09-30,"IMF COFER (IMF.STA COFER 7.0.1, retrieved 2026-07-24)"
AUD,share_pct,2014-Q3,1.86118618725394,2014-09-30,"IMF COFER (IMF.STA COFER 7.0.1, retrieved 2026-07-24)"
CAD,claims_usd_m,2014-Q3,272658.648133618,2014-09-30,"IMF COFER (IMF.STA COFER 7.0.1, retrieved 2026-07-24)"
CAD,share_pct,2014-Q3,2.31661975693542,2014-09-30,"IMF COFER (IMF.STA COFER 7.0.1, retrieved 2026-07-24)"
CHF,claims_usd_m,2014-Q3,39132.6633592161,2014-09-30,"IMF COFER (IMF.STA COFER 7.0.1, retrieved 2026-07-24)"
CHF,share_pct,2014-Q3,0.332487165545678,2014-09-30,"IMF COFER (IMF.STA COFER 7.0.1, retrieved 2026-07-24)"
EUR,claims_usd_m,2014-Q3,2436134.32154863,2014-09-30,"IMF COFER (IMF.STA COFER 7.0.1, retrieved 2026-07-24)"
EUR,share_pct,2014-Q3,20.6983968360408,2014-09-30,"IMF COFER (IMF.STA COFER 7.0.1, retrieved 2026-07-24)"
GBP,claims_usd_m,2014-Q3,551678.410478751,2014-09-30,"IMF COFER (IMF.STA COFER 7.0.1, retrieved 2026-07-24)"
GBP,share_pct,2014-Q3,4.68728615042315,2014-09-30,"IMF COFER (IMF.STA COFER 7.0.1, retrieved 2026-07-24)"
JPY,claims_usd_m,2014-Q3,484375.72315877,2014-09-30,"IMF COFER (IMF.STA COFER 7.0.1, retrieved 2026-07-24)"
JPY,share_pct,2014-Q3,4.11545490205611,2014-09-30,"IMF COFER (IMF.STA COFER 7.0.1, retrieved 2026-07-24)"
OTHER,claims_usd_m,2014-Q3,424043.149389042,2014-09-30,"IMF COFER (IMF.STA COFER 7.0.1, retrieved 2026-07-24)"
OTHER,share_pct,2014-Q3,3.60284459851928,2014-09-30,"IMF COFER (IMF.STA COFER 7.0.1, retrieved 2026-07-24)"
TOTAL,claims_usd_m,2014-Q3,11769676.3708132,2014-09-30,"IMF COFER (IMF.STA COFER 7.0.1, retrieved 2026-07-24)"
TOTAL,share_pct,2014-Q3,100.0,2014-09-30,"IMF COFER (IMF.STA COFER 7.0.1, retrieved 2026-07-24)"
USD,claims_usd_m,2014-Q3,7342597.86384708,2014-09-30,"IMF COFER (IMF.STA COFER 7.0.1, retrieved 2026-07-24)"
USD,share_pct,2014-Q3,62.3857244032257,2014-09-30,"IMF COFER (IMF.STA COFER 7.0.1, retrieved 2026-07-24)"
AUD,claims_usd_m,2014-Q4,209072.04556777,2014-12-31,"IMF COFER (IMF.STA COFER 7.0.1, retrieved 2026-07-24)"
AUD,share_pct,2014-Q4,1.80218154275658,2014-12-31,"IMF COFER (IMF.STA COFER 7.0.1, retrieved 2026-07-24)"
CAD,claims_usd_m,2014-Q4,266527.747751984,2014-12-31,"IMF COFER (IMF.STA COFER 7.0.1, retrieved 2026-07-24)"
CAD,share_pct,2014-Q4,2.29744433947009,2014-12-31,"IMF COFER (IMF.STA COFER 7.0.1, retrieved 2026-07-24)"
CHF,claims_usd_m,2014-Q4,35631.2183895957,2014-12-31,"IMF COFER (IMF.STA COFER 7.0.1, retrieved 2026-07-24)"
CHF,share_pct,2014-Q4,0.307137780917934,2014-12-31,"IMF COFER (IMF.STA COFER 7.0.1, retrieved 2026-07-24)"
EUR,claims_usd_m,2014-Q4,2373228.25707091,2014-12-31,"IMF COFER (IMF.STA COFER 7.0.1, retrieved 2026-07-24)"
EUR,share_pct,2014-Q4,20.4570063397365,2014-12-31,"IMF COFER (IMF.STA COFER 7.0.1, retrieved 2026-07-24)"
GBP,claims_usd_m,2014-Q4,546977.427257818,2014-12-31,"IMF COFER (IMF.STA COFER 7.0.1, retrieved 2026-07-24)"
GBP,share_pct,2014-Q4,4.71489443283316,2014-12-31,"IMF COFER (IMF.STA COFER 7.0.1, retrieved 2026-07-24)"
JPY,claims_usd_m,2014-Q4,473494.888566105,2014-12-31,"IMF COFER (IMF.STA COFER 7.0.1, retrieved 2026-07-24)"
JPY,share_pct,2014-Q4,4.08148179947288,2014-12-31,"IMF COFER (IMF.STA COFER 7.0.1, retrieved 2026-07-24)"
OTHER,claims_usd_m,2014-Q4,424365.031776367,2014-12-31,"IMF COFER (IMF.STA COFER 7.0.1, retrieved 2026-07-24)"
OTHER,share_pct,2014-Q4,3.65798701391084,2014-12-31,"IMF COFER (IMF.STA COFER 7.0.1, retrieved 2026-07-24)"
TOTAL,claims_usd_m,2014-Q4,11601053.5347054,2014-12-31,"IMF COFER (IMF.STA COFER 7.0.1, retrieved 2026-07-24)"
TOTAL,share_pct,2014-Q4,100.0,2014-12-31,"IMF COFER (IMF.STA COFER 7.0.1, retrieved 2026-07-24)"
USD,claims_usd_m,2014-Q4,7271756.91832483,2014-12-31,"IMF COFER (IMF.STA COFER 7.0.1, retrieved 2026-07-24)"
USD,share_pct,2014-Q4,62.681866750902,2014-12-31,"IMF COFER (IMF.STA COFER 7.0.1, retrieved 2026-07-24)"
AUD,claims_usd_m,2015-Q1,197948.974263723,2015-03-31,"IMF COFER (IMF.STA COFER 7.0.1, retrieved 2026-07-24)"
AUD,share_pct,2015-Q1,1.73051500648751,2015-03-31,"IMF COFER (IMF.STA COFER 7.0.1, retrieved 2026-07-24)"
CAD,claims_usd_m,2015-Q1,259819.731119445,2015-03-31,"IMF COFER (IMF.STA COFER 7.0.1, retrieved 2026-07-24)"
CAD,share_pct,2015-Q1,2.27140325104553,2015-03-31,"IMF COFER (IMF.STA COFER 7.0.1, retrieved 2026-07-24)"
CHF,claims_usd_m,2015-Q1,36059.8669723628,2015-03-31,"IMF COFER (IMF.STA COFER 7.0.1, retrieved 2026-07-24)"
CHF,share_pct,2015-Q1,0.315243567993841,2015-03-31,"IMF COFER (IMF.STA COFER 7.0.1, retrieved 2026-07-24)"
EUR,claims_usd_m,2015-Q1,2254273.3820119,2015-03-31,"IMF COFER (IMF.STA COFER 7.0.1, retrieved 2026-07-24)"
EUR,share_pct,2015-Q1,19.707371209207,2015-03-31,"IMF COFER (IMF.STA COFER 7.0.1, retrieved 2026-07-24)"
GBP,claims_usd_m,2015-Q1,544562.382252191,2015-03-31,"IMF COFER (IMF.STA COFER 7.0.1, retrieved 2026-07-24)"
GBP,share_pct,2015-Q1,4.76068834385825,2015-03-31,"IMF COFER (IMF.STA COFER 7.0.1, retrieved 2026-07-24)"
JPY,claims_usd_m,2015-Q1,474402.284952087,2015-03-31,"IMF COFER (IMF.STA COFER 7.0.1, retrieved 2026-07-24)"
JPY,share_pct,2015-Q1,4.14733279763199,2015-03-31,"IMF COFER (IMF.STA COFER 7.0.1, retrieved 2026-07-24)"
OTHER,claims_usd_m,2015-Q1,402418.737876285,2015-03-31,"IMF COFER (IMF.STA COFER 7.0.1, retrieved 2026-07-24)"
OTHER,share_pct,2015-Q1,3.51803623826253,2015-03-31,"IMF COFER (IMF.STA COFER 7.0.1, retrieved 2026-07-24)"
TOTAL,claims_usd_m,2015-Q1,11438732.0261098,2015-03-31,"IMF COFER (IMF.STA COFER 7.0.1, retrieved 2026-07-24)"
TOTAL,share_pct,2015-Q1,100.0,2015-03-31,"IMF COFER (IMF.STA COFER 7.0.1, retrieved 2026-07-24)"
USD,claims_usd_m,2015-Q1,7269246.66666183,2015-03-31,"IMF COFER (IMF.STA COFER 7.0.1, retrieved 2026-07-24)"
USD,share_pct,2015-Q1,63.5494095855134,2015-03-31,"IMF COFER (IMF.STA COFER 7.0.1, retrieved 2026-07-24)"
AUD,claims_usd_m,2015-Q2,206454.34376,2015-06-30,"IMF COFER (IMF.STA COFER 7.0.1, retrieved 2026-07-24)"
AUD,share_pct,2015-Q2,1.8015736,2015-06-30,"IMF COFER (IMF.STA COFER 7.0.1, retrieved 2026-07-24)"
CAD,claims_usd_m,2015-Q2,256865.07763,2015-06-30,"IMF COFER (IMF.STA COFER 7.0.1, retrieved 2026-07-24)"
CAD,share_pct,2015-Q2,2.2414706,2015-06-30,"IMF COFER (IMF.STA COFER 7.0.1, retrieved 2026-07-24)"
CHF,claims_usd_m,2015-Q2,37685.90823,2015-06-30,"IMF COFER (IMF.STA COFER 7.0.1, retrieved 2026-07-24)"
CHF,share_pct,2015-Q2,0.3288569,2015-06-30,"IMF COFER (IMF.STA COFER 7.0.1, retrieved 2026-07-24)"
EUR,claims_usd_m,2015-Q2,2261523.06662,2015-06-30,"IMF COFER (IMF.STA COFER 7.0.1, retrieved 2026-07-24)"
EUR,share_pct,2015-Q2,19.7346303,2015-06-30,"IMF COFER (IMF.STA COFER 7.0.1, retrieved 2026-07-24)"
GBP,claims_usd_m,2015-Q2,587155.23714,2015-06-30,"IMF COFER (IMF.STA COFER 7.0.1, retrieved 2026-07-24)"
GBP,share_pct,2015-Q2,5.1236672,2015-06-30,"IMF COFER (IMF.STA COFER 7.0.1, retrieved 2026-07-24)"
JPY,claims_usd_m,2015-Q2,441206.99836,2015-06-30,"IMF COFER (IMF.STA COFER 7.0.1, retrieved 2026-07-24)"
JPY,share_pct,2015-Q2,3.8500854,2015-06-30,"IMF COFER (IMF.STA COFER 7.0.1, retrieved 2026-07-24)"
OTHER,claims_usd_m,2015-Q2,395093.43454,2015-06-30,"IMF COFER (IMF.STA COFER 7.0.1, retrieved 2026-07-24)"
OTHER,share_pct,2015-Q2,3.4476866,2015-06-30,"IMF COFER (IMF.STA COFER 7.0.1, retrieved 2026-07-24)"
TOTAL,claims_usd_m,2015-Q2,11459667.74152,2015-06-30,"IMF COFER (IMF.STA COFER 7.0.1, retrieved 2026-07-24)"
TOTAL,share_pct,2015-Q2,100.0,2015-06-30,"IMF COFER (IMF.STA COFER 7.0.1, retrieved 2026-07-24)"
USD,claims_usd_m,2015-Q2,7273683.67524,2015-06-30,"IMF COFER (IMF.STA COFER 7.0.1, retrieved 2026-07-24)"
USD,share_pct,2015-Q2,63.4720294,2015-06-30,"IMF COFER (IMF.STA COFER 7.0.1, retrieved 2026-07-24)"
AUD,claims_usd_m,2015-Q3,182136.69619,2015-09-30,"IMF COFER (IMF.STA COFER 7.0.1, retrieved 2026-07-24)"
AUD,share_pct,2015-Q3,1.6287052,2015-09-30,"IMF COFER (IMF.STA COFER 7.0.1, retrieved 2026-07-24)"
CAD,claims_usd_m,2015-Q3,233199.63306,2015-09-30,"IMF COFER (IMF.STA COFER 7.0.1, retrieved 2026-07-24)"
CAD,share_pct,2015-Q3,2.0853209,2015-09-30,"IMF COFER (IMF.STA COFER 7.0.1, retrieved 2026-07-24)"
CHF,claims_usd_m,2015-Q3,31612.47151,2015-09-30,"IMF COFER (IMF.STA COFER 7.0.1, retrieved 2026-07-24)"
CHF,share_pct,2015-Q3,0.2826855,2015-09-30,"IMF COFER (IMF.STA COFER 7.0.1, retrieved 2026-07-24)"
EUR,claims_usd_m,2015-Q3,2188787.39988,2015-09-30,"IMF COFER (IMF.STA COFER 7.0.1, retrieved 2026-07-24)"
EUR,share_pct,2015-Q3,19.5726043,2015-09-30,"IMF COFER (IMF.STA COFER 7.0.1, retrieved 2026-07-24)"
GBP,claims_usd_m,2015-Q3,564871.58616,2015-09-30,"IMF COFER (IMF.STA COFER 7.0.1, retrieved 2026-07-24)"
GBP,share_pct,2015-Q3,5.0512023,2015-09-30,"IMF COFER (IMF.STA COFER 7.0.1, retrieved 2026-07-24)"
JPY,claims_usd_m,2015-Q3,422878.83015,2015-09-30,"IMF COFER (IMF.STA COFER 7.0.1, retrieved 2026-07-24)"
JPY,share_pct,2015-Q3,3.7814728,2015-09-30,"IMF COFER (IMF.STA COFER 7.0.1, retrieved 2026-07-24)"
OTHER,claims_usd_m,2015-Q3,375849.37989,2015-09-30,"IMF COFER (IMF.STA COFER 7.0.1, retrieved 2026-07-24)"
OTHER,share_pct,2015-Q3,3.3609254,2015-09-30,"IMF COFER (IMF.STA COFER 7.0.1, retrieved 2026-07-24)"
TOTAL,claims_usd_m,2015-Q3,11182913.47787,2015-09-30,"IMF COFER (IMF.STA COFER 7.0.1, retrieved 2026-07-24)"
TOTAL,share_pct,2015-Q3,100.0,2015-09-30,"IMF COFER (IMF.STA COFER 7.0.1, retrieved 2026-07-24)"
USD,claims_usd_m,2015-Q3,7183577.48103,2015-09-30,"IMF COFER (IMF.STA COFER 7.0.1, retrieved 2026-07-24)"
USD,share_pct,2015-Q3,64.2370836,2015-09-30,"IMF COFER (IMF.STA COFER 7.0.1, retrieved 2026-07-24)"
AUD,claims_usd_m,2015-Q4,199865.4661,2015-12-31,"IMF COFER (IMF.STA COFER 7.0.1, retrieved 2026-07-24)"
AUD,share_pct,2015-Q4,1.829566,2015-12-31,"IMF COFER (IMF.STA COFER 7.0.1, retrieved 2026-07-24)"
CAD,claims_usd_m,2015-Q4,227773.97894,2015-12-31,"IMF COFER (IMF.STA COFER 7.0.1, retrieved 2026-07-24)"
CAD,share_pct,2015-Q4,2.0850402,2015-12-31,"IMF COFER (IMF.STA COFER 7.0.1, retrieved 2026-07-24)"
CHF,claims_usd_m,2015-Q4,30876.95985,2015-12-31,"IMF COFER (IMF.STA COFER 7.0.1, retrieved 2026-07-24)"
CHF,share_pct,2015-Q4,0.2826473,2015-12-31,"IMF COFER (IMF.STA COFER 7.0.1, retrieved 2026-07-24)"
EUR,claims_usd_m,2015-Q4,2119355.47612,2015-12-31,"IMF COFER (IMF.STA COFER 7.0.1, retrieved 2026-07-24)"
EUR,share_pct,2015-Q4,19.4005537,2015-12-31,"IMF COFER (IMF.STA COFER 7.0.1, retrieved 2026-07-24)"
GBP,claims_usd_m,2015-Q4,565213.93302,2015-12-31,"IMF COFER (IMF.STA COFER 7.0.1, retrieved 2026-07-24)"
GBP,share_pct,2015-Q4,5.1739613,2015-12-31,"IMF COFER (IMF.STA COFER 7.0.1, retrieved 2026-07-24)"
JPY,claims_usd_m,2015-Q4,426029.66413,2015-12-31,"IMF COFER (IMF.STA COFER 7.0.1, retrieved 2026-07-24)"
JPY,share_pct,2015-Q4,3.8998703,2015-12-31,"IMF COFER (IMF.STA COFER 7.0.1, retrieved 2026-07-24)"
OTHER,claims_usd_m,2015-Q4,346769.54817,2015-12-31,"IMF COFER (IMF.STA COFER 7.0.1, retrieved 2026-07-24)"
OTHER,share_pct,2015-Q4,3.1743241,2015-12-31,"IMF COFER (IMF.STA COFER 7.0.1, retrieved 2026-07-24)"
TOTAL,claims_usd_m,2015-Q4,10924200.94614,2015-12-31,"IMF COFER (IMF.STA COFER 7.0.1, retrieved 2026-07-24)"
TOTAL,share_pct,2015-Q4,100.0,2015-12-31,"IMF COFER (IMF.STA COFER 7.0.1, retrieved 2026-07-24)"
USD,claims_usd_m,2015-Q4,7008315.91981,2015-12-31,"IMF COFER (IMF.STA COFER 7.0.1, retrieved 2026-07-24)"
USD,share_pct,2015-Q4,64.154037,2015-12-31,"IMF COFER (IMF.STA COFER 7.0.1, retrieved 2026-07-24)"
AUD,claims_usd_m,2016-Q1,205681.61835,2016-03-31,"IMF COFER (IMF.STA COFER 7.0.1, retrieved 2026-07-24)"
AUD,share_pct,2016-Q1,1.8827546,2016-03-31,"IMF COFER (IMF.STA COFER 7.0.1, retrieved 2026-07-24)"
CAD,claims_usd_m,2016-Q1,225925.0264,2016-03-31,"IMF COFER (IMF.STA COFER 7.0.1, retrieved 2026-07-24)"
CAD,share_pct,2016-Q1,2.0680573,2016-03-31,"IMF COFER (IMF.STA COFER 7.0.1, retrieved 2026-07-24)"
CHF,claims_usd_m,2016-Q1,23951.84761,2016-03-31,"IMF COFER (IMF.STA COFER 7.0.1, retrieved 2026-07-24)"
CHF,share_pct,2016-Q1,0.2192488,2016-03-31,"IMF COFER (IMF.STA COFER 7.0.1, retrieved 2026-07-24)"
EUR,claims_usd_m,2016-Q1,2160632.29947,2016-03-31,"IMF COFER (IMF.STA COFER 7.0.1, retrieved 2026-07-24)"
EUR,share_pct,2016-Q1,19.7778506,2016-03-31,"IMF COFER (IMF.STA COFER 7.0.1, retrieved 2026-07-24)"
GBP,claims_usd_m,2016-Q1,547742.60988,2016-03-31,"IMF COFER (IMF.STA COFER 7.0.1, retrieved 2026-07-24)"
GBP,share_pct,2016-Q1,5.0138895,2016-03-31,"IMF COFER (IMF.STA COFER 7.0.1, retrieved 2026-07-24)"
JPY,claims_usd_m,2016-Q1,418207.86776,2016-03-31,"IMF COFER (IMF.STA COFER 7.0.1, retrieved 2026-07-24)"
JPY,share_pct,2016-Q1,3.828163,2016-03-31,"IMF COFER (IMF.STA COFER 7.0.1, retrieved 2026-07-24)"
OTHER,claims_usd_m,2016-Q1,358415.38235,2016-03-31,"IMF COFER (IMF.STA COFER 7.0.1, retrieved 2026-07-24)"
OTHER,share_pct,2016-Q1,3.2808386,2016-03-31,"IMF COFER (IMF.STA COFER 7.0.1, retrieved 2026-07-24)"
TOTAL,claims_usd_m,2016-Q1,10924505.12275,2016-03-31,"IMF COFER (IMF.STA COFER 7.0.1, retrieved 2026-07-24)"
TOTAL,share_pct,2016-Q1,100.0,2016-03-31,"IMF COFER (IMF.STA COFER 7.0.1, retrieved 2026-07-24)"
USD,claims_usd_m,2016-Q1,6983948.47093,2016-03-31,"IMF COFER (IMF.STA COFER 7.0.1, retrieved 2026-07-24)"
USD,share_pct,2016-Q1,63.9291976,2016-03-31,"IMF COFER (IMF.STA COFER 7.0.1, retrieved 2026-07-24)"
AUD,claims_usd_m,2016-Q2,203409.24292,2016-06-30,"IMF COFER (IMF.STA COFER 7.0.1, retrieved 2026-07-24)"
AUD,share_pct,2016-Q2,1.8552647,2016-06-30,"IMF COFER (IMF.STA COFER 7.0.1, retrieved 2026-07-24)"
CAD,claims_usd_m,2016-Q2,226289.01711,2016-06-30,"IMF COFER (IMF.STA COFER 7.0.1, retrieved 2026-07-24)"
CAD,share_pct,2016-Q2,2.0639476,2016-06-30,"IMF COFER (IMF.STA COFER 7.0.1, retrieved 2026-07-24)"
CHF,claims_usd_m,2016-Q2,22231.89116,2016-06-30,"IMF COFER (IMF.STA COFER 7.0.1, retrieved 2026-07-24)"
CHF,share_pct,2016-Q2,0.2027737,2016-06-30,"IMF COFER (IMF.STA COFER 7.0.1, retrieved 2026-07-24)"
EUR,claims_usd_m,2016-Q2,2134906.32947,2016-06-30,"IMF COFER (IMF.STA COFER 7.0.1, retrieved 2026-07-24)"
EUR,share_pct,2016-Q2,19.4721547,2016-06-30,"IMF COFER (IMF.STA COFER 7.0.1, retrieved 2026-07-24)"
GBP,claims_usd_m,2016-Q2,534400.50254,2016-06-30,"IMF COFER (IMF.STA COFER 7.0.1, retrieved 2026-07-24)"
GBP,share_pct,2016-Q2,4.8741854,2016-06-30,"IMF COFER (IMF.STA COFER 7.0.1, retrieved 2026-07-24)"
JPY,claims_usd_m,2016-Q2,464639.62926,2016-06-30,"IMF COFER (IMF.STA COFER 7.0.1, retrieved 2026-07-24)"
JPY,share_pct,2016-Q2,4.2379071,2016-06-30,"IMF COFER (IMF.STA COFER 7.0.1, retrieved 2026-07-24)"
OTHER,claims_usd_m,2016-Q2,360544.4268,2016-06-30,"IMF COFER (IMF.STA COFER 7.0.1, retrieved 2026-07-24)"
OTHER,share_pct,2016-Q2,3.2884707,2016-06-30,"IMF COFER (IMF.STA COFER 7.0.1, retrieved 2026-07-24)"
TOTAL,claims_usd_m,2016-Q2,10963893.63644,2016-06-30,"IMF COFER (IMF.STA COFER 7.0.1, retrieved 2026-07-24)"
TOTAL,share_pct,2016-Q2,100.0,2016-06-30,"IMF COFER (IMF.STA COFER 7.0.1, retrieved 2026-07-24)"
USD,claims_usd_m,2016-Q2,7017472.59718,2016-06-30,"IMF COFER (IMF.STA COFER 7.0.1, retrieved 2026-07-24)"
USD,share_pct,2016-Q2,64.0052962,2016-06-30,"IMF COFER (IMF.STA COFER 7.0.1, retrieved 2026-07-24)"
AUD,claims_usd_m,2016-Q3,213648.99112,2016-09-30,"IMF COFER (IMF.STA COFER 7.0.1, retrieved 2026-07-24)"
AUD,share_pct,2016-Q3,1.9438542,2016-09-30,"IMF COFER (IMF.STA COFER 7.0.1, retrieved 2026-07-24)"
CAD,claims_usd_m,2016-Q3,230578.67962,2016-09-30,"IMF COFER (IMF.STA COFER 7.0.1, retrieved 2026-07-24)"
CAD,share_pct,2016-Q3,2.0978865,2016-09-30,"IMF COFER (IMF.STA COFER 7.0.1, retrieved 2026-07-24)"
CHF,claims_usd_m,2016-Q3,21650.67226,2016-09-30,"IMF COFER (IMF.STA COFER 7.0.1, retrieved 2026-07-24)"
CHF,share_pct,2016-Q3,0.1969855,2016-09-30,"IMF COFER (IMF.STA COFER 7.0.1, retrieved 2026-07-24)"
EUR,claims_usd_m,2016-Q3,2147892.70072,2016-09-30,"IMF COFER (IMF.STA COFER 7.0.1, retrieved 2026-07-24)"
EUR,share_pct,2016-Q3,19.5422885,2016-09-30,"IMF COFER (IMF.STA COFER 7.0.1, retrieved 2026-07-24)"
GBP,claims_usd_m,2016-Q3,515360.95471,2016-09-30,"IMF COFER (IMF.STA COFER 7.0.1, retrieved 2026-07-24)"
GBP,share_pct,2016-Q3,4.6889365,2016-09-30,"IMF COFER (IMF.STA COFER 7.0.1, retrieved 2026-07-24)"
JPY,claims_usd_m,2016-Q3,474248.05537,2016-09-30,"IMF COFER (IMF.STA COFER 7.0.1, retrieved 2026-07-24)"
JPY,share_pct,2016-Q3,4.3148768,2016-09-30,"IMF COFER (IMF.STA COFER 7.0.1, retrieved 2026-07-24)"
OTHER,claims_usd_m,2016-Q3,376144.18778,2016-09-30,"IMF COFER (IMF.STA COFER 7.0.1, retrieved 2026-07-24)"
OTHER,share_pct,2016-Q3,3.422293,2016-09-30,"IMF COFER (IMF.STA COFER 7.0.1, retrieved 2026-07-24)"
TOTAL,claims_usd_m,2016-Q3,10990998.83493,2016-09-30,"IMF COFER (IMF.STA COFER 7.0.1, retrieved 2026-07-24)"
TOTAL,share_pct,2016-Q3,100.0,2016-09-30,"IMF COFER (IMF.STA COFER 7.0.1, retrieved 2026-07-24)"
USD,claims_usd_m,2016-Q3,7011474.59335,2016-09-30,"IMF COFER (IMF.STA COFER 7.0.1, retrieved 2026-07-24)"
USD,share_pct,2016-Q3,63.7928791,2016-09-30,"IMF COFER (IMF.STA COFER 7.0.1, retrieved 2026-07-24)"
AUD,claims_usd_m,2016-Q4,200425.36029,2016-12-31,"IMF COFER (IMF.STA COFER 7.0.1, retrieved 2026-07-24)"
AUD,share_pct,2016-Q4,1.8701022,2016-12-31,"IMF COFER (IMF.STA COFER 7.0.1, retrieved 2026-07-24)"
CAD,claims_usd_m,2016-Q4,228405.77929,2016-12-31,"IMF COFER (IMF.STA COFER 7.0.1, retrieved 2026-07-24)"
CAD,share_pct,2016-Q4,2.1311781,2016-12-31,"IMF COFER (IMF.STA COFER 7.0.1, retrieved 2026-07-24)"
CHF,claims_usd_m,2016-Q4,18780.01889,2016-12-31,"IMF COFER (IMF.STA COFER 7.0.1, retrieved 2026-07-24)"
CHF,share_pct,2016-Q4,0.1752301,2016-12-31,"IMF COFER (IMF.STA COFER 7.0.1, retrieved 2026-07-24)"
CNY,claims_usd_m,2016-Q4,106876.71037,2016-12-31,"IMF COFER (IMF.STA COFER 7.0.1, retrieved 2026-07-24)"
CNY,share_pct,2016-Q4,0.9972309,2016-12-31,"IMF COFER (IMF.STA COFER 7.0.1, retrieved 2026-07-24)"
EUR,claims_usd_m,2016-Q4,2028548.47473,2016-12-31,"IMF COFER (IMF.STA COFER 7.0.1, retrieved 2026-07-24)"
EUR,share_pct,2016-Q4,18.9277091,2016-12-31,"IMF COFER (IMF.STA COFER 7.0.1, retrieved 2026-07-24)"
GBP,claims_usd_m,2016-Q4,500001.40496,2016-12-31,"IMF COFER (IMF.STA COFER 7.0.1, retrieved 2026-07-24)"
GBP,share_pct,2016-Q4,4.6653463,2016-12-31,"IMF COFER (IMF.STA COFER 7.0.1, retrieved 2026-07-24)"
JPY,claims_usd_m,2016-Q4,426691.29,2016-12-31,"IMF COFER (IMF.STA COFER 7.0.1, retrieved 2026-07-24)"
JPY,share_pct,2016-Q4,3.9813141,2016-12-31,"IMF COFER (IMF.STA COFER 7.0.1, retrieved 2026-07-24)"
OTHER,claims_usd_m,2016-Q4,275641.45841,2016-12-31,"IMF COFER (IMF.STA COFER 7.0.1, retrieved 2026-07-24)"
OTHER,share_pct,2016-Q4,2.5719185,2016-12-31,"IMF COFER (IMF.STA COFER 7.0.1, retrieved 2026-07-24)"
TOTAL,claims_usd_m,2016-Q4,10717348.11024,2016-12-31,"IMF COFER (IMF.STA COFER 7.0.1, retrieved 2026-07-24)"
TOTAL,share_pct,2016-Q4,100.0,2016-12-31,"IMF COFER (IMF.STA COFER 7.0.1, retrieved 2026-07-24)"
USD,claims_usd_m,2016-Q4,6931977.6133,2016-12-31,"IMF COFER (IMF.STA COFER 7.0.1, retrieved 2026-07-24)"
USD,share_pct,2016-Q4,64.6799707,2016-12-31,"IMF COFER (IMF.STA COFER 7.0.1, retrieved 2026-07-24)"
AUD,claims_usd_m,2017-Q1,213235.88446,2017-03-31,"IMF COFER (IMF.STA COFER 7.0.1, retrieved 2026-07-24)"
AUD,share_pct,2017-Q1,1.9563485,2017-03-31,"IMF COFER (IMF.STA COFER 7.0.1, retrieved 2026-07-24)"
CAD,claims_usd_m,2017-Q1,226285.00064,2017-03-31,"IMF COFER (IMF.STA COFER 7.0.1, retrieved 2026-07-24)"
CAD,share_pct,2017-Q1,2.0760686,2017-03-31,"IMF COFER (IMF.STA COFER 7.0.1, retrieved 2026-07-24)"
CHF,claims_usd_m,2017-Q1,19208.13717,2017-03-31,"IMF COFER (IMF.STA COFER 7.0.1, retrieved 2026-07-24)"
CHF,share_pct,2017-Q1,0.1762265,2017-03-31,"IMF COFER (IMF.STA COFER 7.0.1, retrieved 2026-07-24)"
CNY,claims_usd_m,2017-Q1,112384.83487,2017-03-31,"IMF COFER (IMF.STA COFER 7.0.1, retrieved 2026-07-24)"
CNY,share_pct,2017-Q1,1.031083,2017-03-31,"IMF COFER (IMF.STA COFER 7.0.1, retrieved 2026-07-24)"
EUR,claims_usd_m,2017-Q1,2072017.76935,2017-03-31,"IMF COFER (IMF.STA COFER 7.0.1, retrieved 2026-07-24)"
EUR,share_pct,2017-Q1,19.0098815,2017-03-31,"IMF COFER (IMF.STA COFER 7.0.1, retrieved 2026-07-24)"
GBP,claims_usd_m,2017-Q1,498006.5602,2017-03-31,"IMF COFER (IMF.STA COFER 7.0.1, retrieved 2026-07-24)"
GBP,share_pct,2017-Q1,4.5689983,2017-03-31,"IMF COFER (IMF.STA COFER 7.0.1, retrieved 2026-07-24)"
JPY,claims_usd_m,2017-Q1,485795.47932,2017-03-31,"IMF COFER (IMF.STA COFER 7.0.1, retrieved 2026-07-24)"
JPY,share_pct,2017-Q1,4.4569668,2017-03-31,"IMF COFER (IMF.STA COFER 7.0.1, retrieved 2026-07-24)"
OTHER,claims_usd_m,2017-Q1,273028.14789,2017-03-31,"IMF COFER (IMF.STA COFER 7.0.1, retrieved 2026-07-24)"
OTHER,share_pct,2017-Q1,2.5049171,2017-03-31,"IMF COFER (IMF.STA COFER 7.0.1, retrieved 2026-07-24)"
TOTAL,claims_usd_m,2017-Q1,10899687.98018,2017-03-31,"IMF COFER (IMF.STA COFER 7.0.1, retrieved 2026-07-24)"
TOTAL,share_pct,2017-Q1,100.0,2017-03-31,"IMF COFER (IMF.STA COFER 7.0.1, retrieved 2026-07-24)"
USD,claims_usd_m,2017-Q1,6999726.16628,2017-03-31,"IMF COFER (IMF.STA COFER 7.0.1, retrieved 2026-07-24)"
USD,share_pct,2017-Q1,64.2195096,2017-03-31,"IMF COFER (IMF.STA COFER 7.0.1, retrieved 2026-07-24)"
AUD,claims_usd_m,2017-Q2,214845.29235,2017-06-30,"IMF COFER (IMF.STA COFER 7.0.1, retrieved 2026-07-24)"
AUD,share_pct,2017-Q2,1.932564,2017-06-30,"IMF COFER (IMF.STA COFER 7.0.1, retrieved 2026-07-24)"
CAD,claims_usd_m,2017-Q2,232426.10813,2017-06-30,"IMF COFER (IMF.STA COFER 7.0.1, retrieved 2026-07-24)"
CAD,share_pct,2017-Q2,2.090706,2017-06-30,"IMF COFER (IMF.STA COFER 7.0.1, retrieved 2026-07-24)"
CHF,claims_usd_m,2017-Q2,19645.57846,2017-06-30,"IMF COFER (IMF.STA COFER 7.0.1, retrieved 2026-07-24)"
CHF,share_pct,2017-Q2,0.1767148,2017-06-30,"IMF COFER (IMF.STA COFER 7.0.1, retrieved 2026-07-24)"
CNY,claims_usd_m,2017-Q2,115627.90581,2017-06-30,"IMF COFER (IMF.STA COFER 7.0.1, retrieved 2026-07-24)"
CNY,share_pct,2017-Q2,1.0400895,2017-06-30,"IMF COFER (IMF.STA COFER 7.0.1, retrieved 2026-07-24)"
EUR,claims_usd_m,2017-Q2,2188687.80682,2017-06-30,"IMF COFER (IMF.STA COFER 7.0.1, retrieved 2026-07-24)"
EUR,share_pct,2017-Q2,19.6875589,2017-06-30,"IMF COFER (IMF.STA COFER 7.0.1, retrieved 2026-07-24)"
GBP,claims_usd_m,2017-Q2,521000.05501,2017-06-30,"IMF COFER (IMF.STA COFER 7.0.1, retrieved 2026-07-24)"
GBP,share_pct,2017-Q2,4.6864698,2017-06-30,"IMF COFER (IMF.STA COFER 7.0.1, retrieved 2026-07-24)"
JPY,claims_usd_m,2017-Q2,504465.65499,2017-06-30,"IMF COFER (IMF.STA COFER 7.0.1, retrieved 2026-07-24)"
JPY,share_pct,2017-Q2,4.5377405,2017-06-30,"IMF COFER (IMF.STA COFER 7.0.1, retrieved 2026-07-24)"
OTHER,claims_usd_m,2017-Q2,259454.31605,2017-06-30,"IMF COFER (IMF.STA COFER 7.0.1, retrieved 2026-07-24)"
OTHER,share_pct,2017-Q2,2.3338286,2017-06-30,"IMF COFER (IMF.STA COFER 7.0.1, retrieved 2026-07-24)"
TOTAL,claims_usd_m,2017-Q2,11117111.16076,2017-06-30,"IMF COFER (IMF.STA COFER 7.0.1, retrieved 2026-07-24)"
TOTAL,share_pct,2017-Q2,100.0,2017-06-30,"IMF COFER (IMF.STA COFER 7.0.1, retrieved 2026-07-24)"
USD,claims_usd_m,2017-Q2,7060958.44314,2017-06-30,"IMF COFER (IMF.STA COFER 7.0.1, retrieved 2026-07-24)"
USD,share_pct,2017-Q2,63.514328,2017-06-30,"IMF COFER (IMF.STA COFER 7.0.1, retrieved 2026-07-24)"
AUD,claims_usd_m,2017-Q3,219854.51898,2017-09-30,"IMF COFER (IMF.STA COFER 7.0.1, retrieved 2026-07-24)"
AUD,share_pct,2017-Q3,1.9469712,2017-09-30,"IMF COFER (IMF.STA COFER 7.0.1, retrieved 2026-07-24)"
CAD,claims_usd_m,2017-Q3,240380.97835,2017-09-30,"IMF COFER (IMF.STA COFER 7.0.1, retrieved 2026-07-24)"
CAD,share_pct,2017-Q3,2.1287479,2017-09-30,"IMF COFER (IMF.STA COFER 7.0.1, retrieved 2026-07-24)"
CHF,claims_usd_m,2017-Q3,19446.38231,2017-09-30,"IMF COFER (IMF.STA COFER 7.0.1, retrieved 2026-07-24)"
CHF,share_pct,2017-Q3,0.1722118,2017-09-30,"IMF COFER (IMF.STA COFER 7.0.1, retrieved 2026-07-24)"
CNY,claims_usd_m,2017-Q3,123928.68803,2017-09-30,"IMF COFER (IMF.STA COFER 7.0.1, retrieved 2026-07-24)"
CNY,share_pct,2017-Q3,1.0974784,2017-09-30,"IMF COFER (IMF.STA COFER 7.0.1, retrieved 2026-07-24)"
EUR,claims_usd_m,2017-Q3,2232663.81745,2017-09-30,"IMF COFER (IMF.STA COFER 7.0.1, retrieved 2026-07-24)"
EUR,share_pct,2017-Q3,19.771857,2017-09-30,"IMF COFER (IMF.STA COFER 7.0.1, retrieved 2026-07-24)"
GBP,claims_usd_m,2017-Q3,534625.80858,2017-09-30,"IMF COFER (IMF.STA COFER 7.0.1, retrieved 2026-07-24)"
GBP,share_pct,2017-Q3,4.7344992,2017-09-30,"IMF COFER (IMF.STA COFER 7.0.1, retrieved 2026-07-24)"
JPY,claims_usd_m,2017-Q3,501101.11353,2017-09-30,"IMF COFER (IMF.STA COFER 7.0.1, retrieved 2026-07-24)"
JPY,share_pct,2017-Q3,4.4376137,2017-09-30,"IMF COFER (IMF.STA COFER 7.0.1, retrieved 2026-07-24)"
OTHER,claims_usd_m,2017-Q3,271028.10025,2017-09-30,"IMF COFER (IMF.STA COFER 7.0.1, retrieved 2026-07-24)"
OTHER,share_pct,2017-Q3,2.4001504,2017-09-30,"IMF COFER (IMF.STA COFER 7.0.1, retrieved 2026-07-24)"
TOTAL,claims_usd_m,2017-Q3,11292130.09611,2017-09-30,"IMF COFER (IMF.STA COFER 7.0.1, retrieved 2026-07-24)"
TOTAL,share_pct,2017-Q3,100.0,2017-09-30,"IMF COFER (IMF.STA COFER 7.0.1, retrieved 2026-07-24)"
USD,claims_usd_m,2017-Q3,7149100.68863,2017-09-30,"IMF COFER (IMF.STA COFER 7.0.1, retrieved 2026-07-24)"
USD,share_pct,2017-Q3,63.3104705,2017-09-30,"IMF COFER (IMF.STA COFER 7.0.1, retrieved 2026-07-24)"
AUD,claims_usd_m,2017-Q4,225334.22416,2017-12-31,"IMF COFER (IMF.STA COFER 7.0.1, retrieved 2026-07-24)"
AUD,share_pct,2017-Q4,1.9692428,2017-12-31,"IMF COFER (IMF.STA COFER 7.0.1, retrieved 2026-07-24)"
CAD,claims_usd_m,2017-Q4,242674.34871,2017-12-31,"IMF COFER (IMF.STA COFER 7.0.1, retrieved 2026-07-24)"
CAD,share_pct,2017-Q4,2.1207818,2017-12-31,"IMF COFER (IMF.STA COFER 7.0.1, retrieved 2026-07-24)"
CHF,claims_usd_m,2017-Q4,20408.10923,2017-12-31,"IMF COFER (IMF.STA COFER 7.0.1, retrieved 2026-07-24)"
CHF,share_pct,2017-Q4,0.1783507,2017-12-31,"IMF COFER (IMF.STA COFER 7.0.1, retrieved 2026-07-24)"
CNY,claims_usd_m,2017-Q4,140712.74551,2017-12-31,"IMF COFER (IMF.STA COFER 7.0.1, retrieved 2026-07-24)"
CNY,share_pct,2017-Q4,1.229718,2017-12-31,"IMF COFER (IMF.STA COFER 7.0.1, retrieved 2026-07-24)"
EUR,claims_usd_m,2017-Q4,2265390.3598,2017-12-31,"IMF COFER (IMF.STA COFER 7.0.1, retrieved 2026-07-24)"
EUR,share_pct,2017-Q4,19.7977191,2017-12-31,"IMF COFER (IMF.STA COFER 7.0.1, retrieved 2026-07-24)"
GBP,claims_usd_m,2017-Q4,542200.06785,2017-12-31,"IMF COFER (IMF.STA COFER 7.0.1, retrieved 2026-07-24)"
GBP,share_pct,2017-Q4,4.7383995,2017-12-31,"IMF COFER (IMF.STA COFER 7.0.1, retrieved 2026-07-24)"
JPY,claims_usd_m,2017-Q4,546623.18099,2017-12-31,"IMF COFER (IMF.STA COFER 7.0.1, retrieved 2026-07-24)"
JPY,share_pct,2017-Q4,4.777054,2017-12-31,"IMF COFER (IMF.STA COFER 7.0.1, retrieved 2026-07-24)"
OTHER,claims_usd_m,2017-Q4,283943.0057,2017-12-31,"IMF COFER (IMF.STA COFER 7.0.1, retrieved 2026-07-24)"
OTHER,share_pct,2017-Q4,2.4814372,2017-12-31,"IMF COFER (IMF.STA COFER 7.0.1, retrieved 2026-07-24)"
TOTAL,claims_usd_m,2017-Q4,11442683.6138,2017-12-31,"IMF COFER (IMF.STA COFER 7.0.1, retrieved 2026-07-24)"
TOTAL,share_pct,2017-Q4,100.0,2017-12-31,"IMF COFER (IMF.STA COFER 7.0.1, retrieved 2026-07-24)"
USD,claims_usd_m,2017-Q4,7175397.57185,2017-12-31,"IMF COFER (IMF.STA COFER 7.0.1, retrieved 2026-07-24)"
USD,share_pct,2017-Q4,62.7072968,2017-12-31,"IMF COFER (IMF.STA COFER 7.0.1, retrieved 2026-07-24)"
AUD,claims_usd_m,2018-Q1,215403.82798,2018-03-31,"IMF COFER (IMF.STA COFER 7.0.1, retrieved 2026-07-24)"
AUD,share_pct,2018-Q1,1.8563273,2018-03-31,"IMF COFER (IMF.STA COFER 7.0.1, retrieved 2026-07-24)"
CAD,claims_usd_m,2018-Q1,223340.66096,2018-03-31,"IMF COFER (IMF.STA COFER 7.0.1, retrieved 2026-07-24)"
CAD,share_pct,2018-Q1,1.9247261,2018-03-31,"IMF COFER (IMF.STA COFER 7.0.1, retrieved 2026-07-24)"
CHF,claims_usd_m,2018-Q1,19453.02705,2018-03-31,"IMF COFER (IMF.STA COFER 7.0.1, retrieved 2026-07-24)"
CHF,share_pct,2018-Q1,0.1676441,2018-03-31,"IMF COFER (IMF.STA COFER 7.0.1, retrieved 2026-07-24)"
CNY,claims_usd_m,2018-Q1,169429.90924,2018-03-31,"IMF COFER (IMF.STA COFER 7.0.1, retrieved 2026-07-24)"
CNY,share_pct,2018-Q1,1.460129,2018-03-31,"IMF COFER (IMF.STA COFER 7.0.1, retrieved 2026-07-24)"
EUR,claims_usd_m,2018-Q1,2310578.46708,2018-03-31,"IMF COFER (IMF.STA COFER 7.0.1, retrieved 2026-07-24)"
EUR,share_pct,2018-Q1,19.9123199,2018-03-31,"IMF COFER (IMF.STA COFER 7.0.1, retrieved 2026-07-24)"
GBP,claims_usd_m,2018-Q1,552638.19928,2018-03-31,"IMF COFER (IMF.STA COFER 7.0.1, retrieved 2026-07-24)"
GBP,share_pct,2018-Q1,4.7625773,2018-03-31,"IMF COFER (IMF.STA COFER 7.0.1, retrieved 2026-07-24)"
JPY,claims_usd_m,2018-Q1,528084.90295,2018-03-31,"IMF COFER (IMF.STA COFER 7.0.1, retrieved 2026-07-24)"
JPY,share_pct,2018-Q1,4.5509796,2018-03-31,"IMF COFER (IMF.STA COFER 7.0.1, retrieved 2026-07-24)"
OTHER,claims_usd_m,2018-Q1,286344.54995,2018-03-31,"IMF COFER (IMF.STA COFER 7.0.1, retrieved 2026-07-24)"
OTHER,share_pct,2018-Q1,2.4676869,2018-03-31,"IMF COFER (IMF.STA COFER 7.0.1, retrieved 2026-07-24)"
TOTAL,claims_usd_m,2018-Q1,11603763.27565,2018-03-31,"IMF COFER (IMF.STA COFER 7.0.1, retrieved 2026-07-24)"
TOTAL,share_pct,2018-Q1,100.0,2018-03-31,"IMF COFER (IMF.STA COFER 7.0.1, retrieved 2026-07-24)"
USD,claims_usd_m,2018-Q1,7298489.73116,2018-03-31,"IMF COFER (IMF.STA COFER 7.0.1, retrieved 2026-07-24)"
USD,share_pct,2018-Q1,62.8976097,2018-03-31,"IMF COFER (IMF.STA COFER 7.0.1, retrieved 2026-07-24)"
AUD,claims_usd_m,2018-Q2,211824.85947,2018-06-30,"IMF COFER (IMF.STA COFER 7.0.1, retrieved 2026-07-24)"
AUD,share_pct,2018-Q2,1.8480988,2018-06-30,"IMF COFER (IMF.STA COFER 7.0.1, retrieved 2026-07-24)"
CAD,claims_usd_m,2018-Q2,223315.66841,2018-06-30,"IMF COFER (IMF.STA COFER 7.0.1, retrieved 2026-07-24)"
CAD,share_pct,2018-Q2,1.9483521,2018-06-30,"IMF COFER (IMF.STA COFER 7.0.1, retrieved 2026-07-24)"
CHF,claims_usd_m,2018-Q2,17582.61219,2018-06-30,"IMF COFER (IMF.STA COFER 7.0.1, retrieved 2026-07-24)"
CHF,share_pct,2018-Q2,0.1534022,2018-06-30,"IMF COFER (IMF.STA COFER 7.0.1, retrieved 2026-07-24)"
CNY,claims_usd_m,2018-Q2,219094.87453,2018-06-30,"IMF COFER (IMF.STA COFER 7.0.1, retrieved 2026-07-24)"
CNY,share_pct,2018-Q2,1.9115272,2018-06-30,"IMF COFER (IMF.STA COFER 7.0.1, retrieved 2026-07-24)"
EUR,claims_usd_m,2018-Q2,2246341.27748,2018-06-30,"IMF COFER (IMF.STA COFER 7.0.1, retrieved 2026-07-24)"
EUR,share_pct,2018-Q2,19.5985523,2018-06-30,"IMF COFER (IMF.STA COFER 7.0.1, retrieved 2026-07-24)"
GBP,claims_usd_m,2018-Q2,524310.15142,2018-06-30,"IMF COFER (IMF.STA COFER 7.0.1, retrieved 2026-07-24)"
GBP,share_pct,2018-Q2,4.5744251,2018-06-30,"IMF COFER (IMF.STA COFER 7.0.1, retrieved 2026-07-24)"
JPY,claims_usd_m,2018-Q2,567229.70015,2018-06-30,"IMF COFER (IMF.STA COFER 7.0.1, retrieved 2026-07-24)"
JPY,share_pct,2018-Q2,4.9488834,2018-06-30,"IMF COFER (IMF.STA COFER 7.0.1, retrieved 2026-07-24)"
OTHER,claims_usd_m,2018-Q2,275259.57984,2018-06-30,"IMF COFER (IMF.STA COFER 7.0.1, retrieved 2026-07-24)"
OTHER,share_pct,2018-Q2,2.4015448,2018-06-30,"IMF COFER (IMF.STA COFER 7.0.1, retrieved 2026-07-24)"
TOTAL,claims_usd_m,2018-Q2,11461771.46887,2018-06-30,"IMF COFER (IMF.STA COFER 7.0.1, retrieved 2026-07-24)"
TOTAL,share_pct,2018-Q2,100.0,2018-06-30,"IMF COFER (IMF.STA COFER 7.0.1, retrieved 2026-07-24)"
USD,claims_usd_m,2018-Q2,7176812.74538,2018-06-30,"IMF COFER (IMF.STA COFER 7.0.1, retrieved 2026-07-24)"
USD,share_pct,2018-Q2,62.6152141,2018-06-30,"IMF COFER (IMF.STA COFER 7.0.1, retrieved 2026-07-24)"
AUD,claims_usd_m,2018-Q3,209299.818349391,2018-09-30,"IMF COFER (IMF.STA COFER 7.0.1, retrieved 2026-07-24)"
AUD,share_pct,2018-Q3,1.83626607950513,2018-09-30,"IMF COFER (IMF.STA COFER 7.0.1, retrieved 2026-07-24)"
CAD,claims_usd_m,2018-Q3,226961.848207243,2018-09-30,"IMF COFER (IMF.STA COFER 7.0.1, retrieved 2026-07-24)"
CAD,share_pct,2018-Q3,1.99122171481791,2018-09-30,"IMF COFER (IMF.STA COFER 7.0.1, retrieved 2026-07-24)"
CHF,claims_usd_m,2018-Q3,16978.4068905872,2018-09-30,"IMF COFER (IMF.STA COFER 7.0.1, retrieved 2026-07-24)"
CHF,share_pct,2018-Q3,0.148957953729214,2018-09-30,"IMF COFER (IMF.STA COFER 7.0.1, retrieved 2026-07-24)"
CNY,claims_usd_m,2018-Q3,213379.435556459,2018-09-30,"IMF COFER (IMF.STA COFER 7.0.1, retrieved 2026-07-24)"
CNY,share_pct,2018-Q3,1.87205809668787,2018-09-30,"IMF COFER (IMF.STA COFER 7.0.1, retrieved 2026-07-24)"
EUR,claims_usd_m,2018-Q3,2247844.70854133,2018-09-30,"IMF COFER (IMF.STA COFER 7.0.1, retrieved 2026-07-24)"
EUR,share_pct,2018-Q3,19.7211876381046,2018-09-30,"IMF COFER (IMF.STA COFER 7.0.1, retrieved 2026-07-24)"
GBP,claims_usd_m,2018-Q3,516598.902377073,2018-09-30,"IMF COFER (IMF.STA COFER 7.0.1, retrieved 2026-07-24)"
GBP,share_pct,2018-Q3,4.53231660029944,2018-09-30,"IMF COFER (IMF.STA COFER 7.0.1, retrieved 2026-07-24)"
JPY,claims_usd_m,2018-Q3,576112.319984709,2018-09-30,"IMF COFER (IMF.STA COFER 7.0.1, retrieved 2026-07-24)"
JPY,share_pct,2018-Q3,5.05445021173859,2018-09-30,"IMF COFER (IMF.STA COFER 7.0.1, retrieved 2026-07-24)"
OTHER,claims_usd_m,2018-Q3,284326.310961845,2018-09-30,"IMF COFER (IMF.STA COFER 7.0.1, retrieved 2026-07-24)"
OTHER,share_pct,2018-Q3,2.49450173654001,2018-09-30,"IMF COFER (IMF.STA COFER 7.0.1, retrieved 2026-07-24)"
TOTAL,claims_usd_m,2018-Q3,11398120.3860062,2018-09-30,"IMF COFER (IMF.STA COFER 7.0.1, retrieved 2026-07-24)"
TOTAL,share_pct,2018-Q3,100.0,2018-09-30,"IMF COFER (IMF.STA COFER 7.0.1, retrieved 2026-07-24)"
USD,claims_usd_m,2018-Q3,7106618.63513755,2018-09-30,"IMF COFER (IMF.STA COFER 7.0.1, retrieved 2026-07-24)"
USD,share_pct,2018-Q3,62.3490399685773,2018-09-30,"IMF COFER (IMF.STA COFER 7.0.1, retrieved 2026-07-24)"
AUD,claims_usd_m,2018-Q4,198716.807756666,2018-12-31,"IMF COFER (IMF.STA COFER 7.0.1, retrieved 2026-07-24)"
AUD,share_pct,2018-Q4,1.73973294161817,2018-12-31,"IMF COFER (IMF.STA COFER 7.0.1, retrieved 2026-07-24)"
CAD,claims_usd_m,2018-Q4,210706.592735003,2018-12-31,"IMF COFER (IMF.STA COFER 7.0.1, retrieved 2026-07-24)"
CAD,share_pct,2018-Q4,1.84470153549411,2018-12-31,"IMF COFER (IMF.STA COFER 7.0.1, retrieved 2026-07-24)"
CHF,claims_usd_m,2018-Q4,15259.1847830309,2018-12-31,"IMF COFER (IMF.STA COFER 7.0.1, retrieved 2026-07-24)"
CHF,share_pct,2018-Q4,0.133591650998063,2018-12-31,"IMF COFER (IMF.STA COFER 7.0.1, retrieved 2026-07-24)"
CNY,claims_usd_m,2018-Q4,223820.493668014,2018-12-31,"IMF COFER (IMF.STA COFER 7.0.1, retrieved 2026-07-24)"
CNY,share_pct,2018-Q4,1.95951157951522,2018-12-31,"IMF COFER (IMF.STA COFER 7.0.1, retrieved 2026-07-24)"
EUR,claims_usd_m,2018-Q4,2287938.88562834,2018-12-31,"IMF COFER (IMF.STA COFER 7.0.1, retrieved 2026-07-24)"
EUR,share_pct,2018-Q4,20.0305283316089,2018-12-31,"IMF COFER (IMF.STA COFER 7.0.1, retrieved 2026-07-24)"
GBP,claims_usd_m,2018-Q4,515219.197609428,2018-12-31,"IMF COFER (IMF.STA COFER 7.0.1, retrieved 2026-07-24)"
GBP,share_pct,2018-Q4,4.51065926608886,2018-12-31,"IMF COFER (IMF.STA COFER 7.0.1, retrieved 2026-07-24)"
JPY,claims_usd_m,2018-Q4,581443.056333668,2018-12-31,"IMF COFER (IMF.STA COFER 7.0.1, retrieved 2026-07-24)"
JPY,share_pct,2018-Q4,5.09043824827092,2018-12-31,"IMF COFER (IMF.STA COFER 7.0.1, retrieved 2026-07-24)"
OTHER,claims_usd_m,2018-Q4,299927.233998645,2018-12-31,"IMF COFER (IMF.STA COFER 7.0.1, retrieved 2026-07-24)"
OTHER,share_pct,2018-Q4,2.62581356336408,2018-12-31,"IMF COFER (IMF.STA COFER 7.0.1, retrieved 2026-07-24)"
TOTAL,claims_usd_m,2018-Q4,11422259.3021567,2018-12-31,"IMF COFER (IMF.STA COFER 7.0.1, retrieved 2026-07-24)"
TOTAL,share_pct,2018-Q4,100.0,2018-12-31,"IMF COFER (IMF.STA COFER 7.0.1, retrieved 2026-07-24)"
USD,claims_usd_m,2018-Q4,7089227.84964391,2018-12-31,"IMF COFER (IMF.STA COFER 7.0.1, retrieved 2026-07-24)"
USD,share_pct,2018-Q4,62.0650228830416,2018-12-31,"IMF COFER (IMF.STA COFER 7.0.1, retrieved 2026-07-24)"
AUD,claims_usd_m,2019-Q1,207889.090340346,2019-03-31,"IMF COFER (IMF.STA COFER 7.0.1, retrieved 2026-07-24)"
AUD,share_pct,2019-Q1,1.79182481777985,2019-03-31,"IMF COFER (IMF.STA COFER 7.0.1, retrieved 2026-07-24)"
CAD,claims_usd_m,2019-Q1,228195.179229087,2019-03-31,"IMF COFER (IMF.STA COFER 7.0.1, retrieved 2026-07-24)"
CAD,share_pct,2019-Q1,1.96684580595833,2019-03-31,"IMF COFER (IMF.STA COFER 7.0.1, retrieved 2026-07-24)"
CHF,claims_usd_m,2019-Q1,14854.3448372501,2019-03-31,"IMF COFER (IMF.STA COFER 7.0.1, retrieved 2026-07-24)"
CHF,share_pct,2019-Q1,0.128031652299165,2019-03-31,"IMF COFER (IMF.STA COFER 7.0.1, retrieved 2026-07-24)"
CNY,claims_usd_m,2019-Q1,230050.132393582,2019-03-31,"IMF COFER (IMF.STA COFER 7.0.1, retrieved 2026-07-24)"
CNY,share_pct,2019-Q1,1.98283390379703,2019-03-31,"IMF COFER (IMF.STA COFER 7.0.1, retrieved 2026-07-24)"
EUR,claims_usd_m,2019-Q1,2267491.21919869,2019-03-31,"IMF COFER (IMF.STA COFER 7.0.1, retrieved 2026-07-24)"
EUR,share_pct,2019-Q1,19.5438203804079,2019-03-31,"IMF COFER (IMF.STA COFER 7.0.1, retrieved 2026-07-24)"
GBP,claims_usd_m,2019-Q1,532289.027677186,2019-03-31,"IMF COFER (IMF.STA COFER 7.0.1, retrieved 2026-07-24)"
GBP,share_pct,2019-Q1,4.58787273763345,2019-03-31,"IMF COFER (IMF.STA COFER 7.0.1, retrieved 2026-07-24)"
JPY,claims_usd_m,2019-Q1,628630.967048688,2019-03-31,"IMF COFER (IMF.STA COFER 7.0.1, retrieved 2026-07-24)"
JPY,share_pct,2019-Q1,5.41825723581121,2019-03-31,"IMF COFER (IMF.STA COFER 7.0.1, retrieved 2026-07-24)"
OTHER,claims_usd_m,2019-Q1,275421.43499208,2019-03-31,"IMF COFER (IMF.STA COFER 7.0.1, retrieved 2026-07-24)"
OTHER,share_pct,2019-Q1,2.37389543510631,2019-03-31,"IMF COFER (IMF.STA COFER 7.0.1, retrieved 2026-07-24)"
TOTAL,claims_usd_m,2019-Q1,11602087.8981869,2019-03-31,"IMF COFER (IMF.STA COFER 7.0.1, retrieved 2026-07-24)"
TOTAL,share_pct,2019-Q1,100.0,2019-03-31,"IMF COFER (IMF.STA COFER 7.0.1, retrieved 2026-07-24)"
USD,claims_usd_m,2019-Q1,7217266.50246999,2019-03-31,"IMF COFER (IMF.STA COFER 7.0.1, retrieved 2026-07-24)"
USD,share_pct,2019-Q1,62.2066180312068,2019-03-31,"IMF COFER (IMF.STA COFER 7.0.1, retrieved 2026-07-24)"
AUD,claims_usd_m,2019-Q2,212398.384865659,2019-06-30,"IMF COFER (IMF.STA COFER 7.0.1, retrieved 2026-07-24)"
AUD,share_pct,2019-Q2,1.81073854363856,2019-06-30,"IMF COFER (IMF.STA COFER 7.0.1, retrieved 2026-07-24)"
CAD,claims_usd_m,2019-Q2,228637.338149095,2019-06-30,"IMF COFER (IMF.STA COFER 7.0.1, retrieved 2026-07-24)"
CAD,share_pct,2019-Q2,1.9491788554011,2019-06-30,"IMF COFER (IMF.STA COFER 7.0.1, retrieved 2026-07-24)"
CHF,claims_usd_m,2019-Q2,15122.5601720215,2019-06-30,"IMF COFER (IMF.STA COFER 7.0.1, retrieved 2026-07-24)"
CHF,share_pct,2019-Q2,0.128922838086986,2019-06-30,"IMF COFER (IMF.STA COFER 7.0.1, retrieved 2026-07-24)"
CNY,claims_usd_m,2019-Q2,232074.367256232,2019-06-30,"IMF COFER (IMF.STA COFER 7.0.1, retrieved 2026-07-24)"
CNY,share_pct,2019-Q2,1.97848021324259,2019-06-30,"IMF COFER (IMF.STA COFER 7.0.1, retrieved 2026-07-24)"
EUR,claims_usd_m,2019-Q2,2326030.46395981,2019-06-30,"IMF COFER (IMF.STA COFER 7.0.1, retrieved 2026-07-24)"
EUR,share_pct,2019-Q2,19.8298730822905,2019-06-30,"IMF COFER (IMF.STA COFER 7.0.1, retrieved 2026-07-24)"
GBP,claims_usd_m,2019-Q2,531452.337422417,2019-06-30,"IMF COFER (IMF.STA COFER 7.0.1, retrieved 2026-07-24)"
GBP,share_pct,2019-Q2,4.53073704908933,2019-06-30,"IMF COFER (IMF.STA COFER 7.0.1, retrieved 2026-07-24)"
JPY,claims_usd_m,2019-Q2,661361.978078715,2019-06-30,"IMF COFER (IMF.STA COFER 7.0.1, retrieved 2026-07-24)"
JPY,share_pct,2019-Q2,5.63824261545876,2019-06-30,"IMF COFER (IMF.STA COFER 7.0.1, retrieved 2026-07-24)"
OTHER,claims_usd_m,2019-Q2,281771.279443829,2019-06-30,"IMF COFER (IMF.STA COFER 7.0.1, retrieved 2026-07-24)"
OTHER,share_pct,2019-Q2,2.40215628994542,2019-06-30,"IMF COFER (IMF.STA COFER 7.0.1, retrieved 2026-07-24)"
TOTAL,claims_usd_m,2019-Q2,11729931.1715571,2019-06-30,"IMF COFER (IMF.STA COFER 7.0.1, retrieved 2026-07-24)"
TOTAL,share_pct,2019-Q2,100.0,2019-06-30,"IMF COFER (IMF.STA COFER 7.0.1, retrieved 2026-07-24)"
USD,claims_usd_m,2019-Q2,7241082.46220936,2019-06-30,"IMF COFER (IMF.STA COFER 7.0.1, retrieved 2026-07-24)"
USD,share_pct,2019-Q2,61.7316705128468,2019-06-30,"IMF COFER (IMF.STA COFER 7.0.1, retrieved 2026-07-24)"
AUD,claims_usd_m,2019-Q3,207749.976941682,2019-09-30,"IMF COFER (IMF.STA COFER 7.0.1, retrieved 2026-07-24)"
AUD,share_pct,2019-Q3,1.78411712543133,2019-09-30,"IMF COFER (IMF.STA COFER 7.0.1, retrieved 2026-07-24)"
CAD,claims_usd_m,2019-Q3,223202.366692443,2019-09-30,"IMF COFER (IMF.STA COFER 7.0.1, retrieved 2026-07-24)"
CAD,share_pct,2019-Q3,1.91681929747976,2019-09-30,"IMF COFER (IMF.STA COFER 7.0.1, retrieved 2026-07-24)"
CHF,claims_usd_m,2019-Q3,15799.9654556434,2019-09-30,"IMF COFER (IMF.STA COFER 7.0.1, retrieved 2026-07-24)"
CHF,share_pct,2019-Q3,0.135687085821192,2019-09-30,"IMF COFER (IMF.STA COFER 7.0.1, retrieved 2026-07-24)"
CNY,claims_usd_m,2019-Q3,233263.883721223,2019-09-30,"IMF COFER (IMF.STA COFER 7.0.1, retrieved 2026-07-24)"
CNY,share_pct,2019-Q3,2.00322568415245,2019-09-30,"IMF COFER (IMF.STA COFER 7.0.1, retrieved 2026-07-24)"
EUR,claims_usd_m,2019-Q3,2274848.04635182,2019-09-30,"IMF COFER (IMF.STA COFER 7.0.1, retrieved 2026-07-24)"
EUR,share_pct,2019-Q3,19.5359605666266,2019-09-30,"IMF COFER (IMF.STA COFER 7.0.1, retrieved 2026-07-24)"
GBP,claims_usd_m,2019-Q3,526288.261518088,2019-09-30,"IMF COFER (IMF.STA COFER 7.0.1, retrieved 2026-07-24)"
GBP,share_pct,2019-Q3,4.51966307823698,2019-09-30,"IMF COFER (IMF.STA COFER 7.0.1, retrieved 2026-07-24)"
JPY,claims_usd_m,2019-Q3,665879.604811171,2019-09-30,"IMF COFER (IMF.STA COFER 7.0.1, retrieved 2026-07-24)"
JPY,share_pct,2019-Q3,5.71844687497869,2019-09-30,"IMF COFER (IMF.STA COFER 7.0.1, retrieved 2026-07-24)"
OTHER,claims_usd_m,2019-Q3,272014.69786922,2019-09-30,"IMF COFER (IMF.STA COFER 7.0.1, retrieved 2026-07-24)"
OTHER,share_pct,2019-Q3,2.33601027534042,2019-09-30,"IMF COFER (IMF.STA COFER 7.0.1, retrieved 2026-07-24)"
TOTAL,claims_usd_m,2019-Q3,11644413.5858769,2019-09-30,"IMF COFER (IMF.STA COFER 7.0.1, retrieved 2026-07-24)"
TOTAL,share_pct,2019-Q3,100.0,2019-09-30,"IMF COFER (IMF.STA COFER 7.0.1, retrieved 2026-07-24)"
USD,claims_usd_m,2019-Q3,7225366.7825156,2019-09-30,"IMF COFER (IMF.STA COFER 7.0.1, retrieved 2026-07-24)"
USD,share_pct,2019-Q3,62.0500700119326,2019-09-30,"IMF COFER (IMF.STA COFER 7.0.1, retrieved 2026-07-24)"
AUD,claims_usd_m,2019-Q4,217160.254256825,2019-12-31,"IMF COFER (IMF.STA COFER 7.0.1, retrieved 2026-07-24)"
AUD,share_pct,2019-Q4,1.83794324888231,2019-12-31,"IMF COFER (IMF.STA COFER 7.0.1, retrieved 2026-07-24)"
CAD,claims_usd_m,2019-Q4,223900.24538806,2019-12-31,"IMF COFER (IMF.STA COFER 7.0.1, retrieved 2026-07-24)"
CAD,share_pct,2019-Q4,1.89498739464266,2019-12-31,"IMF COFER (IMF.STA COFER 7.0.1, retrieved 2026-07-24)"
CHF,claims_usd_m,2019-Q4,16762.1615784796,2019-12-31,"IMF COFER (IMF.STA COFER 7.0.1, retrieved 2026-07-24)"
CHF,share_pct,2019-Q4,0.141867128564908,2019-12-31,"IMF COFER (IMF.STA COFER 7.0.1, retrieved 2026-07-24)"
CNY,claims_usd_m,2019-Q4,239353.954793862,2019-12-31,"IMF COFER (IMF.STA COFER 7.0.1, retrieved 2026-07-24)"
CNY,share_pct,2019-Q4,2.0257803934342,2019-12-31,"IMF COFER (IMF.STA COFER 7.0.1, retrieved 2026-07-24)"
EUR,claims_usd_m,2019-Q4,2342353.46620082,2019-12-31,"IMF COFER (IMF.STA COFER 7.0.1, retrieved 2026-07-24)"
EUR,share_pct,2019-Q4,19.8245887786098,2019-12-31,"IMF COFER (IMF.STA COFER 7.0.1, retrieved 2026-07-24)"
GBP,claims_usd_m,2019-Q4,552287.489681632,2019-12-31,"IMF COFER (IMF.STA COFER 7.0.1, retrieved 2026-07-24)"
GBP,share_pct,2019-Q4,4.67430408283664,2019-12-31,"IMF COFER (IMF.STA COFER 7.0.1, retrieved 2026-07-24)"
JPY,claims_usd_m,2019-Q4,687933.315651346,2019-12-31,"IMF COFER (IMF.STA COFER 7.0.1, retrieved 2026-07-24)"
JPY,share_pct,2019-Q4,5.82234717632673,2019-12-31,"IMF COFER (IMF.STA COFER 7.0.1, retrieved 2026-07-24)"
OTHER,claims_usd_m,2019-Q4,290413.751148279,2019-12-31,"IMF COFER (IMF.STA COFER 7.0.1, retrieved 2026-07-24)"
OTHER,share_pct,2019-Q4,2.45792672849937,2019-12-31,"IMF COFER (IMF.STA COFER 7.0.1, retrieved 2026-07-24)"
TOTAL,claims_usd_m,2019-Q4,11815394.9741856,2019-12-31,"IMF COFER (IMF.STA COFER 7.0.1, retrieved 2026-07-24)"
TOTAL,share_pct,2019-Q4,100.0,2019-12-31,"IMF COFER (IMF.STA COFER 7.0.1, retrieved 2026-07-24)"
USD,claims_usd_m,2019-Q4,7245230.3354863,2019-12-31,"IMF COFER (IMF.STA COFER 7.0.1, retrieved 2026-07-24)"
USD,share_pct,2019-Q4,61.3202550682034,2019-12-31,"IMF COFER (IMF.STA COFER 7.0.1, retrieved 2026-07-24)"
AUD,claims_usd_m,2020-Q1,192905.779043122,2020-03-31,"IMF COFER (IMF.STA COFER 7.0.1, retrieved 2026-07-24)"
AUD,share_pct,2020-Q1,1.65050857965116,2020-03-31,"IMF COFER (IMF.STA COFER 7.0.1, retrieved 2026-07-24)"
CAD,claims_usd_m,2020-Q1,213657.352224078,2020-03-31,"IMF COFER (IMF.STA COFER 7.0.1, retrieved 2026-07-24)"
CAD,share_pct,2020-Q1,1.82805976420521,2020-03-31,"IMF COFER (IMF.STA COFER 7.0.1, retrieved 2026-07-24)"
CHF,claims_usd_m,2020-Q1,15877.562592114,2020-03-31,"IMF COFER (IMF.STA COFER 7.0.1, retrieved 2026-07-24)"
CHF,share_pct,2020-Q1,0.135848979808814,2020-03-31,"IMF COFER (IMF.STA COFER 7.0.1, retrieved 2026-07-24)"
CNY,claims_usd_m,2020-Q1,238553.294928516,2020-03-31,"IMF COFER (IMF.STA COFER 7.0.1, retrieved 2026-07-24)"
CNY,share_pct,2020-Q1,2.04107031907819,2020-03-31,"IMF COFER (IMF.STA COFER 7.0.1, retrieved 2026-07-24)"
EUR,claims_usd_m,2020-Q1,2259123.4058456,2020-03-31,"IMF COFER (IMF.STA COFER 7.0.1, retrieved 2026-07-24)"
EUR,share_pct,2020-Q1,19.3291387242754,2020-03-31,"IMF COFER (IMF.STA COFER 7.0.1, retrieved 2026-07-24)"
GBP,claims_usd_m,2020-Q1,519359.810917402,2020-03-31,"IMF COFER (IMF.STA COFER 7.0.1, retrieved 2026-07-24)"
GBP,share_pct,2020-Q1,4.44366067256886,2020-03-31,"IMF COFER (IMF.STA COFER 7.0.1, retrieved 2026-07-24)"
JPY,claims_usd_m,2020-Q1,709629.713658769,2020-03-31,"IMF COFER (IMF.STA COFER 7.0.1, retrieved 2026-07-24)"
JPY,share_pct,2020-Q1,6.07161660256627,2020-03-31,"IMF COFER (IMF.STA COFER 7.0.1, retrieved 2026-07-24)"
OTHER,claims_usd_m,2020-Q1,254661.673427653,2020-03-31,"IMF COFER (IMF.STA COFER 7.0.1, retrieved 2026-07-24)"
OTHER,share_pct,2020-Q1,2.17889416784505,2020-03-31,"IMF COFER (IMF.STA COFER 7.0.1, retrieved 2026-07-24)"
TOTAL,claims_usd_m,2020-Q1,11687656.8484056,2020-03-31,"IMF COFER (IMF.STA COFER 7.0.1, retrieved 2026-07-24)"
TOTAL,share_pct,2020-Q1,100.0,2020-03-31,"IMF COFER (IMF.STA COFER 7.0.1, retrieved 2026-07-24)"
USD,claims_usd_m,2020-Q1,7283888.25576837,2020-03-31,"IMF COFER (IMF.STA COFER 7.0.1, retrieved 2026-07-24)"
USD,share_pct,2020-Q1,62.3212021900011,2020-03-31,"IMF COFER (IMF.STA COFER 7.0.1, retrieved 2026-07-24)"
AUD,claims_usd_m,2020-Q2,218649.022439817,2020-06-30,"IMF COFER (IMF.STA COFER 7.0.1, retrieved 2026-07-24)"
AUD,share_pct,2020-Q2,1.81942097769368,2020-06-30,"IMF COFER (IMF.STA COFER 7.0.1, retrieved 2026-07-24)"
CAD,claims_usd_m,2020-Q2,235451.220711474,2020-06-30,"IMF COFER (IMF.STA COFER 7.0.1, retrieved 2026-07-24)"
CAD,share_pct,2020-Q2,1.95923533252454,2020-06-30,"IMF COFER (IMF.STA COFER 7.0.1, retrieved 2026-07-24)"
CHF,claims_usd_m,2020-Q2,17352.2931905818,2020-06-30,"IMF COFER (IMF.STA COFER 7.0.1, retrieved 2026-07-24)"
CHF,share_pct,2020-Q2,0.144391801480502,2020-06-30,"IMF COFER (IMF.STA COFER 7.0.1, retrieved 2026-07-24)"
CNY,claims_usd_m,2020-Q2,252290.13682383,2020-06-30,"IMF COFER (IMF.STA COFER 7.0.1, retrieved 2026-07-24)"
CNY,share_pct,2020-Q2,2.09935522363852,2020-06-30,"IMF COFER (IMF.STA COFER 7.0.1, retrieved 2026-07-24)"
EUR,claims_usd_m,2020-Q2,2340919.79365101,2020-06-30,"IMF COFER (IMF.STA COFER 7.0.1, retrieved 2026-07-24)"
EUR,share_pct,2020-Q2,19.4792482131464,2020-06-30,"IMF COFER (IMF.STA COFER 7.0.1, retrieved 2026-07-24)"
GBP,claims_usd_m,2020-Q2,543691.673852784,2020-06-30,"IMF COFER (IMF.STA COFER 7.0.1, retrieved 2026-07-24)"
GBP,share_pct,2020-Q2,4.52416400387715,2020-06-30,"IMF COFER (IMF.STA COFER 7.0.1, retrieved 2026-07-24)"
JPY,claims_usd_m,2020-Q2,688952.480888063,2020-06-30,"IMF COFER (IMF.STA COFER 7.0.1, retrieved 2026-07-24)"
JPY,share_pct,2020-Q2,5.73290738908688,2020-06-30,"IMF COFER (IMF.STA COFER 7.0.1, retrieved 2026-07-24)"
OTHER,claims_usd_m,2020-Q2,284330.710696281,2020-06-30,"IMF COFER (IMF.STA COFER 7.0.1, retrieved 2026-07-24)"
OTHER,share_pct,2020-Q2,2.36597106115926,2020-06-30,"IMF COFER (IMF.STA COFER 7.0.1, retrieved 2026-07-24)"
TOTAL,claims_usd_m,2020-Q2,12017505.850514,2020-06-30,"IMF COFER (IMF.STA COFER 7.0.1, retrieved 2026-07-24)"
TOTAL,share_pct,2020-Q2,100.0,2020-06-30,"IMF COFER (IMF.STA COFER 7.0.1, retrieved 2026-07-24)"
USD,claims_usd_m,2020-Q2,7435868.51826013,2020-06-30,"IMF COFER (IMF.STA COFER 7.0.1, retrieved 2026-07-24)"
USD,share_pct,2020-Q2,61.875305997393,2020-06-30,"IMF COFER (IMF.STA COFER 7.0.1, retrieved 2026-07-24)"
AUD,claims_usd_m,2020-Q3,229705.55750848,2020-09-30,"IMF COFER (IMF.STA COFER 7.0.1, retrieved 2026-07-24)"
AUD,share_pct,2020-Q3,1.87607662223341,2020-09-30,"IMF COFER (IMF.STA COFER 7.0.1, retrieved 2026-07-24)"
CAD,claims_usd_m,2020-Q3,253227.903521902,2020-09-30,"IMF COFER (IMF.STA COFER 7.0.1, retrieved 2026-07-24)"
CAD,share_pct,2020-Q3,2.06819092688726,2020-09-30,"IMF COFER (IMF.STA COFER 7.0.1, retrieved 2026-07-24)"
CHF,claims_usd_m,2020-Q3,19443.5666494255,2020-09-30,"IMF COFER (IMF.STA COFER 7.0.1, retrieved 2026-07-24)"
CHF,share_pct,2020-Q3,0.158801646940901,2020-09-30,"IMF COFER (IMF.STA COFER 7.0.1, retrieved 2026-07-24)"
CNY,claims_usd_m,2020-Q3,268705.444491931,2020-09-30,"IMF COFER (IMF.STA COFER 7.0.1, retrieved 2026-07-24)"
CNY,share_pct,2020-Q3,2.1946008104725,2020-09-30,"IMF COFER (IMF.STA COFER 7.0.1, retrieved 2026-07-24)"
EUR,claims_usd_m,2020-Q3,2432790.35069033,2020-09-30,"IMF COFER (IMF.STA COFER 7.0.1, retrieved 2026-07-24)"
EUR,share_pct,2020-Q3,19.8693542865485,2020-09-30,"IMF COFER (IMF.STA COFER 7.0.1, retrieved 2026-07-24)"
GBP,claims_usd_m,2020-Q3,562957.431784763,2020-09-30,"IMF COFER (IMF.STA COFER 7.0.1, retrieved 2026-07-24)"
GBP,share_pct,2020-Q3,4.5978481693677,2020-09-30,"IMF COFER (IMF.STA COFER 7.0.1, retrieved 2026-07-24)"
JPY,claims_usd_m,2020-Q3,713055.603713646,2020-09-30,"IMF COFER (IMF.STA COFER 7.0.1, retrieved 2026-07-24)"
JPY,share_pct,2020-Q3,5.82374655184524,2020-09-30,"IMF COFER (IMF.STA COFER 7.0.1, retrieved 2026-07-24)"
OTHER,claims_usd_m,2020-Q3,294435.630348802,2020-09-30,"IMF COFER (IMF.STA COFER 7.0.1, retrieved 2026-07-24)"
OTHER,share_pct,2020-Q3,2.40474722876286,2020-09-30,"IMF COFER (IMF.STA COFER 7.0.1, retrieved 2026-07-24)"
TOTAL,claims_usd_m,2020-Q3,12243932.6190752,2020-09-30,"IMF COFER (IMF.STA COFER 7.0.1, retrieved 2026-07-24)"
TOTAL,share_pct,2020-Q3,100.0,2020-09-30,"IMF COFER (IMF.STA COFER 7.0.1, retrieved 2026-07-24)"
USD,claims_usd_m,2020-Q3,7469611.1303659,2020-09-30,"IMF COFER (IMF.STA COFER 7.0.1, retrieved 2026-07-24)"
USD,share_pct,2020-Q3,61.0066337569416,2020-09-30,"IMF COFER (IMF.STA COFER 7.0.1, retrieved 2026-07-24)"
AUD,claims_usd_m,2020-Q4,251447.61601835,2020-12-31,"IMF COFER (IMF.STA COFER 7.0.1, retrieved 2026-07-24)"
AUD,share_pct,2020-Q4,1.98084877918702,2020-12-31,"IMF COFER (IMF.STA COFER 7.0.1, retrieved 2026-07-24)"
CAD,claims_usd_m,2020-Q4,269666.761815008,2020-12-31,"IMF COFER (IMF.STA COFER 7.0.1, retrieved 2026-07-24)"
CAD,share_pct,2020-Q4,2.12437518552411,2020-12-31,"IMF COFER (IMF.STA COFER 7.0.1, retrieved 2026-07-24)"
CHF,claims_usd_m,2020-Q4,20877.6083023238,2020-12-31,"IMF COFER (IMF.STA COFER 7.0.1, retrieved 2026-07-24)"
CHF,share_pct,2020-Q4,0.164469186754926,2020-12-31,"IMF COFER (IMF.STA COFER 7.0.1, retrieved 2026-07-24)"
CNY,claims_usd_m,2020-Q4,294824.810395082,2020-12-31,"IMF COFER (IMF.STA COFER 7.0.1, retrieved 2026-07-24)"
CNY,share_pct,2020-Q4,2.32256473532254,2020-12-31,"IMF COFER (IMF.STA COFER 7.0.1, retrieved 2026-07-24)"
EUR,claims_usd_m,2020-Q4,2609668.74023157,2020-12-31,"IMF COFER (IMF.STA COFER 7.0.1, retrieved 2026-07-24)"
EUR,share_pct,2020-Q4,20.5583939113306,2020-12-31,"IMF COFER (IMF.STA COFER 7.0.1, retrieved 2026-07-24)"
GBP,claims_usd_m,2020-Q4,604217.789363253,2020-12-31,"IMF COFER (IMF.STA COFER 7.0.1, retrieved 2026-07-24)"
GBP,share_pct,2020-Q4,4.75989428484355,2020-12-31,"IMF COFER (IMF.STA COFER 7.0.1, retrieved 2026-07-24)"
JPY,claims_usd_m,2020-Q4,766390.570049308,2020-12-31,"IMF COFER (IMF.STA COFER 7.0.1, retrieved 2026-07-24)"
JPY,share_pct,2020-Q4,6.0374556303283,2020-12-31,"IMF COFER (IMF.STA COFER 7.0.1, retrieved 2026-07-24)"
OTHER,claims_usd_m,2020-Q4,320359.595859767,2020-12-31,"IMF COFER (IMF.STA COFER 7.0.1, retrieved 2026-07-24)"
OTHER,share_pct,2020-Q4,2.52372213508422,2020-12-31,"IMF COFER (IMF.STA COFER 7.0.1, retrieved 2026-07-24)"
TOTAL,claims_usd_m,2020-Q4,12693932.9574441,2020-12-31,"IMF COFER (IMF.STA COFER 7.0.1, retrieved 2026-07-24)"
TOTAL,share_pct,2020-Q4,100.0,2020-12-31,"IMF COFER (IMF.STA COFER 7.0.1, retrieved 2026-07-24)"
USD,claims_usd_m,2020-Q4,7556479.46540942,2020-12-31,"IMF COFER (IMF.STA COFER 7.0.1, retrieved 2026-07-24)"
USD,share_pct,2020-Q4,59.5282761516248,2020-12-31,"IMF COFER (IMF.STA COFER 7.0.1, retrieved 2026-07-24)"
AUD,claims_usd_m,2021-Q1,251251.947720338,2021-03-31,"IMF COFER (IMF.STA COFER 7.0.1, retrieved 2026-07-24)"
AUD,share_pct,2021-Q1,1.9988725305169,2021-03-31,"IMF COFER (IMF.STA COFER 7.0.1, retrieved 2026-07-24)"
CAD,claims_usd_m,2021-Q1,276320.318656437,2021-03-31,"IMF COFER (IMF.STA COFER 7.0.1, retrieved 2026-07-24)"
CAD,share_pct,2021-Q1,2.19830771302443,2021-03-31,"IMF COFER (IMF.STA COFER 7.0.1, retrieved 2026-07-24)"
CHF,claims_usd_m,2021-Q1,19571.7437028731,2021-03-31,"IMF COFER (IMF.STA COFER 7.0.1, retrieved 2026-07-24)"
CHF,share_pct,2021-Q1,0.15570594065816,2021-03-31,"IMF COFER (IMF.STA COFER 7.0.1, retrieved 2026-07-24)"
CNY,claims_usd_m,2021-Q1,317269.26865491,2021-03-31,"IMF COFER (IMF.STA COFER 7.0.1, retrieved 2026-07-24)"
CNY,share_pct,2021-Q1,2.52408322261994,2021-03-31,"IMF COFER (IMF.STA COFER 7.0.1, retrieved 2026-07-24)"
EUR,claims_usd_m,2021-Q1,2483850.38574297,2021-03-31,"IMF COFER (IMF.STA COFER 7.0.1, retrieved 2026-07-24)"
EUR,share_pct,2021-Q1,19.7606440508144,2021-03-31,"IMF COFER (IMF.STA COFER 7.0.1, retrieved 2026-07-24)"
GBP,claims_usd_m,2021-Q1,596628.071306576,2021-03-31,"IMF COFER (IMF.STA COFER 7.0.1, retrieved 2026-07-24)"
GBP,share_pct,2021-Q1,4.74656405051008,2021-03-31,"IMF COFER (IMF.STA COFER 7.0.1, retrieved 2026-07-24)"
JPY,claims_usd_m,2021-Q1,733412.402253924,2021-03-31,"IMF COFER (IMF.STA COFER 7.0.1, retrieved 2026-07-24)"
JPY,share_pct,2021-Q1,5.83477229811387,2021-03-31,"IMF COFER (IMF.STA COFER 7.0.1, retrieved 2026-07-24)"
OTHER,claims_usd_m,2021-Q1,341666.610280618,2021-03-31,"IMF COFER (IMF.STA COFER 7.0.1, retrieved 2026-07-24)"
OTHER,share_pct,2021-Q1,2.71817993086734,2021-03-31,"IMF COFER (IMF.STA COFER 7.0.1, retrieved 2026-07-24)"
TOTAL,claims_usd_m,2021-Q1,12569683.3532134,2021-03-31,"IMF COFER (IMF.STA COFER 7.0.1, retrieved 2026-07-24)"
TOTAL,share_pct,2021-Q1,100.0,2021-03-31,"IMF COFER (IMF.STA COFER 7.0.1, retrieved 2026-07-24)"
USD,claims_usd_m,2021-Q1,7549712.60489473,2021-03-31,"IMF COFER (IMF.STA COFER 7.0.1, retrieved 2026-07-24)"
USD,share_pct,2021-Q1,60.0628702628749,2021-03-31,"IMF COFER (IMF.STA COFER 7.0.1, retrieved 2026-07-24)"
AUD,claims_usd_m,2021-Q2,254840.593442121,2021-06-30,"IMF COFER (IMF.STA COFER 7.0.1, retrieved 2026-07-24)"
AUD,share_pct,2021-Q2,1.99142410185545,2021-06-30,"IMF COFER (IMF.STA COFER 7.0.1, retrieved 2026-07-24)"
CAD,claims_usd_m,2021-Q2,298505.687970439,2021-06-30,"IMF COFER (IMF.STA COFER 7.0.1, retrieved 2026-07-24)"
CAD,share_pct,2021-Q2,2.3326402341795,2021-06-30,"IMF COFER (IMF.STA COFER 7.0.1, retrieved 2026-07-24)"
CHF,claims_usd_m,2021-Q2,23961.1594867173,2021-06-30,"IMF COFER (IMF.STA COFER 7.0.1, retrieved 2026-07-24)"
CHF,share_pct,2021-Q2,0.187241874874571,2021-06-30,"IMF COFER (IMF.STA COFER 7.0.1, retrieved 2026-07-24)"
CNY,claims_usd_m,2021-Q2,339092.71547022,2021-06-30,"IMF COFER (IMF.STA COFER 7.0.1, retrieved 2026-07-24)"
CNY,share_pct,2021-Q2,2.64980314646918,2021-06-30,"IMF COFER (IMF.STA COFER 7.0.1, retrieved 2026-07-24)"
EUR,claims_usd_m,2021-Q2,2538734.65158936,2021-06-30,"IMF COFER (IMF.STA COFER 7.0.1, retrieved 2026-07-24)"
EUR,share_pct,2021-Q2,19.8386658306809,2021-06-30,"IMF COFER (IMF.STA COFER 7.0.1, retrieved 2026-07-24)"
GBP,claims_usd_m,2021-Q2,608917.879802896,2021-06-30,"IMF COFER (IMF.STA COFER 7.0.1, retrieved 2026-07-24)"
GBP,share_pct,2021-Q2,4.7583225478778,2021-06-30,"IMF COFER (IMF.STA COFER 7.0.1, retrieved 2026-07-24)"
JPY,claims_usd_m,2021-Q2,710861.864670117,2021-06-30,"IMF COFER (IMF.STA COFER 7.0.1, retrieved 2026-07-24)"
JPY,share_pct,2021-Q2,5.5549527305409,2021-06-30,"IMF COFER (IMF.STA COFER 7.0.1, retrieved 2026-07-24)"
OTHER,claims_usd_m,2021-Q2,363549.833800434,2021-06-30,"IMF COFER (IMF.STA COFER 7.0.1, retrieved 2026-07-24)"
OTHER,share_pct,2021-Q2,2.84092063778746,2021-06-30,"IMF COFER (IMF.STA COFER 7.0.1, retrieved 2026-07-24)"
TOTAL,claims_usd_m,2021-Q2,12796902.1367514,2021-06-30,"IMF COFER (IMF.STA COFER 7.0.1, retrieved 2026-07-24)"
TOTAL,share_pct,2021-Q2,100.0,2021-06-30,"IMF COFER (IMF.STA COFER 7.0.1, retrieved 2026-07-24)"
USD,claims_usd_m,2021-Q2,7658437.75051906,2021-06-30,"IMF COFER (IMF.STA COFER 7.0.1, retrieved 2026-07-24)"
USD,share_pct,2021-Q2,59.8460288957343,2021-06-30,"IMF COFER (IMF.STA COFER 7.0.1, retrieved 2026-07-24)"
AUD,claims_usd_m,2021-Q3,250883.528109185,2021-09-30,"IMF COFER (IMF.STA COFER 7.0.1, retrieved 2026-07-24)"
AUD,share_pct,2021-Q3,1.95653185907574,2021-09-30,"IMF COFER (IMF.STA COFER 7.0.1, retrieved 2026-07-24)"
CAD,claims_usd_m,2021-Q3,290483.657397078,2021-09-30,"IMF COFER (IMF.STA COFER 7.0.1, retrieved 2026-07-24)"
CAD,share_pct,2021-Q3,2.26535609779405,2021-09-30,"IMF COFER (IMF.STA COFER 7.0.1, retrieved 2026-07-24)"
CHF,claims_usd_m,2021-Q3,23992.9072198243,2021-09-30,"IMF COFER (IMF.STA COFER 7.0.1, retrieved 2026-07-24)"
CHF,share_pct,2021-Q3,0.187110280699676,2021-09-30,"IMF COFER (IMF.STA COFER 7.0.1, retrieved 2026-07-24)"
CNY,claims_usd_m,2021-Q3,347942.077367857,2021-09-30,"IMF COFER (IMF.STA COFER 7.0.1, retrieved 2026-07-24)"
CNY,share_pct,2021-Q3,2.71344940265246,2021-09-30,"IMF COFER (IMF.STA COFER 7.0.1, retrieved 2026-07-24)"
EUR,claims_usd_m,2021-Q3,2535753.98773841,2021-09-30,"IMF COFER (IMF.STA COFER 7.0.1, retrieved 2026-07-24)"
EUR,share_pct,2021-Q3,19.7752459126348,2021-09-30,"IMF COFER (IMF.STA COFER 7.0.1, retrieved 2026-07-24)"
GBP,claims_usd_m,2021-Q3,607955.989968029,2021-09-30,"IMF COFER (IMF.STA COFER 7.0.1, retrieved 2026-07-24)"
GBP,share_pct,2021-Q3,4.74118517167343,2021-09-30,"IMF COFER (IMF.STA COFER 7.0.1, retrieved 2026-07-24)"
JPY,claims_usd_m,2021-Q3,723373.513452071,2021-09-30,"IMF COFER (IMF.STA COFER 7.0.1, retrieved 2026-07-24)"
JPY,share_pct,2021-Q3,5.64127639525457,2021-09-30,"IMF COFER (IMF.STA COFER 7.0.1, retrieved 2026-07-24)"
OTHER,claims_usd_m,2021-Q3,365244.606463995,2021-09-30,"IMF COFER (IMF.STA COFER 7.0.1, retrieved 2026-07-24)"
OTHER,share_pct,2021-Q3,2.84838432514145,2021-09-30,"IMF COFER (IMF.STA COFER 7.0.1, retrieved 2026-07-24)"
TOTAL,claims_usd_m,2021-Q3,12822869.5559142,2021-09-30,"IMF COFER (IMF.STA COFER 7.0.1, retrieved 2026-07-24)"
TOTAL,share_pct,2021-Q3,100.0,2021-09-30,"IMF COFER (IMF.STA COFER 7.0.1, retrieved 2026-07-24)"
USD,claims_usd_m,2021-Q3,7677239.28819773,2021-09-30,"IMF COFER (IMF.STA COFER 7.0.1, retrieved 2026-07-24)"
USD,share_pct,2021-Q3,59.8714605550738,2021-09-30,"IMF COFER (IMF.STA COFER 7.0.1, retrieved 2026-07-24)"
AUD,claims_usd_m,2021-Q4,258935.860358432,2021-12-31,"IMF COFER (IMF.STA COFER 7.0.1, retrieved 2026-07-24)"
AUD,share_pct,2021-Q4,2.00505886277357,2021-12-31,"IMF COFER (IMF.STA COFER 7.0.1, retrieved 2026-07-24)"
CAD,claims_usd_m,2021-Q4,314203.678906607,2021-12-31,"IMF COFER (IMF.STA COFER 7.0.1, retrieved 2026-07-24)"
CAD,share_pct,2021-Q4,2.43302287383323,2021-12-31,"IMF COFER (IMF.STA COFER 7.0.1, retrieved 2026-07-24)"
CHF,claims_usd_m,2021-Q4,20947.8445792416,2021-12-31,"IMF COFER (IMF.STA COFER 7.0.1, retrieved 2026-07-24)"
CHF,share_pct,2021-Q4,0.1622087468745,2021-12-31,"IMF COFER (IMF.STA COFER 7.0.1, retrieved 2026-07-24)"
CNY,claims_usd_m,2021-Q4,368264.229937178,2021-12-31,"IMF COFER (IMF.STA COFER 7.0.1, retrieved 2026-07-24)"
CNY,share_pct,2021-Q4,2.85163846002599,2021-12-31,"IMF COFER (IMF.STA COFER 7.0.1, retrieved 2026-07-24)"
EUR,claims_usd_m,2021-Q4,2558983.74483001,2021-12-31,"IMF COFER (IMF.STA COFER 7.0.1, retrieved 2026-07-24)"
EUR,share_pct,2021-Q4,19.8153821960483,2021-12-31,"IMF COFER (IMF.STA COFER 7.0.1, retrieved 2026-07-24)"
GBP,claims_usd_m,2021-Q4,630272.353471227,2021-12-31,"IMF COFER (IMF.STA COFER 7.0.1, retrieved 2026-07-24)"
GBP,share_pct,2021-Q4,4.88048726251867,2021-12-31,"IMF COFER (IMF.STA COFER 7.0.1, retrieved 2026-07-24)"
JPY,claims_usd_m,2021-Q4,710809.093257225,2021-12-31,"IMF COFER (IMF.STA COFER 7.0.1, retrieved 2026-07-24)"
JPY,share_pct,2021-Q4,5.5041200944612,2021-12-31,"IMF COFER (IMF.STA COFER 7.0.1, retrieved 2026-07-24)"
OTHER,claims_usd_m,2021-Q4,380392.224192229,2021-12-31,"IMF COFER (IMF.STA COFER 7.0.1, retrieved 2026-07-24)"
OTHER,share_pct,2021-Q4,2.94555106963941,2021-12-31,"IMF COFER (IMF.STA COFER 7.0.1, retrieved 2026-07-24)"
TOTAL,claims_usd_m,2021-Q4,12914127.6181912,2021-12-31,"IMF COFER (IMF.STA COFER 7.0.1, retrieved 2026-07-24)"
TOTAL,share_pct,2021-Q4,100.0,2021-12-31,"IMF COFER (IMF.STA COFER 7.0.1, retrieved 2026-07-24)"
USD,claims_usd_m,2021-Q4,7671318.58865905,2021-12-31,"IMF COFER (IMF.STA COFER 7.0.1, retrieved 2026-07-24)"
USD,share_pct,2021-Q4,59.4025304338252,2021-12-31,"IMF COFER (IMF.STA COFER 7.0.1, retrieved 2026-07-24)"
AUD,claims_usd_m,2022-Q1,258382.969078225,2022-03-31,"IMF COFER (IMF.STA COFER 7.0.1, retrieved 2026-07-24)"
AUD,share_pct,2022-Q1,2.06531095504761,2022-03-31,"IMF COFER (IMF.STA COFER 7.0.1, retrieved 2026-07-24)"
CAD,claims_usd_m,2022-Q1,319973.448076698,2022-03-31,"IMF COFER (IMF.STA COFER 7.0.1, retrieved 2026-07-24)"
CAD,share_pct,2022-Q1,2.55761694908142,2022-03-31,"IMF COFER (IMF.STA COFER 7.0.1, retrieved 2026-07-24)"
CHF,claims_usd_m,2022-Q1,30035.1626068435,2022-03-31,"IMF COFER (IMF.STA COFER 7.0.1, retrieved 2026-07-24)"
CHF,share_pct,2022-Q1,0.240077540278435,2022-03-31,"IMF COFER (IMF.STA COFER 7.0.1, retrieved 2026-07-24)"
CNY,claims_usd_m,2022-Q1,356473.876664848,2022-03-31,"IMF COFER (IMF.STA COFER 7.0.1, retrieved 2026-07-24)"
CNY,share_pct,2022-Q1,2.84937262535095,2022-03-31,"IMF COFER (IMF.STA COFER 7.0.1, retrieved 2026-07-24)"
EUR,claims_usd_m,2022-Q1,2399169.56698236,2022-03-31,"IMF COFER (IMF.STA COFER 7.0.1, retrieved 2026-07-24)"
EUR,share_pct,2022-Q1,19.1770801544189,2022-03-31,"IMF COFER (IMF.STA COFER 7.0.1, retrieved 2026-07-24)"
GBP,claims_usd_m,2022-Q1,613716.442891639,2022-03-31,"IMF COFER (IMF.STA COFER 7.0.1, retrieved 2026-07-24)"
GBP,share_pct,2022-Q1,4.90556812286377,2022-03-31,"IMF COFER (IMF.STA COFER 7.0.1, retrieved 2026-07-24)"
JPY,claims_usd_m,2022-Q1,701252.166780977,2022-03-31,"IMF COFER (IMF.STA COFER 7.0.1, retrieved 2026-07-24)"
JPY,share_pct,2022-Q1,5.60525989532471,2022-03-31,"IMF COFER (IMF.STA COFER 7.0.1, retrieved 2026-07-24)"
OTHER,claims_usd_m,2022-Q1,398113.892565996,2022-03-31,"IMF COFER (IMF.STA COFER 7.0.1, retrieved 2026-07-24)"
OTHER,share_pct,2022-Q1,3.18221020698547,2022-03-31,"IMF COFER (IMF.STA COFER 7.0.1, retrieved 2026-07-24)"
TOTAL,claims_usd_m,2022-Q1,12510609.1141069,2022-03-31,"IMF COFER (IMF.STA COFER 7.0.1, retrieved 2026-07-24)"
TOTAL,share_pct,2022-Q1,100.0,2022-03-31,"IMF COFER (IMF.STA COFER 7.0.1, retrieved 2026-07-24)"
USD,claims_usd_m,2022-Q1,7433491.58845933,2022-03-31,"IMF COFER (IMF.STA COFER 7.0.1, retrieved 2026-07-24)"
USD,share_pct,2022-Q1,59.4175033569336,2022-03-31,"IMF COFER (IMF.STA COFER 7.0.1, retrieved 2026-07-24)"
AUD,claims_usd_m,2022-Q2,247171.879332521,2022-06-30,"IMF COFER (IMF.STA COFER 7.0.1, retrieved 2026-07-24)"
AUD,share_pct,2022-Q2,2.06404638290405,2022-06-30,"IMF COFER (IMF.STA COFER 7.0.1, retrieved 2026-07-24)"
CAD,claims_usd_m,2022-Q2,311050.36395123,2022-06-30,"IMF COFER (IMF.STA COFER 7.0.1, retrieved 2026-07-24)"
CAD,share_pct,2022-Q2,2.59747362136841,2022-06-30,"IMF COFER (IMF.STA COFER 7.0.1, retrieved 2026-07-24)"
CHF,claims_usd_m,2022-Q2,27909.0782429931,2022-06-30,"IMF COFER (IMF.STA COFER 7.0.1, retrieved 2026-07-24)"
CHF,share_pct,2022-Q2,0.233059018850327,2022-06-30,"IMF COFER (IMF.STA COFER 7.0.1, retrieved 2026-07-24)"
CNY,claims_usd_m,2022-Q2,332975.207677373,2022-06-30,"IMF COFER (IMF.STA COFER 7.0.1, retrieved 2026-07-24)"
CNY,share_pct,2022-Q2,2.78056025505066,2022-06-30,"IMF COFER (IMF.STA COFER 7.0.1, retrieved 2026-07-24)"
EUR,claims_usd_m,2022-Q2,2275393.51664554,2022-06-30,"IMF COFER (IMF.STA COFER 7.0.1, retrieved 2026-07-24)"
EUR,share_pct,2022-Q2,19.0010204315186,2022-06-30,"IMF COFER (IMF.STA COFER 7.0.1, retrieved 2026-07-24)"
GBP,claims_usd_m,2022-Q2,585214.864555139,2022-06-30,"IMF COFER (IMF.STA COFER 7.0.1, retrieved 2026-07-24)"
GBP,share_pct,2022-Q2,4.88692617416382,2022-06-30,"IMF COFER (IMF.STA COFER 7.0.1, retrieved 2026-07-24)"
JPY,claims_usd_m,2022-Q2,643415.901630897,2022-06-30,"IMF COFER (IMF.STA COFER 7.0.1, retrieved 2026-07-24)"
JPY,share_pct,2022-Q2,5.37294244766235,2022-06-30,"IMF COFER (IMF.STA COFER 7.0.1, retrieved 2026-07-24)"
OTHER,claims_usd_m,2022-Q2,367492.35742126,2022-06-30,"IMF COFER (IMF.STA COFER 7.0.1, retrieved 2026-07-24)"
OTHER,share_pct,2022-Q2,3.0688009262085,2022-06-30,"IMF COFER (IMF.STA COFER 7.0.1, retrieved 2026-07-24)"
TOTAL,claims_usd_m,2022-Q2,11975111.9801714,2022-06-30,"IMF COFER (IMF.STA COFER 7.0.1, retrieved 2026-07-24)"
TOTAL,share_pct,2022-Q2,100.0,2022-06-30,"IMF COFER (IMF.STA COFER 7.0.1, retrieved 2026-07-24)"
USD,claims_usd_m,2022-Q2,7184488.81071444,2022-06-30,"IMF COFER (IMF.STA COFER 7.0.1, retrieved 2026-07-24)"
USD,share_pct,2022-Q2,59.9951705932617,2022-06-30,"IMF COFER (IMF.STA COFER 7.0.1, retrieved 2026-07-24)"
AUD,claims_usd_m,2022-Q3,252130.159141838,2022-09-30,"IMF COFER (IMF.STA COFER 7.0.1, retrieved 2026-07-24)"
AUD,share_pct,2022-Q3,2.18976640701294,2022-09-30,"IMF COFER (IMF.STA COFER 7.0.1, retrieved 2026-07-24)"
CAD,claims_usd_m,2022-Q3,296961.151137989,2022-09-30,"IMF COFER (IMF.STA COFER 7.0.1, retrieved 2026-07-24)"
CAD,share_pct,2022-Q3,2.57912635803223,2022-09-30,"IMF COFER (IMF.STA COFER 7.0.1, retrieved 2026-07-24)"
CHF,claims_usd_m,2022-Q3,25255.6144837581,2022-09-30,"IMF COFER (IMF.STA COFER 7.0.1, retrieved 2026-07-24)"
CHF,share_pct,2022-Q3,0.219346597790718,2022-09-30,"IMF COFER (IMF.STA COFER 7.0.1, retrieved 2026-07-24)"
CNY,claims_usd_m,2022-Q3,300905.281503587,2022-09-30,"IMF COFER (IMF.STA COFER 7.0.1, retrieved 2026-07-24)"
CNY,share_pct,2022-Q3,2.61338138580322,2022-09-30,"IMF COFER (IMF.STA COFER 7.0.1, retrieved 2026-07-24)"
EUR,claims_usd_m,2022-Q3,2170413.56200407,2022-09-30,"IMF COFER (IMF.STA COFER 7.0.1, retrieved 2026-07-24)"
EUR,share_pct,2022-Q3,18.8501777648926,2022-09-30,"IMF COFER (IMF.STA COFER 7.0.1, retrieved 2026-07-24)"
GBP,claims_usd_m,2022-Q3,546981.691603478,2022-09-30,"IMF COFER (IMF.STA COFER 7.0.1, retrieved 2026-07-24)"
GBP,share_pct,2022-Q3,4.75057029724121,2022-09-30,"IMF COFER (IMF.STA COFER 7.0.1, retrieved 2026-07-24)"
JPY,claims_usd_m,2022-Q3,589782.3642272,2022-09-30,"IMF COFER (IMF.STA COFER 7.0.1, retrieved 2026-07-24)"
JPY,share_pct,2022-Q3,5.12229681015015,2022-09-30,"IMF COFER (IMF.STA COFER 7.0.1, retrieved 2026-07-24)"
OTHER,claims_usd_m,2022-Q3,373272.250324083,2022-09-30,"IMF COFER (IMF.STA COFER 7.0.1, retrieved 2026-07-24)"
OTHER,share_pct,2022-Q3,3.24189305305481,2022-09-30,"IMF COFER (IMF.STA COFER 7.0.1, retrieved 2026-07-24)"
TOTAL,claims_usd_m,2022-Q3,11514021.1849243,2022-09-30,"IMF COFER (IMF.STA COFER 7.0.1, retrieved 2026-07-24)"
TOTAL,share_pct,2022-Q3,100.0,2022-09-30,"IMF COFER (IMF.STA COFER 7.0.1, retrieved 2026-07-24)"
USD,claims_usd_m,2022-Q3,6958319.11049827,2022-09-30,"IMF COFER (IMF.STA COFER 7.0.1, retrieved 2026-07-24)"
USD,share_pct,2022-Q3,60.4334411621094,2022-09-30,"IMF COFER (IMF.STA COFER 7.0.1, retrieved 2026-07-24)"
AUD,claims_usd_m,2022-Q4,266153.064762163,2022-12-31,"IMF COFER (IMF.STA COFER 7.0.1, retrieved 2026-07-24)"
AUD,share_pct,2022-Q4,2.23950481414795,2022-12-31,"IMF COFER (IMF.STA COFER 7.0.1, retrieved 2026-07-24)"
CAD,claims_usd_m,2022-Q4,295603.787601854,2022-12-31,"IMF COFER (IMF.STA COFER 7.0.1, retrieved 2026-07-24)"
CAD,share_pct,2022-Q4,2.48731350898743,2022-12-31,"IMF COFER (IMF.STA COFER 7.0.1, retrieved 2026-07-24)"
CHF,claims_usd_m,2022-Q4,26136.0842656009,2022-12-31,"IMF COFER (IMF.STA COFER 7.0.1, retrieved 2026-07-24)"
CHF,share_pct,2022-Q4,0.219918146729469,2022-12-31,"IMF COFER (IMF.STA COFER 7.0.1, retrieved 2026-07-24)"
CNY,claims_usd_m,2022-Q4,303112.537676202,2022-12-31,"IMF COFER (IMF.STA COFER 7.0.1, retrieved 2026-07-24)"
CNY,share_pct,2022-Q4,2.5504949092865,2022-12-31,"IMF COFER (IMF.STA COFER 7.0.1, retrieved 2026-07-24)"
EUR,claims_usd_m,2022-Q4,2344771.8736058,2022-12-31,"IMF COFER (IMF.STA COFER 7.0.1, retrieved 2026-07-24)"
EUR,share_pct,2022-Q4,19.7297306060791,2022-12-31,"IMF COFER (IMF.STA COFER 7.0.1, retrieved 2026-07-24)"
GBP,claims_usd_m,2022-Q4,599378.14058287,2022-12-31,"IMF COFER (IMF.STA COFER 7.0.1, retrieved 2026-07-24)"
GBP,share_pct,2022-Q4,5.04337692260742,2022-12-31,"IMF COFER (IMF.STA COFER 7.0.1, retrieved 2026-07-24)"
JPY,claims_usd_m,2022-Q4,646590.956391612,2022-12-31,"IMF COFER (IMF.STA COFER 7.0.1, retrieved 2026-07-24)"
JPY,share_pct,2022-Q4,5.44064235687256,2022-12-31,"IMF COFER (IMF.STA COFER 7.0.1, retrieved 2026-07-24)"
OTHER,claims_usd_m,2022-Q4,396614.340871514,2022-12-31,"IMF COFER (IMF.STA COFER 7.0.1, retrieved 2026-07-24)"
OTHER,share_pct,2022-Q4,3.33725166320801,2022-12-31,"IMF COFER (IMF.STA COFER 7.0.1, retrieved 2026-07-24)"
TOTAL,claims_usd_m,2022-Q4,11884460.0956082,2022-12-31,"IMF COFER (IMF.STA COFER 7.0.1, retrieved 2026-07-24)"
TOTAL,share_pct,2022-Q4,100.0,2022-12-31,"IMF COFER (IMF.STA COFER 7.0.1, retrieved 2026-07-24)"
USD,claims_usd_m,2022-Q4,7006099.30985061,2022-12-31,"IMF COFER (IMF.STA COFER 7.0.1, retrieved 2026-07-24)"
USD,share_pct,2022-Q4,58.9517669677734,2022-12-31,"IMF COFER (IMF.STA COFER 7.0.1, retrieved 2026-07-24)"
AUD,claims_usd_m,2023-Q1,230584.717385235,2023-03-31,"IMF COFER (IMF.STA COFER 7.0.1, retrieved 2026-07-24)"
AUD,share_pct,2023-Q1,1.92138850688934,2023-03-31,"IMF COFER (IMF.STA COFER 7.0.1, retrieved 2026-07-24)"
CAD,claims_usd_m,2023-Q1,281931.025111202,2023-03-31,"IMF COFER (IMF.STA COFER 7.0.1, retrieved 2026-07-24)"
CAD,share_pct,2023-Q1,2.34924077987671,2023-03-31,"IMF COFER (IMF.STA COFER 7.0.1, retrieved 2026-07-24)"
CHF,claims_usd_m,2023-Q1,30909.346137122,2023-03-31,"IMF COFER (IMF.STA COFER 7.0.1, retrieved 2026-07-24)"
CHF,share_pct,2023-Q1,0.257557660341263,2023-03-31,"IMF COFER (IMF.STA COFER 7.0.1, retrieved 2026-07-24)"
CNY,claims_usd_m,2023-Q1,312875.457115469,2023-03-31,"IMF COFER (IMF.STA COFER 7.0.1, retrieved 2026-07-24)"
CNY,share_pct,2023-Q1,2.60709095001221,2023-03-31,"IMF COFER (IMF.STA COFER 7.0.1, retrieved 2026-07-24)"
EUR,claims_usd_m,2023-Q1,2250167.709945,2023-03-31,"IMF COFER (IMF.STA COFER 7.0.1, retrieved 2026-07-24)"
EUR,share_pct,2023-Q1,18.7499256134033,2023-03-31,"IMF COFER (IMF.STA COFER 7.0.1, retrieved 2026-07-24)"
GBP,claims_usd_m,2023-Q1,556192.505033855,2023-03-31,"IMF COFER (IMF.STA COFER 7.0.1, retrieved 2026-07-24)"
GBP,share_pct,2023-Q1,4.6345739364624,2023-03-31,"IMF COFER (IMF.STA COFER 7.0.1, retrieved 2026-07-24)"
JPY,claims_usd_m,2023-Q1,645104.459704716,2023-03-31,"IMF COFER (IMF.STA COFER 7.0.1, retrieved 2026-07-24)"
JPY,share_pct,2023-Q1,5.37544870376587,2023-03-31,"IMF COFER (IMF.STA COFER 7.0.1, retrieved 2026-07-24)"
OTHER,claims_usd_m,2023-Q1,477838.489737286,2023-03-31,"IMF COFER (IMF.STA COFER 7.0.1, retrieved 2026-07-24)"
OTHER,share_pct,2023-Q1,3.98167490959168,2023-03-31,"IMF COFER (IMF.STA COFER 7.0.1, retrieved 2026-07-24)"
TOTAL,claims_usd_m,2023-Q1,12000941.8033504,2023-03-31,"IMF COFER (IMF.STA COFER 7.0.1, retrieved 2026-07-24)"
TOTAL,share_pct,2023-Q1,100.0,2023-03-31,"IMF COFER (IMF.STA COFER 7.0.1, retrieved 2026-07-24)"
USD,claims_usd_m,2023-Q1,7215338.09318053,2023-03-31,"IMF COFER (IMF.STA COFER 7.0.1, retrieved 2026-07-24)"
USD,share_pct,2023-Q1,60.1231002807617,2023-03-31,"IMF COFER (IMF.STA COFER 7.0.1, retrieved 2026-07-24)"
AUD,claims_usd_m,2023-Q2,228411.365435579,2023-06-30,"IMF COFER (IMF.STA COFER 7.0.1, retrieved 2026-07-24)"
AUD,share_pct,2023-Q2,1.8989382982254,2023-06-30,"IMF COFER (IMF.STA COFER 7.0.1, retrieved 2026-07-24)"
CAD,claims_usd_m,2023-Q2,296683.621526344,2023-06-30,"IMF COFER (IMF.STA COFER 7.0.1, retrieved 2026-07-24)"
CAD,share_pct,2023-Q2,2.46653175354004,2023-06-30,"IMF COFER (IMF.STA COFER 7.0.1, retrieved 2026-07-24)"
CHF,claims_usd_m,2023-Q2,23395.3852262183,2023-06-30,"IMF COFER (IMF.STA COFER 7.0.1, retrieved 2026-07-24)"
CHF,share_pct,2023-Q2,0.194501668214798,2023-06-30,"IMF COFER (IMF.STA COFER 7.0.1, retrieved 2026-07-24)"
CNY,claims_usd_m,2023-Q2,297677.270520502,2023-06-30,"IMF COFER (IMF.STA COFER 7.0.1, retrieved 2026-07-24)"
CNY,share_pct,2023-Q2,2.47479271888733,2023-06-30,"IMF COFER (IMF.STA COFER 7.0.1, retrieved 2026-07-24)"
EUR,claims_usd_m,2023-Q2,2275737.70719578,2023-06-30,"IMF COFER (IMF.STA COFER 7.0.1, retrieved 2026-07-24)"
EUR,share_pct,2023-Q2,18.9197483062744,2023-06-30,"IMF COFER (IMF.STA COFER 7.0.1, retrieved 2026-07-24)"
GBP,claims_usd_m,2023-Q2,564939.156737311,2023-06-30,"IMF COFER (IMF.STA COFER 7.0.1, retrieved 2026-07-24)"
GBP,share_pct,2023-Q2,4.69672155380249,2023-06-30,"IMF COFER (IMF.STA COFER 7.0.1, retrieved 2026-07-24)"
JPY,claims_usd_m,2023-Q2,658985.53141978,2023-06-30,"IMF COFER (IMF.STA COFER 7.0.1, retrieved 2026-07-24)"
JPY,share_pct,2023-Q2,5.47859287261963,2023-06-30,"IMF COFER (IMF.STA COFER 7.0.1, retrieved 2026-07-24)"
OTHER,claims_usd_m,2023-Q2,487402.367705143,2023-06-30,"IMF COFER (IMF.STA COFER 7.0.1, retrieved 2026-07-24)"
OTHER,share_pct,2023-Q2,4.05210590362549,2023-06-30,"IMF COFER (IMF.STA COFER 7.0.1, retrieved 2026-07-24)"
TOTAL,claims_usd_m,2023-Q2,12028372.4127298,2023-06-30,"IMF COFER (IMF.STA COFER 7.0.1, retrieved 2026-07-24)"
TOTAL,share_pct,2023-Q2,100.0,2023-06-30,"IMF COFER (IMF.STA COFER 7.0.1, retrieved 2026-07-24)"
USD,claims_usd_m,2023-Q2,7195140.00696309,2023-06-30,"IMF COFER (IMF.STA COFER 7.0.1, retrieved 2026-07-24)"
USD,share_pct,2023-Q2,59.8180694580078,2023-06-30,"IMF COFER (IMF.STA COFER 7.0.1, retrieved 2026-07-24)"
AUD,claims_usd_m,2023-Q3,232664.435844984,2023-09-30,"IMF COFER (IMF.STA COFER 7.0.1, retrieved 2026-07-24)"
AUD,share_pct,2023-Q3,1.96841478347778,2023-09-30,"IMF COFER (IMF.STA COFER 7.0.1, retrieved 2026-07-24)"
CAD,claims_usd_m,2023-Q3,286032.161611438,2023-09-30,"IMF COFER (IMF.STA COFER 7.0.1, retrieved 2026-07-24)"
CAD,share_pct,2023-Q3,2.41992259025574,2023-09-30,"IMF COFER (IMF.STA COFER 7.0.1, retrieved 2026-07-24)"
CHF,claims_usd_m,2023-Q3,22371.6531795593,2023-09-30,"IMF COFER (IMF.STA COFER 7.0.1, retrieved 2026-07-24)"
CHF,share_pct,2023-Q3,0.18927127122879,2023-09-30,"IMF COFER (IMF.STA COFER 7.0.1, retrieved 2026-07-24)"
CNY,claims_usd_m,2023-Q3,287832.200658413,2023-09-30,"IMF COFER (IMF.STA COFER 7.0.1, retrieved 2026-07-24)"
CNY,share_pct,2023-Q3,2.43515157699585,2023-09-30,"IMF COFER (IMF.STA COFER 7.0.1, retrieved 2026-07-24)"
EUR,claims_usd_m,2023-Q3,2234019.99392079,2023-09-30,"IMF COFER (IMF.STA COFER 7.0.1, retrieved 2026-07-24)"
EUR,share_pct,2023-Q3,18.9005165100098,2023-09-30,"IMF COFER (IMF.STA COFER 7.0.1, retrieved 2026-07-24)"
GBP,claims_usd_m,2023-Q3,571024.485634156,2023-09-30,"IMF COFER (IMF.STA COFER 7.0.1, retrieved 2026-07-24)"
GBP,share_pct,2023-Q3,4.83104801177979,2023-09-30,"IMF COFER (IMF.STA COFER 7.0.1, retrieved 2026-07-24)"
JPY,claims_usd_m,2023-Q3,616554.661278993,2023-09-30,"IMF COFER (IMF.STA COFER 7.0.1, retrieved 2026-07-24)"
JPY,share_pct,2023-Q3,5.21624755859375,2023-09-30,"IMF COFER (IMF.STA COFER 7.0.1, retrieved 2026-07-24)"
OTHER,claims_usd_m,2023-Q3,514120.098275274,2023-09-30,"IMF COFER (IMF.STA COFER 7.0.1, retrieved 2026-07-24)"
OTHER,share_pct,2023-Q3,4.34961891174316,2023-09-30,"IMF COFER (IMF.STA COFER 7.0.1, retrieved 2026-07-24)"
TOTAL,claims_usd_m,2023-Q3,11819888.460196,2023-09-30,"IMF COFER (IMF.STA COFER 7.0.1, retrieved 2026-07-24)"
TOTAL,share_pct,2023-Q3,100.0,2023-09-30,"IMF COFER (IMF.STA COFER 7.0.1, retrieved 2026-07-24)"
USD,claims_usd_m,2023-Q3,7055268.76979238,2023-09-30,"IMF COFER (IMF.STA COFER 7.0.1, retrieved 2026-07-24)"
USD,share_pct,2023-Q3,59.6898078918457,2023-09-30,"IMF COFER (IMF.STA COFER 7.0.1, retrieved 2026-07-24)"
AUD,claims_usd_m,2023-Q4,257087.165004811,2023-12-31,"IMF COFER (IMF.STA COFER 7.0.1, retrieved 2026-07-24)"
AUD,share_pct,2023-Q4,2.08758854866028,2023-12-31,"IMF COFER (IMF.STA COFER 7.0.1, retrieved 2026-07-24)"
CAD,claims_usd_m,2023-Q4,309452.815259973,2023-12-31,"IMF COFER (IMF.STA COFER 7.0.1, retrieved 2026-07-24)"
CAD,share_pct,2023-Q4,2.51280570030212,2023-12-31,"IMF COFER (IMF.STA COFER 7.0.1, retrieved 2026-07-24)"
CHF,claims_usd_m,2023-Q4,24556.5274905552,2023-12-31,"IMF COFER (IMF.STA COFER 7.0.1, retrieved 2026-07-24)"
CHF,share_pct,2023-Q4,0.199402883648872,2023-12-31,"IMF COFER (IMF.STA COFER 7.0.1, retrieved 2026-07-24)"
CNY,claims_usd_m,2023-Q4,287991.12814253,2023-12-31,"IMF COFER (IMF.STA COFER 7.0.1, retrieved 2026-07-24)"
CNY,share_pct,2023-Q4,2.33853340148926,2023-12-31,"IMF COFER (IMF.STA COFER 7.0.1, retrieved 2026-07-24)"
EUR,claims_usd_m,2023-Q4,2365617.47429495,2023-12-31,"IMF COFER (IMF.STA COFER 7.0.1, retrieved 2026-07-24)"
EUR,share_pct,2023-Q4,19.2091884613037,2023-12-31,"IMF COFER (IMF.STA COFER 7.0.1, retrieved 2026-07-24)"
GBP,claims_usd_m,2023-Q4,589550.966305422,2023-12-31,"IMF COFER (IMF.STA COFER 7.0.1, retrieved 2026-07-24)"
GBP,share_pct,2023-Q4,4.78724718093872,2023-12-31,"IMF COFER (IMF.STA COFER 7.0.1, retrieved 2026-07-24)"
JPY,claims_usd_m,2023-Q4,670107.662151317,2023-12-31,"IMF COFER (IMF.STA COFER 7.0.1, retrieved 2026-07-24)"
JPY,share_pct,2023-Q4,5.4413800239563,2023-12-31,"IMF COFER (IMF.STA COFER 7.0.1, retrieved 2026-07-24)"
OTHER,claims_usd_m,2023-Q4,547309.031118351,2023-12-31,"IMF COFER (IMF.STA COFER 7.0.1, retrieved 2026-07-24)"
OTHER,share_pct,2023-Q4,4.44423580169678,2023-12-31,"IMF COFER (IMF.STA COFER 7.0.1, retrieved 2026-07-24)"
TOTAL,claims_usd_m,2023-Q4,12315031.0402511,2023-12-31,"IMF COFER (IMF.STA COFER 7.0.1, retrieved 2026-07-24)"
TOTAL,share_pct,2023-Q4,100.0,2023-12-31,"IMF COFER (IMF.STA COFER 7.0.1, retrieved 2026-07-24)"
USD,claims_usd_m,2023-Q4,7263358.27048321,2023-12-31,"IMF COFER (IMF.STA COFER 7.0.1, retrieved 2026-07-24)"
USD,share_pct,2023-Q4,58.9796180725098,2023-12-31,"IMF COFER (IMF.STA COFER 7.0.1, retrieved 2026-07-24)"
AUD,claims_usd_m,2024-Q1,260242.019327504,2024-03-31,"IMF COFER (IMF.STA COFER 7.0.1, retrieved 2026-07-24)"
AUD,share_pct,2024-Q1,2.10727906227112,2024-03-31,"IMF COFER (IMF.STA COFER 7.0.1, retrieved 2026-07-24)"
CAD,claims_usd_m,2024-Q1,308947.518720655,2024-03-31,"IMF COFER (IMF.STA COFER 7.0.1, retrieved 2026-07-24)"
CAD,share_pct,2024-Q1,2.50166630744934,2024-03-31,"IMF COFER (IMF.STA COFER 7.0.1, retrieved 2026-07-24)"
CHF,claims_usd_m,2024-Q1,24283.9709574547,2024-03-31,"IMF COFER (IMF.STA COFER 7.0.1, retrieved 2026-07-24)"
CHF,share_pct,2024-Q1,0.196636602282524,2024-03-31,"IMF COFER (IMF.STA COFER 7.0.1, retrieved 2026-07-24)"
CNY,claims_usd_m,2024-Q1,263937.303974705,2024-03-31,"IMF COFER (IMF.STA COFER 7.0.1, retrieved 2026-07-24)"
CNY,share_pct,2024-Q1,2.1372013092041,2024-03-31,"IMF COFER (IMF.STA COFER 7.0.1, retrieved 2026-07-24)"
EUR,claims_usd_m,2024-Q1,2330668.02115999,2024-03-31,"IMF COFER (IMF.STA COFER 7.0.1, retrieved 2026-07-24)"
EUR,share_pct,2024-Q1,18.8723106384277,2024-03-31,"IMF COFER (IMF.STA COFER 7.0.1, retrieved 2026-07-24)"
GBP,claims_usd_m,2024-Q1,595535.469663042,2024-03-31,"IMF COFER (IMF.STA COFER 7.0.1, retrieved 2026-07-24)"
GBP,share_pct,2024-Q1,4.82227849960327,2024-03-31,"IMF COFER (IMF.STA COFER 7.0.1, retrieved 2026-07-24)"
JPY,claims_usd_m,2024-Q1,674699.133655573,2024-03-31,"IMF COFER (IMF.STA COFER 7.0.1, retrieved 2026-07-24)"
JPY,share_pct,2024-Q1,5.46329689025879,2024-03-31,"IMF COFER (IMF.STA COFER 7.0.1, retrieved 2026-07-24)"
OTHER,claims_usd_m,2024-Q1,541897.987640134,2024-03-31,"IMF COFER (IMF.STA COFER 7.0.1, retrieved 2026-07-24)"
OTHER,share_pct,2024-Q1,4.38795518875122,2024-03-31,"IMF COFER (IMF.STA COFER 7.0.1, retrieved 2026-07-24)"
TOTAL,claims_usd_m,2024-Q1,12349669.9223934,2024-03-31,"IMF COFER (IMF.STA COFER 7.0.1, retrieved 2026-07-24)"
TOTAL,share_pct,2024-Q1,100.0,2024-03-31,"IMF COFER (IMF.STA COFER 7.0.1, retrieved 2026-07-24)"
USD,claims_usd_m,2024-Q1,7349458.49729433,2024-03-31,"IMF COFER (IMF.STA COFER 7.0.1, retrieved 2026-07-24)"
USD,share_pct,2024-Q1,59.5113754272461,2024-03-31,"IMF COFER (IMF.STA COFER 7.0.1, retrieved 2026-07-24)"
AUD,claims_usd_m,2024-Q2,269443.650731582,2024-06-30,"IMF COFER (IMF.STA COFER 7.0.1, retrieved 2026-07-24)"
AUD,share_pct,2024-Q2,2.18794274330139,2024-06-30,"IMF COFER (IMF.STA COFER 7.0.1, retrieved 2026-07-24)"
CAD,claims_usd_m,2024-Q2,327520.48682663,2024-06-30,"IMF COFER (IMF.STA COFER 7.0.1, retrieved 2026-07-24)"
CAD,share_pct,2024-Q2,2.65953969955444,2024-06-30,"IMF COFER (IMF.STA COFER 7.0.1, retrieved 2026-07-24)"
CHF,claims_usd_m,2024-Q2,24335.2679254305,2024-06-30,"IMF COFER (IMF.STA COFER 7.0.1, retrieved 2026-07-24)"
CHF,share_pct,2024-Q2,0.197607830166817,2024-06-30,"IMF COFER (IMF.STA COFER 7.0.1, retrieved 2026-07-24)"
CNY,claims_usd_m,2024-Q2,255709.414278755,2024-06-30,"IMF COFER (IMF.STA COFER 7.0.1, retrieved 2026-07-24)"
CNY,share_pct,2024-Q2,2.07641768455505,2024-06-30,"IMF COFER (IMF.STA COFER 7.0.1, retrieved 2026-07-24)"
EUR,claims_usd_m,2024-Q2,2318158.87151455,2024-06-30,"IMF COFER (IMF.STA COFER 7.0.1, retrieved 2026-07-24)"
EUR,share_pct,2024-Q2,18.8239688873291,2024-06-30,"IMF COFER (IMF.STA COFER 7.0.1, retrieved 2026-07-24)"
GBP,claims_usd_m,2024-Q2,588202.321754443,2024-06-30,"IMF COFER (IMF.STA COFER 7.0.1, retrieved 2026-07-24)"
GBP,share_pct,2024-Q2,4.77633476257324,2024-06-30,"IMF COFER (IMF.STA COFER 7.0.1, retrieved 2026-07-24)"
JPY,claims_usd_m,2024-Q2,679624.49159225,2024-06-30,"IMF COFER (IMF.STA COFER 7.0.1, retrieved 2026-07-24)"
JPY,share_pct,2024-Q2,5.5187029838562,2024-06-30,"IMF COFER (IMF.STA COFER 7.0.1, retrieved 2026-07-24)"
OTHER,claims_usd_m,2024-Q2,602879.932683881,2024-06-30,"IMF COFER (IMF.STA COFER 7.0.1, retrieved 2026-07-24)"
OTHER,share_pct,2024-Q2,4.89552021026611,2024-06-30,"IMF COFER (IMF.STA COFER 7.0.1, retrieved 2026-07-24)"
TOTAL,claims_usd_m,2024-Q2,12314931.0945364,2024-06-30,"IMF COFER (IMF.STA COFER 7.0.1, retrieved 2026-07-24)"
TOTAL,share_pct,2024-Q2,100.0,2024-06-30,"IMF COFER (IMF.STA COFER 7.0.1, retrieved 2026-07-24)"
USD,claims_usd_m,2024-Q2,7249056.65722883,2024-06-30,"IMF COFER (IMF.STA COFER 7.0.1, retrieved 2026-07-24)"
USD,share_pct,2024-Q2,58.8639640808106,2024-06-30,"IMF COFER (IMF.STA COFER 7.0.1, retrieved 2026-07-24)"
AUD,claims_usd_m,2024-Q3,284972.372581812,2024-09-30,"IMF COFER (IMF.STA COFER 7.0.1, retrieved 2026-07-24)"
AUD,share_pct,2024-Q3,2.23912620544434,2024-09-30,"IMF COFER (IMF.STA COFER 7.0.1, retrieved 2026-07-24)"
CAD,claims_usd_m,2024-Q3,351240.456703259,2024-09-30,"IMF COFER (IMF.STA COFER 7.0.1, retrieved 2026-07-24)"
CAD,share_pct,2024-Q3,2.75981760025024,2024-09-30,"IMF COFER (IMF.STA COFER 7.0.1, retrieved 2026-07-24)"
CHF,claims_usd_m,2024-Q3,25140.2948581934,2024-09-30,"IMF COFER (IMF.STA COFER 7.0.1, retrieved 2026-07-24)"
CHF,share_pct,2024-Q3,0.19753597676754,2024-09-30,"IMF COFER (IMF.STA COFER 7.0.1, retrieved 2026-07-24)"
CNY,claims_usd_m,2024-Q3,269410.068687974,2024-09-30,"IMF COFER (IMF.STA COFER 7.0.1, retrieved 2026-07-24)"
CNY,share_pct,2024-Q3,2.11684799194336,2024-09-30,"IMF COFER (IMF.STA COFER 7.0.1, retrieved 2026-07-24)"
EUR,claims_usd_m,2024-Q3,2437412.25191245,2024-09-30,"IMF COFER (IMF.STA COFER 7.0.1, retrieved 2026-07-24)"
EUR,share_pct,2024-Q3,19.15159034729,2024-09-30,"IMF COFER (IMF.STA COFER 7.0.1, retrieved 2026-07-24)"
GBP,claims_usd_m,2024-Q3,617878.624285082,2024-09-30,"IMF COFER (IMF.STA COFER 7.0.1, retrieved 2026-07-24)"
GBP,share_pct,2024-Q3,4.85488557815552,2024-09-30,"IMF COFER (IMF.STA COFER 7.0.1, retrieved 2026-07-24)"
JPY,claims_usd_m,2024-Q3,719413.874310835,2024-09-30,"IMF COFER (IMF.STA COFER 7.0.1, retrieved 2026-07-24)"
JPY,share_pct,2024-Q3,5.65268325805664,2024-09-30,"IMF COFER (IMF.STA COFER 7.0.1, retrieved 2026-07-24)"
OTHER,claims_usd_m,2024-Q3,659683.560130403,2024-09-30,"IMF COFER (IMF.STA COFER 7.0.1, retrieved 2026-07-24)"
OTHER,share_pct,2024-Q3,5.18336153030396,2024-09-30,"IMF COFER (IMF.STA COFER 7.0.1, retrieved 2026-07-24)"
TOTAL,claims_usd_m,2024-Q3,12726944.9202814,2024-09-30,"IMF COFER (IMF.STA COFER 7.0.1, retrieved 2026-07-24)"
TOTAL,share_pct,2024-Q3,100.0,2024-09-30,"IMF COFER (IMF.STA COFER 7.0.1, retrieved 2026-07-24)"
USD,claims_usd_m,2024-Q3,7361793.41681141,2024-09-30,"IMF COFER (IMF.STA COFER 7.0.1, retrieved 2026-07-24)"
USD,share_pct,2024-Q3,57.8441505432129,2024-09-30,"IMF COFER (IMF.STA COFER 7.0.1, retrieved 2026-07-24)"
AUD,claims_usd_m,2024-Q4,251065.325486428,2024-12-31,"IMF COFER (IMF.STA COFER 7.0.1, retrieved 2026-07-24)"
AUD,share_pct,2024-Q4,2.0361864566803,2024-12-31,"IMF COFER (IMF.STA COFER 7.0.1, retrieved 2026-07-24)"
CAD,claims_usd_m,2024-Q4,350581.092403093,2024-12-31,"IMF COFER (IMF.STA COFER 7.0.1, retrieved 2026-07-24)"
CAD,share_pct,2024-Q4,2.8432776927948,2024-12-31,"IMF COFER (IMF.STA COFER 7.0.1, retrieved 2026-07-24)"
CHF,claims_usd_m,2024-Q4,27033.9206092146,2024-12-31,"IMF COFER (IMF.STA COFER 7.0.1, retrieved 2026-07-24)"
CHF,share_pct,2024-Q4,0.219250112771988,2024-12-31,"IMF COFER (IMF.STA COFER 7.0.1, retrieved 2026-07-24)"
CNY,claims_usd_m,2024-Q4,254643.469471343,2024-12-31,"IMF COFER (IMF.STA COFER 7.0.1, retrieved 2026-07-24)"
CNY,share_pct,2024-Q4,2.06520581245422,2024-12-31,"IMF COFER (IMF.STA COFER 7.0.1, retrieved 2026-07-24)"
EUR,claims_usd_m,2024-Q4,2331670.99954263,2024-12-31,"IMF COFER (IMF.STA COFER 7.0.1, retrieved 2026-07-24)"
EUR,share_pct,2024-Q4,18.9102840423584,2024-12-31,"IMF COFER (IMF.STA COFER 7.0.1, retrieved 2026-07-24)"
GBP,claims_usd_m,2024-Q4,566897.420198302,2024-12-31,"IMF COFER (IMF.STA COFER 7.0.1, retrieved 2026-07-24)"
GBP,share_pct,2024-Q4,4.59764337539673,2024-12-31,"IMF COFER (IMF.STA COFER 7.0.1, retrieved 2026-07-24)"
JPY,claims_usd_m,2024-Q4,695458.253090187,2024-12-31,"IMF COFER (IMF.STA COFER 7.0.1, retrieved 2026-07-24)"
JPY,share_pct,2024-Q4,5.64029550552368,2024-12-31,"IMF COFER (IMF.STA COFER 7.0.1, retrieved 2026-07-24)"
OTHER,claims_usd_m,2024-Q4,650986.466069034,2024-12-31,"IMF COFER (IMF.STA COFER 7.0.1, retrieved 2026-07-24)"
OTHER,share_pct,2024-Q4,5.27962112426758,2024-12-31,"IMF COFER (IMF.STA COFER 7.0.1, retrieved 2026-07-24)"
TOTAL,claims_usd_m,2024-Q4,12330174.0888089,2024-12-31,"IMF COFER (IMF.STA COFER 7.0.1, retrieved 2026-07-24)"
TOTAL,share_pct,2024-Q4,100.0,2024-12-31,"IMF COFER (IMF.STA COFER 7.0.1, retrieved 2026-07-24)"
USD,claims_usd_m,2024-Q4,7201837.14193864,2024-12-31,"IMF COFER (IMF.STA COFER 7.0.1, retrieved 2026-07-24)"
USD,share_pct,2024-Q4,58.4082374572754,2024-12-31,"IMF COFER (IMF.STA COFER 7.0.1, retrieved 2026-07-24)"
AUD,claims_usd_m,2025-Q1,249165.028743802,2025-03-31,"IMF COFER (IMF.STA COFER 7.0.1, retrieved 2026-07-24)"
AUD,share_pct,2025-Q1,1.99325788021088,2025-03-31,"IMF COFER (IMF.STA COFER 7.0.1, retrieved 2026-07-24)"
CAD,claims_usd_m,2025-Q1,329658.732207748,2025-03-31,"IMF COFER (IMF.STA COFER 7.0.1, retrieved 2026-07-24)"
CAD,share_pct,2025-Q1,2.63718724250794,2025-03-31,"IMF COFER (IMF.STA COFER 7.0.1, retrieved 2026-07-24)"
CHF,claims_usd_m,2025-Q1,28467.6995223473,2025-03-31,"IMF COFER (IMF.STA COFER 7.0.1, retrieved 2026-07-24)"
CHF,share_pct,2025-Q1,0.227734461426735,2025-03-31,"IMF COFER (IMF.STA COFER 7.0.1, retrieved 2026-07-24)"
CNY,claims_usd_m,2025-Q1,245529.673807255,2025-03-31,"IMF COFER (IMF.STA COFER 7.0.1, retrieved 2026-07-24)"
CNY,share_pct,2025-Q1,1.96417593955994,2025-03-31,"IMF COFER (IMF.STA COFER 7.0.1, retrieved 2026-07-24)"
EUR,claims_usd_m,2025-Q1,2388699.98085024,2025-03-31,"IMF COFER (IMF.STA COFER 7.0.1, retrieved 2026-07-24)"
EUR,share_pct,2025-Q1,19.109001159668,2025-03-31,"IMF COFER (IMF.STA COFER 7.0.1, retrieved 2026-07-24)"
GBP,claims_usd_m,2025-Q1,576346.442826503,2025-03-31,"IMF COFER (IMF.STA COFER 7.0.1, retrieved 2026-07-24)"
GBP,share_pct,2025-Q1,4.61062717437744,2025-03-31,"IMF COFER (IMF.STA COFER 7.0.1, retrieved 2026-07-24)"
JPY,claims_usd_m,2025-Q1,720165.493228881,2025-03-31,"IMF COFER (IMF.STA COFER 7.0.1, retrieved 2026-07-24)"
JPY,share_pct,2025-Q1,5.76114368438721,2025-03-31,"IMF COFER (IMF.STA COFER 7.0.1, retrieved 2026-07-24)"
OTHER,claims_usd_m,2025-Q1,664139.575233857,2025-03-31,"IMF COFER (IMF.STA COFER 7.0.1, retrieved 2026-07-24)"
OTHER,share_pct,2025-Q1,5.31295013427734,2025-03-31,"IMF COFER (IMF.STA COFER 7.0.1, retrieved 2026-07-24)"
TOTAL,claims_usd_m,2025-Q1,12500391.2292505,2025-03-31,"IMF COFER (IMF.STA COFER 7.0.1, retrieved 2026-07-24)"
TOTAL,share_pct,2025-Q1,100.0,2025-03-31,"IMF COFER (IMF.STA COFER 7.0.1, retrieved 2026-07-24)"
USD,claims_usd_m,2025-Q1,7298218.60282981,2025-03-31,"IMF COFER (IMF.STA COFER 7.0.1, retrieved 2026-07-24)"
USD,share_pct,2025-Q1,58.3839225769043,2025-03-31,"IMF COFER (IMF.STA COFER 7.0.1, retrieved 2026-07-24)"
AUD,claims_usd_m,2025-Q2,266590.403451264,2025-06-30,"IMF COFER (IMF.STA COFER 7.0.1, retrieved 2026-07-24)"
AUD,share_pct,2025-Q2,2.06003737449646,2025-06-30,"IMF COFER (IMF.STA COFER 7.0.1, retrieved 2026-07-24)"
CAD,claims_usd_m,2025-Q2,340572.594385406,2025-06-30,"IMF COFER (IMF.STA COFER 7.0.1, retrieved 2026-07-24)"
CAD,share_pct,2025-Q2,2.63172364234924,2025-06-30,"IMF COFER (IMF.STA COFER 7.0.1, retrieved 2026-07-24)"
CHF,claims_usd_m,2025-Q2,28149.8407362446,2025-06-30,"IMF COFER (IMF.STA COFER 7.0.1, retrieved 2026-07-24)"
CHF,share_pct,2025-Q2,0.21752367913723,2025-06-30,"IMF COFER (IMF.STA COFER 7.0.1, retrieved 2026-07-24)"
CNY,claims_usd_m,2025-Q2,255893.826465059,2025-06-30,"IMF COFER (IMF.STA COFER 7.0.1, retrieved 2026-07-24)"
CNY,share_pct,2025-Q2,1.97738122940064,2025-06-30,"IMF COFER (IMF.STA COFER 7.0.1, retrieved 2026-07-24)"
EUR,claims_usd_m,2025-Q2,2622459.71693511,2025-06-30,"IMF COFER (IMF.STA COFER 7.0.1, retrieved 2026-07-24)"
EUR,share_pct,2025-Q2,20.2646656036377,2025-06-30,"IMF COFER (IMF.STA COFER 7.0.1, retrieved 2026-07-24)"
GBP,claims_usd_m,2025-Q2,610240.025035435,2025-06-30,"IMF COFER (IMF.STA COFER 7.0.1, retrieved 2026-07-24)"
GBP,share_pct,2025-Q2,4.7155385017395,2025-06-30,"IMF COFER (IMF.STA COFER 7.0.1, retrieved 2026-07-24)"
JPY,claims_usd_m,2025-Q2,733662.273120696,2025-06-30,"IMF COFER (IMF.STA COFER 7.0.1, retrieved 2026-07-24)"
JPY,share_pct,2025-Q2,5.66926527023315,2025-06-30,"IMF COFER (IMF.STA COFER 7.0.1, retrieved 2026-07-24)"
OTHER,claims_usd_m,2025-Q2,714492.471729462,2025-06-30,"IMF COFER (IMF.STA COFER 7.0.1, retrieved 2026-07-24)"
OTHER,share_pct,2025-Q2,5.52113342285156,2025-06-30,"IMF COFER (IMF.STA COFER 7.0.1, retrieved 2026-07-24)"
TOTAL,claims_usd_m,2025-Q2,12941046.6892512,2025-06-30,"IMF COFER (IMF.STA COFER 7.0.1, retrieved 2026-07-24)"
TOTAL,share_pct,2025-Q2,100.0,2025-06-30,"IMF COFER (IMF.STA COFER 7.0.1, retrieved 2026-07-24)"
USD,claims_usd_m,2025-Q2,7368985.53739253,2025-06-30,"IMF COFER (IMF.STA COFER 7.0.1, retrieved 2026-07-24)"
USD,share_pct,2025-Q2,56.9427337646484,2025-06-30,"IMF COFER (IMF.STA COFER 7.0.1, retrieved 2026-07-24)"
AUD,claims_usd_m,2025-Q3,268544.178763162,2025-09-30,"IMF COFER (IMF.STA COFER 7.0.1, retrieved 2026-07-24)"
AUD,share_pct,2025-Q3,2.06034231185913,2025-09-30,"IMF COFER (IMF.STA COFER 7.0.1, retrieved 2026-07-24)"
CAD,claims_usd_m,2025-Q3,347698.826142695,2025-09-30,"IMF COFER (IMF.STA COFER 7.0.1, retrieved 2026-07-24)"
CAD,share_pct,2025-Q3,2.66763782501221,2025-09-30,"IMF COFER (IMF.STA COFER 7.0.1, retrieved 2026-07-24)"
CHF,claims_usd_m,2025-Q3,28921.6996629073,2025-09-30,"IMF COFER (IMF.STA COFER 7.0.1, retrieved 2026-07-24)"
CHF,share_pct,2025-Q3,0.221894979476929,2025-09-30,"IMF COFER (IMF.STA COFER 7.0.1, retrieved 2026-07-24)"
CNY,claims_usd_m,2025-Q3,253725.216724873,2025-09-30,"IMF COFER (IMF.STA COFER 7.0.1, retrieved 2026-07-24)"
CNY,share_pct,2025-Q3,1.94664740562439,2025-09-30,"IMF COFER (IMF.STA COFER 7.0.1, retrieved 2026-07-24)"
EUR,claims_usd_m,2025-Q3,2670251.20265289,2025-09-30,"IMF COFER (IMF.STA COFER 7.0.1, retrieved 2026-07-24)"
EUR,share_pct,2025-Q3,20.4868774414063,2025-09-30,"IMF COFER (IMF.STA COFER 7.0.1, retrieved 2026-07-24)"
GBP,claims_usd_m,2025-Q3,587771.664621186,2025-09-30,"IMF COFER (IMF.STA COFER 7.0.1, retrieved 2026-07-24)"
GBP,share_pct,2025-Q3,4.50954055786133,2025-09-30,"IMF COFER (IMF.STA COFER 7.0.1, retrieved 2026-07-24)"
JPY,claims_usd_m,2025-Q3,757519.170207034,2025-09-30,"IMF COFER (IMF.STA COFER 7.0.1, retrieved 2026-07-24)"
JPY,share_pct,2025-Q3,5.81188869476318,2025-09-30,"IMF COFER (IMF.STA COFER 7.0.1, retrieved 2026-07-24)"
OTHER,claims_usd_m,2025-Q3,742003.260804066,2025-09-30,"IMF COFER (IMF.STA COFER 7.0.1, retrieved 2026-07-24)"
OTHER,share_pct,2025-Q3,5.69284629821777,2025-09-30,"IMF COFER (IMF.STA COFER 7.0.1, retrieved 2026-07-24)"
TOTAL,claims_usd_m,2025-Q3,13033958.7263958,2025-09-30,"IMF COFER (IMF.STA COFER 7.0.1, retrieved 2026-07-24)"
TOTAL,share_pct,2025-Q3,100.0,2025-09-30,"IMF COFER (IMF.STA COFER 7.0.1, retrieved 2026-07-24)"
USD,claims_usd_m,2025-Q3,7377523.50681703,2025-09-30,"IMF COFER (IMF.STA COFER 7.0.1, retrieved 2026-07-24)"
USD,share_pct,2025-Q3,56.6023254394531,2025-09-30,"IMF COFER (IMF.STA COFER 7.0.1, retrieved 2026-07-24)"
AUD,claims_usd_m,2025-Q4,265942.867196437,2025-12-31,"IMF COFER (IMF.STA COFER 7.0.1, retrieved 2026-07-24)"
AUD,share_pct,2025-Q4,2.02289247512817,2025-12-31,"IMF COFER (IMF.STA COFER 7.0.1, retrieved 2026-07-24)"
CAD,claims_usd_m,2025-Q4,328230.274670852,2025-12-31,"IMF COFER (IMF.STA COFER 7.0.1, retrieved 2026-07-24)"
CAD,share_pct,2025-Q4,2.49668121337891,2025-12-31,"IMF COFER (IMF.STA COFER 7.0.1, retrieved 2026-07-24)"
CHF,claims_usd_m,2025-Q4,29995.9863001851,2025-12-31,"IMF COFER (IMF.STA COFER 7.0.1, retrieved 2026-07-24)"
CHF,share_pct,2025-Q4,0.228164255619049,2025-12-31,"IMF COFER (IMF.STA COFER 7.0.1, retrieved 2026-07-24)"
CNY,claims_usd_m,2025-Q4,256995.176317892,2025-12-31,"IMF COFER (IMF.STA COFER 7.0.1, retrieved 2026-07-24)"
CNY,share_pct,2025-Q4,1.95483195781708,2025-12-31,"IMF COFER (IMF.STA COFER 7.0.1, retrieved 2026-07-24)"
EUR,claims_usd_m,2025-Q4,2679437.24929471,2025-12-31,"IMF COFER (IMF.STA COFER 7.0.1, retrieved 2026-07-24)"
EUR,share_pct,2025-Q4,20.3811206817627,2025-12-31,"IMF COFER (IMF.STA COFER 7.0.1, retrieved 2026-07-24)"
GBP,claims_usd_m,2025-Q4,579635.734566264,2025-12-31,"IMF COFER (IMF.STA COFER 7.0.1, retrieved 2026-07-24)"
GBP,share_pct,2025-Q4,4.40899515151978,2025-12-31,"IMF COFER (IMF.STA COFER 7.0.1, retrieved 2026-07-24)"
JPY,claims_usd_m,2025-Q4,768227.454887091,2025-12-31,"IMF COFER (IMF.STA COFER 7.0.1, retrieved 2026-07-24)"
JPY,share_pct,2025-Q4,5.84351682662964,2025-12-31,"IMF COFER (IMF.STA COFER 7.0.1, retrieved 2026-07-24)"
OTHER,claims_usd_m,2025-Q4,821209.809172617,2025-12-31,"IMF COFER (IMF.STA COFER 7.0.1, retrieved 2026-07-24)"
OTHER,share_pct,2025-Q4,6.24652671813965,2025-12-31,"IMF COFER (IMF.STA COFER 7.0.1, retrieved 2026-07-24)"
TOTAL,claims_usd_m,2025-Q4,13146663.0776862,2025-12-31,"IMF COFER (IMF.STA COFER 7.0.1, retrieved 2026-07-24)"
TOTAL,share_pct,2025-Q4,100.0,2025-12-31,"IMF COFER (IMF.STA COFER 7.0.1, retrieved 2026-07-24)"
USD,claims_usd_m,2025-Q4,7416988.52528019,2025-12-31,"IMF COFER (IMF.STA COFER 7.0.1, retrieved 2026-07-24)"
USD,share_pct,2025-Q4,56.4172706604004,2025-12-31,"IMF COFER (IMF.STA COFER 7.0.1, retrieved 2026-07-24)"
AUD,claims_usd_m,2026-Q1,276775.411421046,2026-03-31,"IMF COFER (IMF.STA COFER 7.0.1, retrieved 2026-07-24)"
AUD,share_pct,2026-Q1,2.11199975013733,2026-03-31,"IMF COFER (IMF.STA COFER 7.0.1, retrieved 2026-07-24)"
CAD,claims_usd_m,2026-Q1,324590.697796917,2026-03-31,"IMF COFER (IMF.STA COFER 7.0.1, retrieved 2026-07-24)"
CAD,share_pct,2026-Q1,2.47686553001404,2026-03-31,"IMF COFER (IMF.STA COFER 7.0.1, retrieved 2026-07-24)"
CHF,claims_usd_m,2026-Q1,32032.2650052941,2026-03-31,"IMF COFER (IMF.STA COFER 7.0.1, retrieved 2026-07-24)"
CHF,share_pct,2026-Q1,0.244429707527161,2026-03-31,"IMF COFER (IMF.STA COFER 7.0.1, retrieved 2026-07-24)"
CNY,claims_usd_m,2026-Q1,260138.119155243,2026-03-31,"IMF COFER (IMF.STA COFER 7.0.1, retrieved 2026-07-24)"
CNY,share_pct,2026-Q1,1.98504495620728,2026-03-31,"IMF COFER (IMF.STA COFER 7.0.1, retrieved 2026-07-24)"
EUR,claims_usd_m,2026-Q1,2625001.44070001,2026-03-31,"IMF COFER (IMF.STA COFER 7.0.1, retrieved 2026-07-24)"
EUR,share_pct,2026-Q1,20.030689239502,2026-03-31,"IMF COFER (IMF.STA COFER 7.0.1, retrieved 2026-07-24)"
GBP,claims_usd_m,2026-Q1,576458.925792361,2026-03-31,"IMF COFER (IMF.STA COFER 7.0.1, retrieved 2026-07-24)"
GBP,share_pct,2026-Q1,4.39880514144898,2026-03-31,"IMF COFER (IMF.STA COFER 7.0.1, retrieved 2026-07-24)"
JPY,claims_usd_m,2026-Q1,713110.837683817,2026-03-31,"IMF COFER (IMF.STA COFER 7.0.1, retrieved 2026-07-24)"
JPY,share_pct,2026-Q1,5.44155931472778,2026-03-31,"IMF COFER (IMF.STA COFER 7.0.1, retrieved 2026-07-24)"
OTHER,claims_usd_m,2026-Q1,809859.08483991,2026-03-31,"IMF COFER (IMF.STA COFER 7.0.1, retrieved 2026-07-24)"
OTHER,share_pct,2026-Q1,6.17981958389282,2026-03-31,"IMF COFER (IMF.STA COFER 7.0.1, retrieved 2026-07-24)"
TOTAL,claims_usd_m,2026-Q1,13104898.3371957,2026-03-31,"IMF COFER (IMF.STA COFER 7.0.1, retrieved 2026-07-24)"
TOTAL,share_pct,2026-Q1,100.0,2026-03-31,"IMF COFER (IMF.STA COFER 7.0.1, retrieved 2026-07-24)"
USD,claims_usd_m,2026-Q1,7486931.55480115,2026-03-31,"IMF COFER (IMF.STA COFER 7.0.1, retrieved 2026-07-24)"
USD,share_pct,2026-Q1,57.130786895752,2026-03-31,"IMF COFER (IMF.STA COFER 7.0.1, retrieved 2026-07-24)"
